trip_id,stop_id,stop_sequence,pickup_type,drop_off_type,stop_headsign,arrival_time,departure_time,dep_sec,arr_sec
22831462,200410003,0,0,0,,7:48:40,7:48:40,28120.0,28120.0
22831462,200410004,1,0,0,,7:50:00,7:50:00,28200.0,28200.0
22831462,200409007,2,0,0,,7:51:20,7:51:20,28280.0,28280.0
22831462,200402005,3,0,0,,7:52:20,7:52:20,28340.0,28340.0
22831462,200402002,4,0,0,,7:53:30,7:53:30,28410.0,28410.0
22831462,200402006,5,0,0,,7:55:10,7:55:10,28510.0,28510.0
22831462,200402003,6,0,0,,7:56:30,7:56:30,28590.0,28590.0
22831462,200426005,7,0,0,,8:03:30,8:03:30,29010.0,29010.0
22831462,200426008,8,0,0,,8:04:20,8:04:20,29060.0,29060.0
22831462,200426009,9,0,0,,8:05:30,8:05:30,29130.0,29130.0
22831462,200426010,10,0,0,,8:06:30,8:06:30,29190.0,29190.0
22831462,200417030,11,0,0,,8:07:40,8:07:40,29260.0,29260.0
22831462,200417016,12,0,0,,8:09:30,8:09:30,29370.0,29370.0
22831462,200417053,13,0,0,,8:14:00,8:14:00,29640.0,29640.0
22819178,200304013,0,0,0,,7:17:00,7:17:00,26220.0,26220.0
22819178,200304005,1,0,0,,7:18:50,7:18:50,26330.0,26330.0
22819178,200304002,2,0,0,,7:20:00,7:20:00,26400.0,26400.0
22819178,200304004,3,0,0,,7:21:50,7:21:50,26510.0,26510.0
22819178,200404027,4,0,0,,7:24:00,7:24:00,26640.0,26640.0
22819178,200404037,5,0,0,,7:25:10,7:25:10,26710.0,26710.0
22819178,200404026,6,0,0,,7:26:50,7:26:50,26810.0,26810.0
22819178,200404013,7,0,0,,7:28:20,7:28:20,26900.0,26900.0
22819178,200404036,8,0,0,,7:29:20,7:29:20,26960.0,26960.0
22819178,200404017,9,0,0,,7:30:20,7:30:20,27020.0,27020.0
22819178,200405039,10,0,0,,7:31:30,7:31:30,27090.0,27090.0
22819178,200405013,11,0,0,,7:34:30,7:34:30,27270.0,27270.0
22819178,200405020,12,0,0,,7:37:30,7:37:30,27450.0,27450.0
22819178,200405014,13,0,0,,7:40:10,7:40:10,27610.0,27610.0
22819178,200419026,14,0,0,,7:42:20,7:42:20,27740.0,27740.0
22819178,200419037,15,0,0,,7:43:30,7:43:30,27810.0,27810.0
22819178,200419001,16,0,0,,7:44:10,7:44:10,27850.0,27850.0
22819178,200410005,17,0,0,,7:45:40,7:45:40,27940.0,27940.0
22819178,200410003,18,0,0,,7:47:30,7:47:30,28050.0,28050.0
22819178,200421003,19,0,0,,7:48:40,7:48:40,28120.0,28120.0
22819178,200421006,20,0,0,,7:49:40,7:49:40,28180.0,28180.0
22819178,200421004,21,0,0,,7:50:30,7:50:30,28230.0,28230.0
22819178,200425012,22,0,0,,7:51:10,7:51:10,28270.0,28270.0
22819178,200401001,23,0,0,,7:52:40,7:52:40,28360.0,28360.0
22819177,200304013,0,0,0,,8:17:00,8:17:00,29820.0,29820.0
22819177,200304005,1,0,0,,8:18:50,8:18:50,29930.0,29930.0
22819177,200304002,2,0,0,,8:20:00,8:20:00,30000.0,30000.0
22819177,200304004,3,0,0,,8:21:50,8:21:50,30110.0,30110.0
22819177,200404027,4,0,0,,8:24:00,8:24:00,30240.0,30240.0
22819177,200404037,5,0,0,,8:25:10,8:25:10,30310.0,30310.0
22819177,200404026,6,0,0,,8:26:50,8:26:50,30410.0,30410.0
22819177,200404013,7,0,0,,8:28:20,8:28:20,30500.0,30500.0
22819177,200404036,8,0,0,,8:29:20,8:29:20,30560.0,30560.0
22819177,200404017,9,0,0,,8:30:20,8:30:20,30620.0,30620.0
22819177,200405039,10,0,0,,8:31:30,8:31:30,30690.0,30690.0
22819177,200405013,11,0,0,,8:34:30,8:34:30,30870.0,30870.0
22819177,200405020,12,0,0,,8:37:30,8:37:30,31050.0,31050.0
22819177,200405014,13,0,0,,8:40:10,8:40:10,31210.0,31210.0
22819177,200419026,14,0,0,,8:42:20,8:42:20,31340.0,31340.0
22819177,200419037,15,0,0,,8:43:30,8:43:30,31410.0,31410.0
22819177,200419001,16,0,0,,8:44:10,8:44:10,31450.0,31450.0
22819177,200410005,17,0,0,,8:45:40,8:45:40,31540.0,31540.0
22819177,200410003,18,0,0,,8:47:30,8:47:30,31650.0,31650.0
22819177,200421003,19,0,0,,8:48:40,8:48:40,31720.0,31720.0
22819177,200421006,20,0,0,,8:49:40,8:49:40,31780.0,31780.0
22819177,200421004,21,0,0,,8:50:30,8:50:30,31830.0,31830.0
22819177,200425012,22,0,0,,8:51:10,8:51:10,31870.0,31870.0
22819177,200401001,23,0,0,,8:52:40,8:52:40,31960.0,31960.0
22819143,200404017,10,0,0,,7:00:20,7:00:20,25220.0,25220.0
22819143,200405039,11,0,0,,7:01:30,7:01:30,25290.0,25290.0
22819143,200405013,12,0,0,,7:04:30,7:04:30,25470.0,25470.0
22819143,200405020,13,0,0,,7:07:30,7:07:30,25650.0,25650.0
22819143,200405014,14,0,0,,7:10:10,7:10:10,25810.0,25810.0
22819143,200419026,15,0,0,,7:12:20,7:12:20,25940.0,25940.0
22819143,200419037,16,0,0,,7:13:30,7:13:30,26010.0,26010.0
22819143,200419001,17,0,0,,7:14:10,7:14:10,26050.0,26050.0
22819143,200410005,18,0,0,,7:15:40,7:15:40,26140.0,26140.0
22819143,200410003,19,0,0,,7:17:30,7:17:30,26250.0,26250.0
22819143,200421003,20,0,0,,7:18:40,7:18:40,26320.0,26320.0
22819143,200421006,21,0,0,,7:19:40,7:19:40,26380.0,26380.0
22819143,200421004,22,0,0,,7:20:30,7:20:30,26430.0,26430.0
22819143,200425012,23,0,0,,7:21:10,7:21:10,26470.0,26470.0
22819143,200401001,24,0,0,,7:22:40,7:22:40,26560.0,26560.0
22819142,200304013,0,0,0,,7:44:40,7:44:40,27880.0,27880.0
22819142,200304005,1,0,0,,7:46:30,7:46:30,27990.0,27990.0
22819142,200304002,2,0,0,,7:47:40,7:47:40,28060.0,28060.0
22819142,200304004,3,0,0,,7:49:30,7:49:30,28170.0,28170.0
22819142,200304003,4,0,0,,7:50:50,7:50:50,28250.0,28250.0
22819142,200404027,5,0,0,,7:54:00,7:54:00,28440.0,28440.0
22819142,200404037,6,0,0,,7:55:10,7:55:10,28510.0,28510.0
22819142,200404026,7,0,0,,7:56:50,7:56:50,28610.0,28610.0
22819142,200404013,8,0,0,,7:58:20,7:58:20,28700.0,28700.0
22819142,200404036,9,0,0,,7:59:20,7:59:20,28760.0,28760.0
22819142,200404017,10,0,0,,8:00:20,8:00:20,28820.0,28820.0
22819142,200405039,11,0,0,,8:01:30,8:01:30,28890.0,28890.0
22819142,200405013,12,0,0,,8:04:30,8:04:30,29070.0,29070.0
22819142,200405020,13,0,0,,8:07:30,8:07:30,29250.0,29250.0
22819142,200405014,14,0,0,,8:10:10,8:10:10,29410.0,29410.0
22819142,200419026,15,0,0,,8:12:20,8:12:20,29540.0,29540.0
22819142,200419037,16,0,0,,8:13:30,8:13:30,29610.0,29610.0
22819142,200419001,17,0,0,,8:14:10,8:14:10,29650.0,29650.0
22819142,200410005,18,0,0,,8:15:40,8:15:40,29740.0,29740.0
22819142,200410003,19,0,0,,8:17:30,8:17:30,29850.0,29850.0
22819142,200421003,20,0,0,,8:18:40,8:18:40,29920.0,29920.0
22819142,200421006,21,0,0,,8:19:40,8:19:40,29980.0,29980.0
22819142,200421004,22,0,0,,8:20:30,8:20:30,30030.0,30030.0
22819142,200425012,23,0,0,,8:21:10,8:21:10,30070.0,30070.0
22819142,200401001,24,0,0,,8:22:40,8:22:40,30160.0,30160.0
22819141,200304013,0,0,0,,8:44:40,8:44:40,31480.0,31480.0
22819141,200304005,1,0,0,,8:46:30,8:46:30,31590.0,31590.0
22819141,200304002,2,0,0,,8:47:40,8:47:40,31660.0,31660.0
22819141,200304004,3,0,0,,8:49:30,8:49:30,31770.0,31770.0
22819141,200304003,4,0,0,,8:50:50,8:50:50,31850.0,31850.0
22819141,200404027,5,0,0,,8:54:00,8:54:00,32040.0,32040.0
22819141,200404037,6,0,0,,8:55:10,8:55:10,32110.0,32110.0
22819141,200404026,7,0,0,,8:56:50,8:56:50,32210.0,32210.0
22819141,200404013,8,0,0,,8:58:20,8:58:20,32300.0,32300.0
22819141,200404036,9,0,0,,8:59:20,8:59:20,32360.0,32360.0
22819101,200401001,0,0,0,,8:10:30,8:10:30,29430.0,29430.0
22819101,200401001,1,0,0,,8:15:20,8:15:20,29720.0,29720.0
22819101,200425012,2,0,0,,8:17:10,8:17:10,29830.0,29830.0
22819101,200421004,3,0,0,,8:18:00,8:18:00,29880.0,29880.0
22819101,200421006,4,0,0,,8:18:50,8:18:50,29930.0,29930.0
22819101,200421003,5,0,0,,8:20:00,8:20:00,30000.0,30000.0
22819101,200410002,6,0,0,,8:21:00,8:21:00,30060.0,30060.0
22819101,200410005,7,0,0,,8:23:10,8:23:10,30190.0,30190.0
22819101,200419001,8,0,0,,8:24:30,8:24:30,30270.0,30270.0
22819101,200419037,9,0,0,,8:25:20,8:25:20,30320.0,30320.0
22819101,200419026,10,0,0,,8:27:10,8:27:10,30430.0,30430.0
22819101,200405014,11,0,0,,8:28:30,8:28:30,30510.0,30510.0
22819101,200405020,12,0,0,,8:32:00,8:32:00,30720.0,30720.0
22819101,200405013,13,0,0,,8:35:10,8:35:10,30910.0,30910.0
22819101,200405039,14,0,0,,8:38:30,8:38:30,31110.0,31110.0
22819101,200404017,15,0,0,,8:40:00,8:40:00,31200.0,31200.0
22819101,200404036,16,0,0,,8:41:10,8:41:10,31270.0,31270.0
22819101,200404013,17,0,0,,8:42:20,8:42:20,31340.0,31340.0
22819101,200404026,18,0,0,,8:44:10,8:44:10,31450.0,31450.0
22819101,200404037,19,0,0,,8:45:30,8:45:30,31530.0,31530.0
22819101,200404027,20,0,0,,8:46:50,8:46:50,31610.0,31610.0
22819101,200304004,21,0,0,,8:48:50,8:48:50,31730.0,31730.0
22819101,200304002,22,0,0,,8:50:20,8:50:20,31820.0,31820.0
22819101,200304005,23,0,0,,8:51:20,8:51:20,31880.0,31880.0
22819101,200304013,24,0,0,,8:51:50,8:51:50,31910.0,31910.0
22819070,200401001,0,0,0,,7:40:30,7:40:30,27630.0,27630.0
22819070,200401001,1,0,0,,7:45:20,7:45:20,27920.0,27920.0
22819070,200425012,2,0,0,,7:47:10,7:47:10,28030.0,28030.0
22819070,200421004,3,0,0,,7:48:00,7:48:00,28080.0,28080.0
22819070,200421006,4,0,0,,7:48:50,7:48:50,28130.0,28130.0
22819070,200421003,5,0,0,,7:50:00,7:50:00,28200.0,28200.0
22819070,200410002,6,0,0,,7:51:00,7:51:00,28260.0,28260.0
22819070,200410005,7,0,0,,7:53:10,7:53:10,28390.0,28390.0
22819070,200419001,8,0,0,,7:54:30,7:54:30,28470.0,28470.0
22819070,200419037,9,0,0,,7:55:20,7:55:20,28520.0,28520.0
22819070,200419026,10,0,0,,7:57:10,7:57:10,28630.0,28630.0
22819070,200405014,11,0,0,,7:58:30,7:58:30,28710.0,28710.0
22819070,200405020,12,0,0,,8:02:00,8:02:00,28920.0,28920.0
22819070,200405013,13,0,0,,8:05:10,8:05:10,29110.0,29110.0
22819070,200405039,14,0,0,,8:08:30,8:08:30,29310.0,29310.0
22819070,200404017,15,0,0,,8:10:00,8:10:00,29400.0,29400.0
22819070,200404036,16,0,0,,8:11:10,8:11:10,29470.0,29470.0
22819070,200404013,17,0,0,,8:12:20,8:12:20,29540.0,29540.0
22819070,200404026,18,0,0,,8:14:10,8:14:10,29650.0,29650.0
22819070,200404037,19,0,0,,8:15:30,8:15:30,29730.0,29730.0
22819070,200404027,20,0,0,,8:16:50,8:16:50,29810.0,29810.0
22819070,200304003,21,0,0,,8:19:40,8:19:40,29980.0,29980.0
22819070,200304004,22,0,0,,8:21:30,8:21:30,30090.0,30090.0
22819070,200304002,23,0,0,,8:23:00,8:23:00,30180.0,30180.0
22819070,200304005,24,0,0,,8:24:00,8:24:00,30240.0,30240.0
22819070,200304013,25,0,0,,8:24:30,8:24:30,30270.0,30270.0
22819069,200401001,0,0,0,,8:40:30,8:40:30,31230.0,31230.0
22819069,200401001,1,0,0,,8:45:20,8:45:20,31520.0,31520.0
22819069,200425012,2,0,0,,8:47:10,8:47:10,31630.0,31630.0
22819069,200421004,3,0,0,,8:48:00,8:48:00,31680.0,31680.0
22819069,200421006,4,0,0,,8:48:50,8:48:50,31730.0,31730.0
22819069,200421003,5,0,0,,8:50:00,8:50:00,31800.0,31800.0
22819069,200410002,6,0,0,,8:51:00,8:51:00,31860.0,31860.0
22819069,200410005,7,0,0,,8:53:10,8:53:10,31990.0,31990.0
22819069,200419001,8,0,0,,8:54:30,8:54:30,32070.0,32070.0
22819069,200419037,9,0,0,,8:55:20,8:55:20,32120.0,32120.0
22819069,200419026,10,0,0,,8:57:10,8:57:10,32230.0,32230.0
22819069,200405014,11,0,0,,8:58:30,8:58:30,32310.0,32310.0
22819043,200405020,10,0,0,,7:02:00,7:02:00,25320.0,25320.0
22819043,200405013,11,0,0,,7:05:10,7:05:10,25510.0,25510.0
22819043,200405039,12,0,0,,7:08:30,7:08:30,25710.0,25710.0
22819043,200404017,13,0,0,,7:10:00,7:10:00,25800.0,25800.0
22819043,200404036,14,0,0,,7:11:10,7:11:10,25870.0,25870.0
22819043,200404013,15,0,0,,7:12:20,7:12:20,25940.0,25940.0
22819043,200404026,16,0,0,,7:14:10,7:14:10,26050.0,26050.0
22819043,200404037,17,0,0,,7:15:30,7:15:30,26130.0,26130.0
22819043,200404027,18,0,0,,7:16:50,7:16:50,26210.0,26210.0
22819043,200304003,19,0,0,,7:19:40,7:19:40,26380.0,26380.0
22819043,200304004,20,0,0,,7:21:30,7:21:30,26490.0,26490.0
22819043,200304002,21,0,0,,7:23:00,7:23:00,26580.0,26580.0
22819043,200304005,22,0,0,,7:24:00,7:24:00,26640.0,26640.0
22819043,200304013,23,0,0,,7:24:30,7:24:30,26670.0,26670.0
22819042,200425012,0,0,0,,7:17:10,7:17:10,26230.0,26230.0
22819042,200421004,1,0,0,,7:18:00,7:18:00,26280.0,26280.0
22819042,200421006,2,0,0,,7:18:50,7:18:50,26330.0,26330.0
22819042,200421003,3,0,0,,7:20:00,7:20:00,26400.0,26400.0
22819042,200410002,4,0,0,,7:21:00,7:21:00,26460.0,26460.0
22819042,200410005,5,0,0,,7:23:10,7:23:10,26590.0,26590.0
22819042,200419001,6,0,0,,7:24:30,7:24:30,26670.0,26670.0
22819042,200419037,7,0,0,,7:25:20,7:25:20,26720.0,26720.0
22819042,200419026,8,0,0,,7:27:10,7:27:10,26830.0,26830.0
22819042,200405014,9,0,0,,7:28:30,7:28:30,26910.0,26910.0
22819042,200405020,10,0,0,,7:32:00,7:32:00,27120.0,27120.0
22819042,200405013,11,0,0,,7:35:10,7:35:10,27310.0,27310.0
22819042,200405039,12,0,0,,7:38:30,7:38:30,27510.0,27510.0
22819042,200404017,13,0,0,,7:40:00,7:40:00,27600.0,27600.0
22819042,200404036,14,0,0,,7:41:10,7:41:10,27670.0,27670.0
22819042,200404013,15,0,0,,7:42:20,7:42:20,27740.0,27740.0
22819042,200404026,16,0,0,,7:44:10,7:44:10,27850.0,27850.0
22819042,200404037,17,0,0,,7:45:30,7:45:30,27930.0,27930.0
22819042,200404027,18,0,0,,7:46:50,7:46:50,28010.0,28010.0
22819042,200304004,19,0,0,,7:48:50,7:48:50,28130.0,28130.0
22819042,200304002,20,0,0,,7:50:20,7:50:20,28220.0,28220.0
22819042,200304005,21,0,0,,7:51:20,7:51:20,28280.0,28280.0
22819042,200304013,22,0,0,,7:51:50,7:51:50,28310.0,28310.0
22835134,200404027,0,0,0,,7:32:30,7:32:30,27150.0,27150.0
22835134,200404037,1,0,0,,7:33:30,7:33:30,27210.0,27210.0
22835134,200404026,2,0,0,,7:35:20,7:35:20,27320.0,27320.0
22835134,200404013,3,0,0,,7:36:50,7:36:50,27410.0,27410.0
22835134,200404036,4,0,0,,7:37:50,7:37:50,27470.0,27470.0
22835134,200404017,5,0,0,,7:38:50,7:38:50,27530.0,27530.0
22835134,200405014,6,0,0,,7:47:00,7:47:00,28020.0,28020.0
22835095,200412026,0,0,0,,7:17:50,7:17:50,26270.0,26270.0
22835095,200412008,1,0,0,,7:18:50,7:18:50,26330.0,26330.0
22835095,200412013,2,0,0,,7:19:50,7:19:50,26390.0,26390.0
22835095,200412011,3,0,0,,7:21:00,7:21:00,26460.0,26460.0
22835095,200412001,4,0,0,,7:21:30,7:21:30,26490.0,26490.0
22835095,200412003,5,0,0,,7:22:20,7:22:20,26540.0,26540.0
22835095,200412005,6,0,0,,7:23:20,7:23:20,26600.0,26600.0
22835095,200412016,7,0,0,,7:24:50,7:24:50,26690.0,26690.0
22835095,200412020,8,0,0,,7:26:30,7:26:30,26790.0,26790.0
22835095,200412007,9,0,0,,7:27:30,7:27:30,26850.0,26850.0
22835095,200405003,10,0,0,,7:28:40,7:28:40,26920.0,26920.0
22835095,200405036,11,0,0,,7:32:00,7:32:00,27120.0,27120.0
22835095,200405001,12,0,0,,7:34:50,7:34:50,27290.0,27290.0
22835095,200405014,13,0,0,,7:40:30,7:40:30,27630.0,27630.0
22835095,200419026,14,0,0,,7:44:40,7:44:40,27880.0,27880.0
22835095,200419025,15,0,0,,7:47:10,7:47:10,28030.0,28030.0
22835095,200419002,16,0,0,,7:48:30,7:48:30,28110.0,28110.0
22835095,200419021,17,0,0,,7:52:10,7:52:10,28330.0,28330.0
22835096,200412026,0,0,0,,7:02:50,7:02:50,25370.0,25370.0
22835096,200412008,1,0,0,,7:03:50,7:03:50,25430.0,25430.0
22835096,200412013,2,0,0,,7:04:50,7:04:50,25490.0,25490.0
22835096,200412011,3,0,0,,7:06:00,7:06:00,25560.0,25560.0
22835096,200412001,4,0,0,,7:06:30,7:06:30,25590.0,25590.0
22835096,200412003,5,0,0,,7:07:20,7:07:20,25640.0,25640.0
22835096,200412005,6,0,0,,7:08:20,7:08:20,25700.0,25700.0
22835096,200412016,7,0,0,,7:09:50,7:09:50,25790.0,25790.0
22835096,200412020,8,0,0,,7:11:30,7:11:30,25890.0,25890.0
22835096,200412007,9,0,0,,7:12:30,7:12:30,25950.0,25950.0
22835096,200405003,10,0,0,,7:13:40,7:13:40,26020.0,26020.0
22835096,200405036,11,0,0,,7:17:00,7:17:00,26220.0,26220.0
22835096,200405001,12,0,0,,7:19:50,7:19:50,26390.0,26390.0
22835096,200405014,13,0,0,,7:25:30,7:25:30,26730.0,26730.0
22835096,200419026,14,0,0,,7:29:40,7:29:40,26980.0,26980.0
22835115,200102004,0,0,0,,7:17:00,7:17:00,26220.0,26220.0
22835115,200420010,1,0,0,,7:18:50,7:18:50,26330.0,26330.0
22835115,200420013,2,0,0,,7:19:40,7:19:40,26380.0,26380.0
22835115,200420014,3,0,0,,7:20:40,7:20:40,26440.0,26440.0
22835115,200420008,4,0,0,,7:22:20,7:22:20,26540.0,26540.0
22835115,200420011,5,0,0,,7:23:30,7:23:30,26610.0,26610.0
22835115,200403013,6,0,0,,7:24:50,7:24:50,26690.0,26690.0
22835115,200420012,7,0,0,,7:25:50,7:25:50,26750.0,26750.0
22835115,200403004,8,0,0,,7:27:20,7:27:20,26840.0,26840.0
22835115,200403008,9,0,0,,7:28:00,7:28:00,26880.0,26880.0
22835115,200403015,10,0,0,,7:29:50,7:29:50,26990.0,26990.0
22835115,200405049,11,0,0,,7:33:20,7:33:20,27200.0,27200.0
22835115,200405014,12,0,0,,7:35:20,7:35:20,27320.0,27320.0
22835115,200419026,13,0,0,,7:39:30,7:39:30,27570.0,27570.0
22835115,200419025,14,0,0,,7:42:00,7:42:00,27720.0,27720.0
22835115,200419002,15,0,0,,7:43:20,7:43:20,27800.0,27800.0
22835115,200419021,16,0,0,,7:47:00,7:47:00,28020.0,28020.0
22835057,200407010,0,0,0,,7:25:20,7:25:20,26720.0,26720.0
22835057,200407001,1,0,0,,7:26:10,7:26:10,26770.0,26770.0
22835057,200407006,2,0,0,,7:27:30,7:27:30,26850.0,26850.0
22835057,200407008,3,0,0,,7:28:40,7:28:40,26920.0,26920.0
22835057,200407007,4,0,0,,7:29:20,7:29:20,26960.0,26960.0
22835057,200407003,5,0,0,,7:30:40,7:30:40,27040.0,27040.0
22835057,200407004,6,0,0,,7:32:10,7:32:10,27130.0,27130.0
22835057,200415002,7,0,0,,7:33:50,7:33:50,27230.0,27230.0
22835057,200415006,8,0,0,,7:35:00,7:35:00,27300.0,27300.0
22835057,200415003,9,0,0,,7:36:20,7:36:20,27380.0,27380.0
22835057,200405036,10,0,0,,7:39:50,7:39:50,27590.0,27590.0
22835057,200405001,11,0,0,,7:42:40,7:42:40,27760.0,27760.0
22835057,200405014,12,0,0,,7:48:20,7:48:20,28100.0,28100.0
22835057,200419026,13,0,0,,7:52:30,7:52:30,28350.0,28350.0
22835057,200419025,14,0,0,,7:55:00,7:55:00,28500.0,28500.0
22835057,200419002,15,0,0,,7:56:20,7:56:20,28580.0,28580.0
22835057,200419021,16,0,0,,8:00:00,8:00:00,28800.0,28800.0
22835058,200407003,5,0,0,,7:00:40,7:00:40,25240.0,25240.0
22835058,200407004,6,0,0,,7:02:10,7:02:10,25330.0,25330.0
22835058,200415002,7,0,0,,7:03:50,7:03:50,25430.0,25430.0
22835058,200415006,8,0,0,,7:05:00,7:05:00,25500.0,25500.0
22835058,200415003,9,0,0,,7:06:20,7:06:20,25580.0,25580.0
22835058,200405036,10,0,0,,7:09:50,7:09:50,25790.0,25790.0
22835058,200405001,11,0,0,,7:12:40,7:12:40,25960.0,25960.0
22835058,200405014,12,0,0,,7:18:20,7:18:20,26300.0,26300.0
22835058,200419026,13,0,0,,7:22:30,7:22:30,26550.0,26550.0
22835020,200424001,0,0,0,,7:02:20,7:02:20,25340.0,25340.0
22835020,200406024,1,0,0,,7:05:10,7:05:10,25510.0,25510.0
22835020,200414010,2,0,0,,7:06:10,7:06:10,25570.0,25570.0
22835020,200406015,3,0,0,,7:06:50,7:06:50,25610.0,25610.0
22835020,200406013,4,0,0,,7:07:40,7:07:40,25660.0,25660.0
22835020,200406007,5,0,0,,7:09:00,7:09:00,25740.0,25740.0
22835020,200406017,6,0,0,,7:10:00,7:10:00,25800.0,25800.0
22835020,200406012,7,0,0,,7:10:50,7:10:50,25850.0,25850.0
22835020,200406010,8,0,0,,7:11:40,7:11:40,25900.0,25900.0
22835020,200406002,9,0,0,,7:12:40,7:12:40,25960.0,25960.0
22835020,200406005,10,0,0,,7:13:20,7:13:20,26000.0,26000.0
22835020,200406008,11,0,0,,7:14:10,7:14:10,26050.0,26050.0
22835020,200406018,12,0,0,,7:15:20,7:15:20,26120.0,26120.0
22835020,200406004,13,0,0,,7:16:10,7:16:10,26170.0,26170.0
22835020,200406014,14,0,0,,7:17:20,7:17:20,26240.0,26240.0
22835020,200406003,15,0,0,,7:18:10,7:18:10,26290.0,26290.0
22835020,200406019,16,0,0,,7:19:20,7:19:20,26360.0,26360.0
22835020,200419026,17,0,0,,7:40:30,7:40:30,27630.0,27630.0
22835020,200419025,18,0,0,,7:43:00,7:43:00,27780.0,27780.0
22835020,200419002,19,0,0,,7:44:20,7:44:20,27860.0,27860.0
22835020,200419021,20,0,0,,7:48:00,7:48:00,28080.0,28080.0
22834982,200404014,0,0,0,,7:12:10,7:12:10,25930.0,25930.0
22834982,200404023,1,0,0,,7:12:40,7:12:40,25960.0,25960.0
22834982,200414005,2,0,0,,7:13:50,7:13:50,26030.0,26030.0
22834982,200414002,3,0,0,,7:14:20,7:14:20,26060.0,26060.0
22834982,200414001,4,0,0,,7:14:50,7:14:50,26090.0,26090.0
22834982,200414008,5,0,0,,7:16:10,7:16:10,26170.0,26170.0
22834982,200414004,6,0,0,,7:17:10,7:17:10,26230.0,26230.0
22834982,200414007,7,0,0,,7:18:10,7:18:10,26290.0,26290.0
22834982,200414003,8,0,0,,7:18:40,7:18:40,26320.0,26320.0
22834982,200422007,9,0,0,,7:22:50,7:22:50,26570.0,26570.0
22834982,200422003,10,0,0,,7:24:20,7:24:20,26660.0,26660.0
22834982,200422011,11,0,0,,7:25:20,7:25:20,26720.0,26720.0
22834982,200422008,12,0,0,,7:26:30,7:26:30,26790.0,26790.0
22834982,200422001,13,0,0,,7:27:20,7:27:20,26840.0,26840.0
22834982,200422009,14,0,0,,7:28:10,7:28:10,26890.0,26890.0
22834982,200408002,15,0,0,,7:29:20,7:29:20,26960.0,26960.0
22834982,200422005,16,0,0,,7:30:20,7:30:20,27020.0,27020.0
22834982,200408003,17,0,0,,7:31:40,7:31:40,27100.0,27100.0
22834982,200408001,18,0,0,,7:33:20,7:33:20,27200.0,27200.0
22834982,200408005,19,0,0,,7:34:20,7:34:20,27260.0,27260.0
22834982,200423004,20,0,0,,7:35:10,7:35:10,27310.0,27310.0
22834982,200405005,21,0,0,,7:36:50,7:36:50,27410.0,27410.0
22834982,200405014,22,0,0,,7:38:50,7:38:50,27530.0,27530.0
22834982,200419026,23,0,0,,7:43:00,7:43:00,27780.0,27780.0
22831585,200419019,0,0,0,,7:49:20,7:49:20,28160.0,28160.0
22831585,200419014,1,0,0,,7:50:00,7:50:00,28200.0,28200.0
22831585,200419020,2,0,0,,7:51:30,7:51:30,28290.0,28290.0
22831585,200419034,3,0,0,,7:54:10,7:54:10,28450.0,28450.0
22831585,200419002,4,0,0,,7:55:00,7:55:00,28500.0,28500.0
22831585,200419025,5,0,0,,7:58:10,7:58:10,28690.0,28690.0
22831585,200419026,6,0,0,,8:02:00,8:02:00,28920.0,28920.0
22831585,200417053,7,0,0,,8:12:10,8:12:10,29530.0,29530.0
22831544,200420009,0,0,0,,7:40:30,7:40:30,27630.0,27630.0
22831544,200420015,1,0,0,,7:42:00,7:42:00,27720.0,27720.0
22831544,200420014,2,0,0,,7:44:00,7:44:00,27840.0,27840.0
22831544,200420008,3,0,0,,7:46:00,7:46:00,27960.0,27960.0
22831544,200420011,4,0,0,,7:47:20,7:47:20,28040.0,28040.0
22831544,200403013,5,0,0,,7:49:10,7:49:10,28150.0,28150.0
22831544,200420012,6,0,0,,7:50:50,7:50:50,28250.0,28250.0
22831544,200403004,7,0,0,,7:52:40,7:52:40,28360.0,28360.0
22831544,200403008,8,0,0,,7:53:30,7:53:30,28410.0,28410.0
22831544,200403015,9,0,0,,7:55:50,7:55:50,28550.0,28550.0
22831544,200405049,10,0,0,,8:00:10,8:00:10,28810.0,28810.0
22831544,200405014,11,0,0,,8:02:10,8:02:10,28930.0,28930.0
22831544,200417053,12,0,0,,8:12:00,8:12:00,29520.0,29520.0
22831503,200408001,0,0,0,,7:36:00,7:36:00,27360.0,27360.0
22831503,200408008,1,0,0,,7:36:40,7:36:40,27400.0,27400.0
22831503,200408006,2,0,0,,7:37:20,7:37:20,27440.0,27440.0
22831503,200406006,3,0,0,,7:38:00,7:38:00,27480.0,27480.0
22831503,200406011,4,0,0,,7:38:20,7:38:20,27500.0,27500.0
22831503,200406007,5,0,0,,7:39:20,7:39:20,27560.0,27560.0
22831503,200406017,6,0,0,,7:40:30,7:40:30,27630.0,27630.0
22831503,200406012,7,0,0,,7:41:40,7:41:40,27700.0,27700.0
22831503,200406010,8,0,0,,7:42:40,7:42:40,27760.0,27760.0
22831503,200406002,9,0,0,,7:43:40,7:43:40,27820.0,27820.0
22831503,200406005,10,0,0,,7:44:40,7:44:40,27880.0,27880.0
22831503,200406008,11,0,0,,7:45:40,7:45:40,27940.0,27940.0
22831503,200406018,12,0,0,,7:46:50,7:46:50,28010.0,28010.0
22831503,200406004,13,0,0,,7:47:30,7:47:30,28050.0,28050.0
22831503,200406014,14,0,0,,7:48:50,7:48:50,28130.0,28130.0
22831503,200406003,15,0,0,,7:49:30,7:49:30,28170.0,28170.0
22831503,200406019,16,0,0,,7:50:30,7:50:30,28230.0,28230.0
22831503,200422007,17,0,0,,7:52:00,7:52:00,28320.0,28320.0
22831503,200422003,18,0,0,,7:53:20,7:53:20,28400.0,28400.0
22831503,200422011,19,0,0,,7:54:10,7:54:10,28450.0,28450.0
22831503,200422010,20,0,0,,7:55:20,7:55:20,28520.0,28520.0
22831503,200422004,21,0,0,,7:55:50,7:55:50,28550.0,28550.0
22831503,200417032,22,0,0,,7:56:50,7:56:50,28610.0,28610.0
22831503,200417015,23,0,0,,7:58:20,7:58:20,28700.0,28700.0
22831503,200426002,24,0,0,,7:59:30,7:59:30,28770.0,28770.0
22831503,200417020,25,0,0,,8:00:40,8:00:40,28840.0,28840.0
22831503,200417026,26,0,0,,8:02:20,8:02:20,28940.0,28940.0
22831503,200417024,27,0,0,,8:04:20,8:04:20,29060.0,29060.0
22831503,200426003,28,0,0,,8:05:00,8:05:00,29100.0,29100.0
22831503,200426001,29,0,0,,8:06:20,8:06:20,29180.0,29180.0
22831503,200417053,30,0,0,,8:12:00,8:12:00,29520.0,29520.0
22831421,200409003,0,0,0,,7:51:30,7:51:30,28290.0,28290.0
22831421,200409011,1,0,0,,7:53:10,7:53:10,28390.0,28390.0
22831421,200409009,2,0,0,,7:54:40,7:54:40,28480.0,28480.0
22831421,200409010,3,0,0,,7:55:30,7:55:30,28530.0,28530.0
22831421,200409009,4,0,0,,7:57:30,7:57:30,28650.0,28650.0
22831421,200409011,5,0,0,,7:58:20,7:58:20,28700.0,28700.0
22831421,200426004,6,0,0,,8:00:10,8:00:10,28810.0,28810.0
22831421,200426011,7,0,0,,8:01:30,8:01:30,28890.0,28890.0
22831421,200426006,8,0,0,,8:02:40,8:02:40,28960.0,28960.0
22831421,200426005,9,0,0,,8:03:30,8:03:30,29010.0,29010.0
22831421,200426008,10,0,0,,8:04:20,8:04:20,29060.0,29060.0
22831421,200426009,11,0,0,,8:05:30,8:05:30,29130.0,29130.0
22831421,200426010,12,0,0,,8:06:30,8:06:30,29190.0,29190.0
22831421,200417030,13,0,0,,8:07:40,8:07:40,29260.0,29260.0
22831421,200417016,14,0,0,,8:09:30,8:09:30,29370.0,29370.0
22831421,200417053,15,0,0,,8:14:00,8:14:00,29640.0,29640.0
22828709,200405045,0,0,0,,7:28:00,7:28:00,26880.0,26880.0
22828709,200403022,1,0,0,,7:29:20,7:29:20,26960.0,26960.0
22828709,200403002,2,0,0,,7:30:40,7:30:40,27040.0,27040.0
22828709,200403001,3,0,0,,7:31:50,7:31:50,27110.0,27110.0
22828709,200403010,4,0,0,,7:33:00,7:33:00,27180.0,27180.0
22828709,200403014,5,0,0,,7:34:40,7:34:40,27280.0,27280.0
22828709,200420001,6,0,0,,7:37:30,7:37:30,27450.0,27450.0
22828709,200420006,7,0,0,,7:39:30,7:39:30,27570.0,27570.0
22828710,200409003,0,0,0,,7:05:30,7:05:30,25530.0,25530.0
22828710,200409011,1,0,0,,7:06:40,7:06:40,25600.0,25600.0
22828710,200409009,2,0,0,,7:07:50,7:07:50,25670.0,25670.0
22828710,200409010,3,0,0,,7:08:30,7:08:30,25710.0,25710.0
22828710,200409009,4,0,0,,7:10:10,7:10:10,25810.0,25810.0
22828710,200409011,5,0,0,,7:10:50,7:10:50,25850.0,25850.0
22828710,200426004,6,0,0,,7:12:20,7:12:20,25940.0,25940.0
22828710,200426011,7,0,0,,7:14:10,7:14:10,26050.0,26050.0
22828710,200426006,8,0,0,,7:15:40,7:15:40,26140.0,26140.0
22828710,200426007,9,0,0,,7:16:50,7:16:50,26210.0,26210.0
22828710,200410003,10,0,0,,7:19:10,7:19:10,26350.0,26350.0
22828710,200410005,11,0,0,,7:20:30,7:20:30,26430.0,26430.0
22828710,200419001,12,0,0,,7:22:00,7:22:00,26520.0,26520.0
22828710,200419037,13,0,0,,7:23:10,7:23:10,26590.0,26590.0
22828710,200419026,14,0,0,,7:25:10,7:25:10,26710.0,26710.0
22828710,200405045,15,0,0,,7:28:50,7:28:50,26930.0,26930.0
22828710,200403022,16,0,0,,7:30:10,7:30:10,27010.0,27010.0
22828710,200403002,17,0,0,,7:31:30,7:31:30,27090.0,27090.0
22828710,200403001,18,0,0,,7:32:40,7:32:40,27160.0,27160.0
22828710,200403010,19,0,0,,7:33:50,7:33:50,27230.0,27230.0
22828710,200403014,20,0,0,,7:35:30,7:35:30,27330.0,27330.0
22828710,200420001,21,0,0,,7:38:20,7:38:20,27500.0,27500.0
22828710,200420006,22,0,0,,7:40:20,7:40:20,27620.0,27620.0
22828642,200407011,0,0,0,,7:18:40,7:18:40,26320.0,26320.0
22828642,200407009,1,0,0,,7:19:40,7:19:40,26380.0,26380.0
22828642,200407012,2,0,0,,7:21:00,7:21:00,26460.0,26460.0
22828642,200407002,3,0,0,,7:22:30,7:22:30,26550.0,26550.0
22828642,200407010,4,0,0,,7:23:30,7:23:30,26610.0,26610.0
22828642,200407001,5,0,0,,7:24:50,7:24:50,26690.0,26690.0
22828642,200407006,6,0,0,,7:26:10,7:26:10,26770.0,26770.0
22828642,200407008,7,0,0,,7:27:20,7:27:20,26840.0,26840.0
22828642,200407007,8,0,0,,7:28:00,7:28:00,26880.0,26880.0
22828642,200407003,9,0,0,,7:29:20,7:29:20,26960.0,26960.0
22828642,200407004,10,0,0,,7:30:50,7:30:50,27050.0,27050.0
22828642,200415002,11,0,0,,7:32:30,7:32:30,27150.0,27150.0
22828642,200420006,12,0,0,,7:36:40,7:36:40,27400.0,27400.0
22828585,200404017,0,0,0,,7:12:00,7:12:00,25920.0,25920.0
22828585,200404036,1,0,0,,7:13:00,7:13:00,25980.0,25980.0
22828585,200404013,2,0,0,,7:14:10,7:14:10,26050.0,26050.0
22828585,200404026,3,0,0,,7:15:50,7:15:50,26150.0,26150.0
22828585,200404035,4,0,0,,7:17:20,7:17:20,26240.0,26240.0
22828585,200404038,5,0,0,,7:18:20,7:18:20,26300.0,26300.0
22828585,200404019,6,0,0,,7:19:10,7:19:10,26350.0,26350.0
22828585,200404003,7,0,0,,7:20:10,7:20:10,26410.0,26410.0
22828585,200404018,8,0,0,,7:21:30,7:21:30,26490.0,26490.0
22828585,200404022,9,0,0,,7:22:20,7:22:20,26540.0,26540.0
22828585,200404029,10,0,0,,7:23:20,7:23:20,26600.0,26600.0
22828585,200404021,11,0,0,,7:24:00,7:24:00,26640.0,26640.0
22828585,200404033,12,0,0,,7:25:00,7:25:00,26700.0,26700.0
22828585,200404007,13,0,0,,7:25:50,7:25:50,26750.0,26750.0
22828585,200404037,14,0,0,,7:27:20,7:27:20,26840.0,26840.0
22828585,200404027,15,0,0,,7:28:50,7:28:50,26930.0,26930.0
22828585,200415003,16,0,0,,7:37:40,7:37:40,27460.0,27460.0
22828585,200420006,17,0,0,,7:44:10,7:44:10,27850.0,27850.0
22828528,200406019,0,0,0,,7:12:00,7:12:00,25920.0,25920.0
22828528,200406003,1,0,0,,7:13:30,7:13:30,26010.0,26010.0
22828528,200406014,2,0,0,,7:14:30,7:14:30,26070.0,26070.0
22828528,200406004,3,0,0,,7:16:00,7:16:00,26160.0,26160.0
22828528,200406018,4,0,0,,7:17:00,7:17:00,26220.0,26220.0
22828528,200406016,5,0,0,,7:18:00,7:18:00,26280.0,26280.0
22828528,200406008,6,0,0,,7:18:50,7:18:50,26330.0,26330.0
22828528,200406005,7,0,0,,7:19:40,7:19:40,26380.0,26380.0
22828528,200406002,8,0,0,,7:20:40,7:20:40,26440.0,26440.0
22828528,200406010,9,0,0,,7:21:50,7:21:50,26510.0,26510.0
22828528,200406012,10,0,0,,7:22:40,7:22:40,26560.0,26560.0
22828528,200406017,11,0,0,,7:23:50,7:23:50,26630.0,26630.0
22828528,200406007,12,0,0,,7:25:10,7:25:10,26710.0,26710.0
22828528,200406013,13,0,0,,7:26:00,7:26:00,26760.0,26760.0
22828528,200406015,14,0,0,,7:27:00,7:27:00,26820.0,26820.0
22828528,200414010,15,0,0,,7:27:50,7:27:50,26870.0,26870.0
22828528,200406024,16,0,0,,7:28:50,7:28:50,26930.0,26930.0
22828528,200424001,17,0,0,,7:31:30,7:31:30,27090.0,27090.0
22828528,200404030,18,0,0,,7:33:30,7:33:30,27210.0,27210.0
22828528,200420006,19,0,0,,7:46:00,7:46:00,27960.0,27960.0
22828471,200417016,0,0,0,,7:06:00,7:06:00,25560.0,25560.0
22828471,200417005,1,0,0,,7:07:10,7:07:10,25630.0,25630.0
22828471,200417019,2,0,0,,7:08:40,7:08:40,25720.0,25720.0
22828471,200417039,3,0,0,,7:10:10,7:10:10,25810.0,25810.0
22828471,200417060,4,0,0,,7:11:20,7:11:20,25880.0,25880.0
22828471,200417022,5,0,0,,7:12:30,7:12:30,25950.0,25950.0
22828471,200417025,6,0,0,,7:13:00,7:13:00,25980.0,25980.0
22828471,200417033,7,0,0,,7:14:30,7:14:30,26070.0,26070.0
22828471,200417012,8,0,0,,7:15:30,7:15:30,26130.0,26130.0
22828471,200417004,9,0,0,,7:16:10,7:16:10,26170.0,26170.0
22828471,200426002,10,0,0,,7:17:50,7:17:50,26270.0,26270.0
22828471,200417020,11,0,0,,7:19:00,7:19:00,26340.0,26340.0
22828471,200417026,12,0,0,,7:20:20,7:20:20,26420.0,26420.0
22828471,200417024,13,0,0,,7:21:20,7:21:20,26480.0,26480.0
22828471,200426003,14,0,0,,7:21:40,7:21:40,26500.0,26500.0
22828471,200426001,15,0,0,,7:22:40,7:22:40,26560.0,26560.0
22828471,200419026,16,0,0,,7:31:10,7:31:10,27070.0,27070.0
22828471,200419036,17,0,0,,7:34:00,7:34:00,27240.0,27240.0
22828471,200405045,18,0,0,,7:36:30,7:36:30,27390.0,27390.0
22828471,200403006,19,0,0,,7:37:50,7:37:50,27470.0,27470.0
22828471,200403007,20,0,0,,7:38:30,7:38:30,27510.0,27510.0
22828471,200420012,21,0,0,,7:38:50,7:38:50,27530.0,27530.0
22828471,200420001,22,0,0,,7:42:30,7:42:30,27750.0,27750.0
22828471,200420006,23,0,0,,7:44:30,7:44:30,27870.0,27870.0
22828422,200402007,0,0,0,,7:11:00,7:11:00,25860.0,25860.0
22828422,200402001,1,0,0,,7:12:20,7:12:20,25940.0,25940.0
22828422,200402006,2,0,0,,7:13:10,7:13:10,25990.0,25990.0
22828422,200402002,3,0,0,,7:14:20,7:14:20,26060.0,26060.0
22828422,200402005,4,0,0,,7:15:30,7:15:30,26130.0,26130.0
22828422,200409007,5,0,0,,7:16:30,7:16:30,26190.0,26190.0
22828422,200410004,6,0,0,,7:17:40,7:17:40,26260.0,26260.0
22828422,200410003,7,0,0,,7:19:50,7:19:50,26390.0,26390.0
22828422,200410005,8,0,0,,7:21:10,7:21:10,26470.0,26470.0
22828422,200419001,9,0,0,,7:22:40,7:22:40,26560.0,26560.0
22828422,200419037,10,0,0,,7:23:50,7:23:50,26630.0,26630.0
22828422,200419018,11,0,0,,7:26:00,7:26:00,26760.0,26760.0
22828422,200419011,12,0,0,,7:27:10,7:27:10,26830.0,26830.0
22828422,200419035,13,0,0,,7:27:30,7:27:30,26850.0,26850.0
22828422,200419034,14,0,0,,7:28:50,7:28:50,26930.0,26930.0
22828422,200419008,15,0,0,,7:30:00,7:30:00,27000.0,27000.0
22828422,200419020,16,0,0,,7:31:00,7:31:00,27060.0,27060.0
22828422,200419014,17,0,0,,7:32:30,7:32:30,27150.0,27150.0
22828422,200419019,18,0,0,,7:33:20,7:33:20,27200.0,27200.0
22828422,200419036,19,0,0,,7:35:20,7:35:20,27320.0,27320.0
22828422,200405045,20,0,0,,7:37:50,7:37:50,27470.0,27470.0
22828422,200403022,21,0,0,,7:39:10,7:39:10,27550.0,27550.0
22828422,200403002,22,0,0,,7:40:30,7:40:30,27630.0,27630.0
22828422,200403001,23,0,0,,7:41:40,7:41:40,27700.0,27700.0
22828422,200403010,24,0,0,,7:42:50,7:42:50,27770.0,27770.0
22828422,200403014,25,0,0,,7:44:30,7:44:30,27870.0,27870.0
22828422,200420001,26,0,0,,7:47:20,7:47:20,28040.0,28040.0
22828422,200420006,27,0,0,,7:49:20,7:49:20,28160.0,28160.0
22817646,200419013,14,0,0,,7:00:00,7:00:00,25200.0,25200.0
22817646,200410005,15,0,0,,7:00:40,7:00:40,25240.0,25240.0
22817646,200410003,16,0,0,,7:02:10,7:02:10,25330.0,25330.0
22817646,200409005,17,0,0,,7:03:40,7:03:40,25420.0,25420.0
22817646,200409008,18,0,0,,7:05:40,7:05:40,25540.0,25540.0
22817646,200409011,19,0,0,,7:07:50,7:07:50,25670.0,25670.0
22817646,200409009,20,0,0,,7:08:40,7:08:40,25720.0,25720.0
22817646,200409010,21,0,0,,7:09:10,7:09:10,25750.0,25750.0
22817645,200404041,0,0,0,,7:09:10,7:09:10,25750.0,25750.0
22817645,200417018,1,0,0,,7:10:20,7:10:20,25820.0,25820.0
22817645,200417030,2,0,0,,7:11:40,7:11:40,25900.0,25900.0
22817645,200417001,3,0,0,,7:12:40,7:12:40,25960.0,25960.0
22817645,200417018,4,0,0,,7:14:10,7:14:10,26050.0,26050.0
22817645,200417037,5,0,0,,7:15:20,7:15:20,26120.0,26120.0
22817645,200417038,6,0,0,,7:16:10,7:16:10,26170.0,26170.0
22817645,200417005,7,0,0,,7:17:40,7:17:40,26260.0,26260.0
22817645,200417021,8,0,0,,7:19:20,7:19:20,26360.0,26360.0
22817645,200417049,9,0,0,,7:20:10,7:20:10,26410.0,26410.0
22817645,200417061,10,0,0,,7:20:50,7:20:50,26450.0,26450.0
22817645,200417047,11,0,0,,7:23:10,7:23:10,26590.0,26590.0
22817645,200405014,12,0,0,,7:25:40,7:25:40,26740.0,26740.0
22817645,200405005,13,0,0,,7:28:00,7:28:00,26880.0,26880.0
22817645,200419013,14,0,0,,7:30:00,7:30:00,27000.0,27000.0
22817645,200410005,15,0,0,,7:30:40,7:30:40,27040.0,27040.0
22817645,200410003,16,0,0,,7:32:10,7:32:10,27130.0,27130.0
22817645,200409005,17,0,0,,7:33:40,7:33:40,27220.0,27220.0
22817645,200409008,18,0,0,,7:35:40,7:35:40,27340.0,27340.0
22817645,200409011,19,0,0,,7:37:50,7:37:50,27470.0,27470.0
22817645,200409009,20,0,0,,7:38:40,7:38:40,27520.0,27520.0
22817645,200409010,21,0,0,,7:39:10,7:39:10,27550.0,27550.0
22817644,200404041,0,0,0,,7:39:10,7:39:10,27550.0,27550.0
22817644,200417018,1,0,0,,7:40:20,7:40:20,27620.0,27620.0
22817644,200417030,2,0,0,,7:41:40,7:41:40,27700.0,27700.0
22817644,200417001,3,0,0,,7:42:40,7:42:40,27760.0,27760.0
22817644,200417018,4,0,0,,7:44:10,7:44:10,27850.0,27850.0
22817644,200417037,5,0,0,,7:45:20,7:45:20,27920.0,27920.0
22817644,200417038,6,0,0,,7:46:10,7:46:10,27970.0,27970.0
22817644,200417005,7,0,0,,7:47:40,7:47:40,28060.0,28060.0
22817644,200417021,8,0,0,,7:49:20,7:49:20,28160.0,28160.0
22817644,200417049,9,0,0,,7:50:10,7:50:10,28210.0,28210.0
22817644,200417061,10,0,0,,7:50:50,7:50:50,28250.0,28250.0
22817644,200417047,11,0,0,,7:53:10,7:53:10,28390.0,28390.0
22817644,200405014,12,0,0,,7:55:40,7:55:40,28540.0,28540.0
22817644,200405005,13,0,0,,7:58:00,7:58:00,28680.0,28680.0
22817644,200419013,14,0,0,,8:00:00,8:00:00,28800.0,28800.0
22817644,200410005,15,0,0,,8:00:40,8:00:40,28840.0,28840.0
22817644,200410003,16,0,0,,8:02:10,8:02:10,28930.0,28930.0
22817644,200409005,17,0,0,,8:03:40,8:03:40,29020.0,29020.0
22817644,200409008,18,0,0,,8:05:40,8:05:40,29140.0,29140.0
22817644,200409011,19,0,0,,8:07:50,8:07:50,29270.0,29270.0
22817644,200409009,20,0,0,,8:08:40,8:08:40,29320.0,29320.0
22817644,200409010,21,0,0,,8:09:10,8:09:10,29350.0,29350.0
22817643,200404041,0,0,0,,8:09:10,8:09:10,29350.0,29350.0
22817643,200417018,1,0,0,,8:10:20,8:10:20,29420.0,29420.0
22817643,200417030,2,0,0,,8:11:40,8:11:40,29500.0,29500.0
22817643,200417001,3,0,0,,8:12:40,8:12:40,29560.0,29560.0
22817643,200417018,4,0,0,,8:14:10,8:14:10,29650.0,29650.0
22817643,200417037,5,0,0,,8:15:20,8:15:20,29720.0,29720.0
22817643,200417038,6,0,0,,8:16:10,8:16:10,29770.0,29770.0
22817643,200417005,7,0,0,,8:17:40,8:17:40,29860.0,29860.0
22817643,200417021,8,0,0,,8:19:20,8:19:20,29960.0,29960.0
22817643,200417049,9,0,0,,8:20:10,8:20:10,30010.0,30010.0
22817643,200417061,10,0,0,,8:20:50,8:20:50,30050.0,30050.0
22817643,200417047,11,0,0,,8:23:10,8:23:10,30190.0,30190.0
22817643,200405014,12,0,0,,8:25:40,8:25:40,30340.0,30340.0
22817643,200405005,13,0,0,,8:28:00,8:28:00,30480.0,30480.0
22817643,200419013,14,0,0,,8:30:00,8:30:00,30600.0,30600.0
22817643,200410005,15,0,0,,8:30:40,8:30:40,30640.0,30640.0
22817643,200410003,16,0,0,,8:32:10,8:32:10,30730.0,30730.0
22817643,200409005,17,0,0,,8:33:40,8:33:40,30820.0,30820.0
22817643,200409008,18,0,0,,8:35:40,8:35:40,30940.0,30940.0
22817643,200409011,19,0,0,,8:37:50,8:37:50,31070.0,31070.0
22817643,200409009,20,0,0,,8:38:40,8:38:40,31120.0,31120.0
22817643,200409010,21,0,0,,8:39:10,8:39:10,31150.0,31150.0
22817642,200404041,0,0,0,,8:39:10,8:39:10,31150.0,31150.0
22817642,200417018,1,0,0,,8:40:20,8:40:20,31220.0,31220.0
22817642,200417030,2,0,0,,8:41:40,8:41:40,31300.0,31300.0
22817642,200417001,3,0,0,,8:42:40,8:42:40,31360.0,31360.0
22817642,200417018,4,0,0,,8:44:10,8:44:10,31450.0,31450.0
22817642,200417037,5,0,0,,8:45:20,8:45:20,31520.0,31520.0
22817642,200417038,6,0,0,,8:46:10,8:46:10,31570.0,31570.0
22817642,200417005,7,0,0,,8:47:40,8:47:40,31660.0,31660.0
22817642,200417021,8,0,0,,8:49:20,8:49:20,31760.0,31760.0
22817642,200417049,9,0,0,,8:50:10,8:50:10,31810.0,31810.0
22817642,200417061,10,0,0,,8:50:50,8:50:50,31850.0,31850.0
22817642,200417047,11,0,0,,8:53:10,8:53:10,31990.0,31990.0
22817642,200405014,12,0,0,,8:55:40,8:55:40,32140.0,32140.0
22817642,200405005,13,0,0,,8:58:00,8:58:00,32280.0,32280.0
22817642,200419013,14,0,0,,9:00:00,9:00:00,32400.0,32400.0
22817616,200419013,8,0,0,,7:00:40,7:00:40,25240.0,25240.0
22817616,200405005,9,0,0,,7:03:00,7:03:00,25380.0,25380.0
22817616,200405014,10,0,0,,7:04:40,7:04:40,25480.0,25480.0
22817616,200417047,11,0,0,,7:07:00,7:07:00,25620.0,25620.0
22817616,200417061,12,0,0,,7:09:10,7:09:10,25750.0,25750.0
22817616,200417049,13,0,0,,7:10:00,7:10:00,25800.0,25800.0
22817616,200417021,14,0,0,,7:11:10,7:11:10,25870.0,25870.0
22817616,200417005,15,0,0,,7:12:40,7:12:40,25960.0,25960.0
22817616,200417038,16,0,0,,7:14:00,7:14:00,26040.0,26040.0
22817616,200417037,17,0,0,,7:14:50,7:14:50,26090.0,26090.0
22817616,200417018,18,0,0,,7:15:30,7:15:30,26130.0,26130.0
22817616,200417030,19,0,0,,7:16:50,7:16:50,26210.0,26210.0
22817616,200417001,20,0,0,,7:17:50,7:17:50,26270.0,26270.0
22817616,200404041,21,0,0,,7:20:40,7:20:40,26440.0,26440.0
22817615,200409010,0,0,0,,7:19:20,7:19:20,26360.0,26360.0
22817615,200409009,1,0,0,,7:21:20,7:21:20,26480.0,26480.0
22817615,200409011,2,0,0,,7:22:30,7:22:30,26550.0,26550.0
22817615,200409012,3,0,0,,7:23:10,7:23:10,26590.0,26590.0
22817615,200409008,4,0,0,,7:24:20,7:24:20,26660.0,26660.0
22817615,200409005,5,0,0,,7:25:40,7:25:40,26740.0,26740.0
22817615,200410003,6,0,0,,7:28:30,7:28:30,26910.0,26910.0
22817615,200410005,7,0,0,,7:29:40,7:29:40,26980.0,26980.0
22817615,200419013,8,0,0,,7:30:40,7:30:40,27040.0,27040.0
22817615,200405005,9,0,0,,7:33:00,7:33:00,27180.0,27180.0
22817615,200405014,10,0,0,,7:34:40,7:34:40,27280.0,27280.0
22817615,200417047,11,0,0,,7:37:00,7:37:00,27420.0,27420.0
22817615,200417061,12,0,0,,7:39:10,7:39:10,27550.0,27550.0
22817615,200417049,13,0,0,,7:40:00,7:40:00,27600.0,27600.0
22817615,200417021,14,0,0,,7:41:10,7:41:10,27670.0,27670.0
22817615,200417005,15,0,0,,7:42:40,7:42:40,27760.0,27760.0
22817615,200417038,16,0,0,,7:44:00,7:44:00,27840.0,27840.0
22817615,200417037,17,0,0,,7:44:50,7:44:50,27890.0,27890.0
22817615,200417018,18,0,0,,7:45:30,7:45:30,27930.0,27930.0
22817615,200417030,19,0,0,,7:46:50,7:46:50,28010.0,28010.0
22817615,200417001,20,0,0,,7:47:50,7:47:50,28070.0,28070.0
22817615,200404041,21,0,0,,7:50:40,7:50:40,28240.0,28240.0
22817614,200409010,0,0,0,,7:49:20,7:49:20,28160.0,28160.0
22817614,200409009,1,0,0,,7:51:20,7:51:20,28280.0,28280.0
22817614,200409011,2,0,0,,7:52:30,7:52:30,28350.0,28350.0
22817614,200409012,3,0,0,,7:53:10,7:53:10,28390.0,28390.0
22817614,200409008,4,0,0,,7:54:20,7:54:20,28460.0,28460.0
22817614,200409005,5,0,0,,7:55:40,7:55:40,28540.0,28540.0
22817614,200410003,6,0,0,,7:58:30,7:58:30,28710.0,28710.0
22817614,200410005,7,0,0,,7:59:40,7:59:40,28780.0,28780.0
22817614,200419013,8,0,0,,8:00:40,8:00:40,28840.0,28840.0
22817614,200405005,9,0,0,,8:03:00,8:03:00,28980.0,28980.0
22817614,200405014,10,0,0,,8:04:40,8:04:40,29080.0,29080.0
22817614,200417047,11,0,0,,8:07:00,8:07:00,29220.0,29220.0
22817614,200417061,12,0,0,,8:09:10,8:09:10,29350.0,29350.0
22817614,200417049,13,0,0,,8:10:00,8:10:00,29400.0,29400.0
22817614,200417021,14,0,0,,8:11:10,8:11:10,29470.0,29470.0
22817614,200417005,15,0,0,,8:12:40,8:12:40,29560.0,29560.0
22817614,200417038,16,0,0,,8:14:00,8:14:00,29640.0,29640.0
22817614,200417037,17,0,0,,8:14:50,8:14:50,29690.0,29690.0
22817614,200417018,18,0,0,,8:15:30,8:15:30,29730.0,29730.0
22817614,200417030,19,0,0,,8:16:50,8:16:50,29810.0,29810.0
22817614,200417001,20,0,0,,8:17:50,8:17:50,29870.0,29870.0
22817614,200404041,21,0,0,,8:20:40,8:20:40,30040.0,30040.0
22817613,200409010,0,0,0,,8:19:20,8:19:20,29960.0,29960.0
22817613,200409009,1,0,0,,8:21:20,8:21:20,30080.0,30080.0
22817613,200409011,2,0,0,,8:22:30,8:22:30,30150.0,30150.0
22817613,200409012,3,0,0,,8:23:10,8:23:10,30190.0,30190.0
22817613,200409008,4,0,0,,8:24:20,8:24:20,30260.0,30260.0
22817613,200409005,5,0,0,,8:25:40,8:25:40,30340.0,30340.0
22817613,200410003,6,0,0,,8:28:30,8:28:30,30510.0,30510.0
22817613,200410005,7,0,0,,8:29:40,8:29:40,30580.0,30580.0
22817613,200419013,8,0,0,,8:30:40,8:30:40,30640.0,30640.0
22817613,200405005,9,0,0,,8:33:00,8:33:00,30780.0,30780.0
22817613,200405014,10,0,0,,8:34:40,8:34:40,30880.0,30880.0
22817613,200417047,11,0,0,,8:37:00,8:37:00,31020.0,31020.0
22817613,200417061,12,0,0,,8:39:10,8:39:10,31150.0,31150.0
22817613,200417049,13,0,0,,8:40:00,8:40:00,31200.0,31200.0
22817613,200417021,14,0,0,,8:41:10,8:41:10,31270.0,31270.0
22817613,200417005,15,0,0,,8:42:40,8:42:40,31360.0,31360.0
22817613,200417038,16,0,0,,8:44:00,8:44:00,31440.0,31440.0
22817613,200417037,17,0,0,,8:44:50,8:44:50,31490.0,31490.0
22817613,200417018,18,0,0,,8:45:30,8:45:30,31530.0,31530.0
22817613,200417030,19,0,0,,8:46:50,8:46:50,31610.0,31610.0
22817613,200417001,20,0,0,,8:47:50,8:47:50,31670.0,31670.0
22817613,200404041,21,0,0,,8:50:40,8:50:40,31840.0,31840.0
22817612,200409010,0,0,0,,8:49:20,8:49:20,31760.0,31760.0
22817612,200409009,1,0,0,,8:51:20,8:51:20,31880.0,31880.0
22817612,200409011,2,0,0,,8:52:30,8:52:30,31950.0,31950.0
22817612,200409012,3,0,0,,8:53:10,8:53:10,31990.0,31990.0
22817612,200409008,4,0,0,,8:54:20,8:54:20,32060.0,32060.0
22817612,200409005,5,0,0,,8:55:40,8:55:40,32140.0,32140.0
22817612,200410003,6,0,0,,8:58:30,8:58:30,32310.0,32310.0
22817612,200410005,7,0,0,,8:59:40,8:59:40,32380.0,32380.0
22816158,200405005,17,0,0,,7:00:10,7:00:10,25210.0,25210.0
22816158,200405014,18,0,0,,7:01:50,7:01:50,25310.0,25310.0
22816158,200419036,19,0,0,,7:04:40,7:04:40,25480.0,25480.0
22816158,200419019,20,0,0,,7:05:50,7:05:50,25550.0,25550.0
22816158,200419014,21,0,0,,7:06:20,7:06:20,25580.0,25580.0
22816158,200419020,22,0,0,,7:07:30,7:07:30,25650.0,25650.0
22816158,200419008,23,0,0,,7:08:30,7:08:30,25710.0,25710.0
22816158,200419022,24,0,0,,7:08:50,7:08:50,25730.0,25730.0
22816157,200417039,2,0,0,,7:01:10,7:01:10,25270.0,25270.0
22816157,200417019,3,0,0,,7:02:30,7:02:30,25350.0,25350.0
22816157,200417038,4,0,0,,7:03:50,7:03:50,25430.0,25430.0
22816157,200417037,5,0,0,,7:04:40,7:04:40,25480.0,25480.0
22816157,200417018,6,0,0,,7:05:20,7:05:20,25520.0,25520.0
22816157,200417001,7,0,0,,7:07:40,7:07:40,25660.0,25660.0
22816157,200417030,8,0,0,,7:08:50,7:08:50,25730.0,25730.0
22816157,200426010,9,0,0,,7:10:10,7:10:10,25810.0,25810.0
22816157,200426009,10,0,0,,7:11:00,7:11:00,25860.0,25860.0
22816157,200426008,11,0,0,,7:12:00,7:12:00,25920.0,25920.0
22816157,200426005,12,0,0,,7:12:40,7:12:40,25960.0,25960.0
22816157,200426007,13,0,0,,7:13:40,7:13:40,26020.0,26020.0
22816157,200410003,14,0,0,,7:15:40,7:15:40,26140.0,26140.0
22816157,200410005,15,0,0,,7:16:50,7:16:50,26210.0,26210.0
22816157,200419013,16,0,0,,7:17:50,7:17:50,26270.0,26270.0
22816157,200405005,17,0,0,,7:20:10,7:20:10,26410.0,26410.0
22816157,200405014,18,0,0,,7:21:50,7:21:50,26510.0,26510.0
22816157,200419036,19,0,0,,7:24:40,7:24:40,26680.0,26680.0
22816157,200419019,20,0,0,,7:25:50,7:25:50,26750.0,26750.0
22816157,200419014,21,0,0,,7:26:20,7:26:20,26780.0,26780.0
22816157,200419020,22,0,0,,7:27:30,7:27:30,26850.0,26850.0
22816157,200419008,23,0,0,,7:28:30,7:28:30,26910.0,26910.0
22816157,200419022,24,0,0,,7:28:50,7:28:50,26930.0,26930.0
22816156,200417036,0,0,0,,7:18:30,7:18:30,26310.0,26310.0
22816156,200417012,1,0,0,,7:19:10,7:19:10,26350.0,26350.0
22816156,200417039,2,0,0,,7:21:10,7:21:10,26470.0,26470.0
22816156,200417019,3,0,0,,7:22:30,7:22:30,26550.0,26550.0
22816156,200417038,4,0,0,,7:23:50,7:23:50,26630.0,26630.0
22816156,200417037,5,0,0,,7:24:40,7:24:40,26680.0,26680.0
22816156,200417018,6,0,0,,7:25:20,7:25:20,26720.0,26720.0
22816156,200417001,7,0,0,,7:27:40,7:27:40,26860.0,26860.0
22816156,200417030,8,0,0,,7:28:50,7:28:50,26930.0,26930.0
22816156,200426010,9,0,0,,7:30:10,7:30:10,27010.0,27010.0
22816156,200426009,10,0,0,,7:31:00,7:31:00,27060.0,27060.0
22816156,200426008,11,0,0,,7:32:00,7:32:00,27120.0,27120.0
22816156,200426005,12,0,0,,7:32:40,7:32:40,27160.0,27160.0
22816156,200426007,13,0,0,,7:33:40,7:33:40,27220.0,27220.0
22816156,200410003,14,0,0,,7:35:40,7:35:40,27340.0,27340.0
22816156,200410005,15,0,0,,7:36:50,7:36:50,27410.0,27410.0
22816156,200419013,16,0,0,,7:37:50,7:37:50,27470.0,27470.0
22816156,200405005,17,0,0,,7:40:10,7:40:10,27610.0,27610.0
22816156,200405014,18,0,0,,7:41:50,7:41:50,27710.0,27710.0
22816156,200419036,19,0,0,,7:44:40,7:44:40,27880.0,27880.0
22816156,200419019,20,0,0,,7:45:50,7:45:50,27950.0,27950.0
22816156,200419014,21,0,0,,7:46:20,7:46:20,27980.0,27980.0
22816156,200419020,22,0,0,,7:47:30,7:47:30,28050.0,28050.0
22816156,200419008,23,0,0,,7:48:30,7:48:30,28110.0,28110.0
22816156,200419022,24,0,0,,7:48:50,7:48:50,28130.0,28130.0
22816155,200417036,0,0,0,,7:38:30,7:38:30,27510.0,27510.0
22816155,200417012,1,0,0,,7:39:10,7:39:10,27550.0,27550.0
22816155,200417039,2,0,0,,7:41:10,7:41:10,27670.0,27670.0
22816155,200417019,3,0,0,,7:42:30,7:42:30,27750.0,27750.0
22816155,200417038,4,0,0,,7:43:50,7:43:50,27830.0,27830.0
22816155,200417037,5,0,0,,7:44:40,7:44:40,27880.0,27880.0
22816155,200417018,6,0,0,,7:45:20,7:45:20,27920.0,27920.0
22816155,200417001,7,0,0,,7:47:40,7:47:40,28060.0,28060.0
22816155,200417030,8,0,0,,7:48:50,7:48:50,28130.0,28130.0
22816155,200426010,9,0,0,,7:50:10,7:50:10,28210.0,28210.0
22816155,200426009,10,0,0,,7:51:00,7:51:00,28260.0,28260.0
22816155,200426008,11,0,0,,7:52:00,7:52:00,28320.0,28320.0
22816155,200426005,12,0,0,,7:52:40,7:52:40,28360.0,28360.0
22816155,200426007,13,0,0,,7:53:40,7:53:40,28420.0,28420.0
22816155,200410003,14,0,0,,7:55:40,7:55:40,28540.0,28540.0
22816155,200410005,15,0,0,,7:56:50,7:56:50,28610.0,28610.0
22816155,200419013,16,0,0,,7:57:50,7:57:50,28670.0,28670.0
22816155,200405005,17,0,0,,8:00:10,8:00:10,28810.0,28810.0
22816155,200405014,18,0,0,,8:01:50,8:01:50,28910.0,28910.0
22816155,200419036,19,0,0,,8:04:40,8:04:40,29080.0,29080.0
22816155,200419019,20,0,0,,8:05:50,8:05:50,29150.0,29150.0
22816155,200419014,21,0,0,,8:06:20,8:06:20,29180.0,29180.0
22816155,200419020,22,0,0,,8:07:30,8:07:30,29250.0,29250.0
22816155,200419008,23,0,0,,8:08:30,8:08:30,29310.0,29310.0
22816155,200419022,24,0,0,,8:08:50,8:08:50,29330.0,29330.0
22816154,200417036,0,0,0,,7:58:30,7:58:30,28710.0,28710.0
22816154,200417012,1,0,0,,7:59:10,7:59:10,28750.0,28750.0
22816154,200417039,2,0,0,,8:01:10,8:01:10,28870.0,28870.0
22816154,200417019,3,0,0,,8:02:30,8:02:30,28950.0,28950.0
22816154,200417038,4,0,0,,8:03:50,8:03:50,29030.0,29030.0
22816154,200417037,5,0,0,,8:04:40,8:04:40,29080.0,29080.0
22816154,200417018,6,0,0,,8:05:20,8:05:20,29120.0,29120.0
22816154,200417001,7,0,0,,8:07:40,8:07:40,29260.0,29260.0
22816154,200417030,8,0,0,,8:08:50,8:08:50,29330.0,29330.0
22816154,200426010,9,0,0,,8:10:10,8:10:10,29410.0,29410.0
22816154,200426009,10,0,0,,8:11:00,8:11:00,29460.0,29460.0
22816154,200426008,11,0,0,,8:12:00,8:12:00,29520.0,29520.0
22816154,200426005,12,0,0,,8:12:40,8:12:40,29560.0,29560.0
22816154,200426007,13,0,0,,8:13:40,8:13:40,29620.0,29620.0
22816154,200410003,14,0,0,,8:15:40,8:15:40,29740.0,29740.0
22816154,200410005,15,0,0,,8:16:50,8:16:50,29810.0,29810.0
22816154,200419013,16,0,0,,8:17:50,8:17:50,29870.0,29870.0
22816154,200405005,17,0,0,,8:20:10,8:20:10,30010.0,30010.0
22816154,200405014,18,0,0,,8:21:50,8:21:50,30110.0,30110.0
22816154,200419036,19,0,0,,8:24:40,8:24:40,30280.0,30280.0
22816154,200419019,20,0,0,,8:25:50,8:25:50,30350.0,30350.0
22816154,200419014,21,0,0,,8:26:20,8:26:20,30380.0,30380.0
22816154,200419020,22,0,0,,8:27:30,8:27:30,30450.0,30450.0
22816154,200419008,23,0,0,,8:28:30,8:28:30,30510.0,30510.0
22816154,200419022,24,0,0,,8:28:50,8:28:50,30530.0,30530.0
22816153,200417036,0,0,0,,8:18:30,8:18:30,29910.0,29910.0
22816153,200417012,1,0,0,,8:19:10,8:19:10,29950.0,29950.0
22816153,200417039,2,0,0,,8:21:10,8:21:10,30070.0,30070.0
22816153,200417019,3,0,0,,8:22:30,8:22:30,30150.0,30150.0
22816153,200417038,4,0,0,,8:23:50,8:23:50,30230.0,30230.0
22816153,200417037,5,0,0,,8:24:40,8:24:40,30280.0,30280.0
22816153,200417018,6,0,0,,8:25:20,8:25:20,30320.0,30320.0
22816153,200417001,7,0,0,,8:27:40,8:27:40,30460.0,30460.0
22816153,200417030,8,0,0,,8:28:50,8:28:50,30530.0,30530.0
22816153,200426010,9,0,0,,8:30:10,8:30:10,30610.0,30610.0
22816153,200426009,10,0,0,,8:31:00,8:31:00,30660.0,30660.0
22816153,200426008,11,0,0,,8:32:00,8:32:00,30720.0,30720.0
22816153,200426005,12,0,0,,8:32:40,8:32:40,30760.0,30760.0
22816153,200426007,13,0,0,,8:33:40,8:33:40,30820.0,30820.0
22816153,200410003,14,0,0,,8:35:40,8:35:40,30940.0,30940.0
22816153,200410005,15,0,0,,8:36:50,8:36:50,31010.0,31010.0
22816153,200419013,16,0,0,,8:37:50,8:37:50,31070.0,31070.0
22816153,200405005,17,0,0,,8:40:10,8:40:10,31210.0,31210.0
22816153,200405014,18,0,0,,8:41:50,8:41:50,31310.0,31310.0
22816153,200419036,19,0,0,,8:44:40,8:44:40,31480.0,31480.0
22816153,200419019,20,0,0,,8:45:50,8:45:50,31550.0,31550.0
22816153,200419014,21,0,0,,8:46:20,8:46:20,31580.0,31580.0
22816153,200419020,22,0,0,,8:47:30,8:47:30,31650.0,31650.0
22816153,200419008,23,0,0,,8:48:30,8:48:30,31710.0,31710.0
22816153,200419022,24,0,0,,8:48:50,8:48:50,31730.0,31730.0
22816152,200417036,0,0,0,,8:38:30,8:38:30,31110.0,31110.0
22816152,200417012,1,0,0,,8:39:10,8:39:10,31150.0,31150.0
22816152,200417039,2,0,0,,8:41:10,8:41:10,31270.0,31270.0
22816152,200417019,3,0,0,,8:42:30,8:42:30,31350.0,31350.0
22816152,200417038,4,0,0,,8:43:50,8:43:50,31430.0,31430.0
22816152,200417037,5,0,0,,8:44:40,8:44:40,31480.0,31480.0
22816152,200417018,6,0,0,,8:45:20,8:45:20,31520.0,31520.0
22816152,200417001,7,0,0,,8:47:40,8:47:40,31660.0,31660.0
22816152,200417030,8,0,0,,8:48:50,8:48:50,31730.0,31730.0
22816152,200426010,9,0,0,,8:50:10,8:50:10,31810.0,31810.0
22816152,200426009,10,0,0,,8:51:00,8:51:00,31860.0,31860.0
22816152,200426008,11,0,0,,8:52:00,8:52:00,31920.0,31920.0
22816152,200426005,12,0,0,,8:52:40,8:52:40,31960.0,31960.0
22816152,200426007,13,0,0,,8:53:40,8:53:40,32020.0,32020.0
22816152,200410003,14,0,0,,8:55:40,8:55:40,32140.0,32140.0
22816152,200410005,15,0,0,,8:56:50,8:56:50,32210.0,32210.0
22816152,200419013,16,0,0,,8:57:50,8:57:50,32270.0,32270.0
22816151,200417036,0,0,0,,8:58:30,8:58:30,32310.0,32310.0
22816151,200417012,1,0,0,,8:59:10,8:59:10,32350.0,32350.0
22815716,200417018,18,0,0,,7:00:50,7:00:50,25250.0,25250.0
22815716,200417037,19,0,0,,7:02:00,7:02:00,25320.0,25320.0
22815716,200417038,20,0,0,,7:02:50,7:02:50,25370.0,25370.0
22815716,200417019,21,0,0,,7:04:50,7:04:50,25490.0,25490.0
22815716,200417039,22,0,0,,7:06:00,7:06:00,25560.0,25560.0
22815716,200417012,23,0,0,,7:07:40,7:07:40,25660.0,25660.0
22815716,200417036,24,0,0,,7:08:10,7:08:10,25690.0,25690.0
22815715,200419020,2,0,0,,7:00:20,7:00:20,25220.0,25220.0
22815715,200419014,3,0,0,,7:01:30,7:01:30,25290.0,25290.0
22815715,200419019,4,0,0,,7:02:10,7:02:10,25330.0,25330.0
22815715,200419036,5,0,0,,7:03:30,7:03:30,25410.0,25410.0
22815715,200405014,6,0,0,,7:06:30,7:06:30,25590.0,25590.0
22815715,200405005,7,0,0,,7:08:50,7:08:50,25730.0,25730.0
22815715,200419013,8,0,0,,7:10:50,7:10:50,25850.0,25850.0
22815715,200410005,9,0,0,,7:11:30,7:11:30,25890.0,25890.0
22815715,200410003,10,0,0,,7:13:00,7:13:00,25980.0,25980.0
22815715,200426007,11,0,0,,7:14:00,7:14:00,26040.0,26040.0
22815715,200426005,12,0,0,,7:15:00,7:15:00,26100.0,26100.0
22815715,200426008,13,0,0,,7:15:40,7:15:40,26140.0,26140.0
22815715,200426009,14,0,0,,7:16:40,7:16:40,26200.0,26200.0
22815715,200426010,15,0,0,,7:17:20,7:17:20,26240.0,26240.0
22815715,200417030,16,0,0,,7:18:20,7:18:20,26300.0,26300.0
22815715,200417001,17,0,0,,7:19:20,7:19:20,26360.0,26360.0
22815715,200417018,18,0,0,,7:20:50,7:20:50,26450.0,26450.0
22815715,200417037,19,0,0,,7:22:00,7:22:00,26520.0,26520.0
22815715,200417038,20,0,0,,7:22:50,7:22:50,26570.0,26570.0
22815715,200417019,21,0,0,,7:24:50,7:24:50,26690.0,26690.0
22815715,200417039,22,0,0,,7:26:00,7:26:00,26760.0,26760.0
22815715,200417012,23,0,0,,7:27:40,7:27:40,26860.0,26860.0
22815715,200417036,24,0,0,,7:28:10,7:28:10,26890.0,26890.0
22815714,200419022,0,0,0,,7:18:40,7:18:40,26320.0,26320.0
22815714,200419008,1,0,0,,7:19:30,7:19:30,26370.0,26370.0
22815714,200419020,2,0,0,,7:20:20,7:20:20,26420.0,26420.0
22815714,200419014,3,0,0,,7:21:30,7:21:30,26490.0,26490.0
22815714,200419019,4,0,0,,7:22:10,7:22:10,26530.0,26530.0
22815714,200419036,5,0,0,,7:23:30,7:23:30,26610.0,26610.0
22815714,200405014,6,0,0,,7:26:30,7:26:30,26790.0,26790.0
22815714,200405005,7,0,0,,7:28:50,7:28:50,26930.0,26930.0
22815714,200419013,8,0,0,,7:30:50,7:30:50,27050.0,27050.0
22815714,200410005,9,0,0,,7:31:30,7:31:30,27090.0,27090.0
22815714,200410003,10,0,0,,7:33:00,7:33:00,27180.0,27180.0
22815714,200426007,11,0,0,,7:34:00,7:34:00,27240.0,27240.0
22815714,200426005,12,0,0,,7:35:00,7:35:00,27300.0,27300.0
22815714,200426008,13,0,0,,7:35:40,7:35:40,27340.0,27340.0
22815714,200426009,14,0,0,,7:36:40,7:36:40,27400.0,27400.0
22815714,200426010,15,0,0,,7:37:20,7:37:20,27440.0,27440.0
22815714,200417030,16,0,0,,7:38:20,7:38:20,27500.0,27500.0
22815714,200417001,17,0,0,,7:39:20,7:39:20,27560.0,27560.0
22815714,200417018,18,0,0,,7:40:50,7:40:50,27650.0,27650.0
22815714,200417037,19,0,0,,7:42:00,7:42:00,27720.0,27720.0
22815714,200417038,20,0,0,,7:42:50,7:42:50,27770.0,27770.0
22815714,200417019,21,0,0,,7:44:50,7:44:50,27890.0,27890.0
22815714,200417039,22,0,0,,7:46:00,7:46:00,27960.0,27960.0
22815714,200417012,23,0,0,,7:47:40,7:47:40,28060.0,28060.0
22815714,200417036,24,0,0,,7:48:10,7:48:10,28090.0,28090.0
22815713,200419022,0,0,0,,7:38:40,7:38:40,27520.0,27520.0
22815713,200419008,1,0,0,,7:39:30,7:39:30,27570.0,27570.0
22815713,200419020,2,0,0,,7:40:20,7:40:20,27620.0,27620.0
22815713,200419014,3,0,0,,7:41:30,7:41:30,27690.0,27690.0
22815713,200419019,4,0,0,,7:42:10,7:42:10,27730.0,27730.0
22815713,200419036,5,0,0,,7:43:30,7:43:30,27810.0,27810.0
22815713,200405014,6,0,0,,7:46:30,7:46:30,27990.0,27990.0
22815713,200405005,7,0,0,,7:48:50,7:48:50,28130.0,28130.0
22815713,200419013,8,0,0,,7:50:50,7:50:50,28250.0,28250.0
22815713,200410005,9,0,0,,7:51:30,7:51:30,28290.0,28290.0
22815713,200410003,10,0,0,,7:53:00,7:53:00,28380.0,28380.0
22815713,200426007,11,0,0,,7:54:00,7:54:00,28440.0,28440.0
22815713,200426005,12,0,0,,7:55:00,7:55:00,28500.0,28500.0
22815713,200426008,13,0,0,,7:55:40,7:55:40,28540.0,28540.0
22815713,200426009,14,0,0,,7:56:40,7:56:40,28600.0,28600.0
22815713,200426010,15,0,0,,7:57:20,7:57:20,28640.0,28640.0
22815713,200417030,16,0,0,,7:58:20,7:58:20,28700.0,28700.0
22815713,200417001,17,0,0,,7:59:20,7:59:20,28760.0,28760.0
22815713,200417018,18,0,0,,8:00:50,8:00:50,28850.0,28850.0
22815713,200417037,19,0,0,,8:02:00,8:02:00,28920.0,28920.0
22815713,200417038,20,0,0,,8:02:50,8:02:50,28970.0,28970.0
22815713,200417019,21,0,0,,8:04:50,8:04:50,29090.0,29090.0
22815713,200417039,22,0,0,,8:06:00,8:06:00,29160.0,29160.0
22815713,200417012,23,0,0,,8:07:40,8:07:40,29260.0,29260.0
22815713,200417036,24,0,0,,8:08:10,8:08:10,29290.0,29290.0
22815712,200419022,0,0,0,,7:58:40,7:58:40,28720.0,28720.0
22815712,200419008,1,0,0,,7:59:30,7:59:30,28770.0,28770.0
22815712,200419020,2,0,0,,8:00:20,8:00:20,28820.0,28820.0
22815712,200419014,3,0,0,,8:01:30,8:01:30,28890.0,28890.0
22815712,200419019,4,0,0,,8:02:10,8:02:10,28930.0,28930.0
22815712,200419036,5,0,0,,8:03:30,8:03:30,29010.0,29010.0
22815712,200405014,6,0,0,,8:06:30,8:06:30,29190.0,29190.0
22815712,200405005,7,0,0,,8:08:50,8:08:50,29330.0,29330.0
22815712,200419013,8,0,0,,8:10:50,8:10:50,29450.0,29450.0
22815712,200410005,9,0,0,,8:11:30,8:11:30,29490.0,29490.0
22815712,200410003,10,0,0,,8:13:00,8:13:00,29580.0,29580.0
22815712,200426007,11,0,0,,8:14:00,8:14:00,29640.0,29640.0
22815712,200426005,12,0,0,,8:15:00,8:15:00,29700.0,29700.0
22815712,200426008,13,0,0,,8:15:40,8:15:40,29740.0,29740.0
22815712,200426009,14,0,0,,8:16:40,8:16:40,29800.0,29800.0
22815712,200426010,15,0,0,,8:17:20,8:17:20,29840.0,29840.0
22815712,200417030,16,0,0,,8:18:20,8:18:20,29900.0,29900.0
22815712,200417001,17,0,0,,8:19:20,8:19:20,29960.0,29960.0
22815712,200417018,18,0,0,,8:20:50,8:20:50,30050.0,30050.0
22815712,200417037,19,0,0,,8:22:00,8:22:00,30120.0,30120.0
22815712,200417038,20,0,0,,8:22:50,8:22:50,30170.0,30170.0
22815712,200417019,21,0,0,,8:24:50,8:24:50,30290.0,30290.0
22815712,200417039,22,0,0,,8:26:00,8:26:00,30360.0,30360.0
22815712,200417012,23,0,0,,8:27:40,8:27:40,30460.0,30460.0
22815712,200417036,24,0,0,,8:28:10,8:28:10,30490.0,30490.0
22815711,200419022,0,0,0,,8:18:40,8:18:40,29920.0,29920.0
22815711,200419008,1,0,0,,8:19:30,8:19:30,29970.0,29970.0
22815711,200419020,2,0,0,,8:20:20,8:20:20,30020.0,30020.0
22815711,200419014,3,0,0,,8:21:30,8:21:30,30090.0,30090.0
22815711,200419019,4,0,0,,8:22:10,8:22:10,30130.0,30130.0
22815711,200419036,5,0,0,,8:23:30,8:23:30,30210.0,30210.0
22815711,200405014,6,0,0,,8:26:30,8:26:30,30390.0,30390.0
22815711,200405005,7,0,0,,8:28:50,8:28:50,30530.0,30530.0
22815711,200419013,8,0,0,,8:30:50,8:30:50,30650.0,30650.0
22815711,200410005,9,0,0,,8:31:30,8:31:30,30690.0,30690.0
22815711,200410003,10,0,0,,8:33:00,8:33:00,30780.0,30780.0
22815711,200426007,11,0,0,,8:34:00,8:34:00,30840.0,30840.0
22815711,200426005,12,0,0,,8:35:00,8:35:00,30900.0,30900.0
22815711,200426008,13,0,0,,8:35:40,8:35:40,30940.0,30940.0
22815711,200426009,14,0,0,,8:36:40,8:36:40,31000.0,31000.0
22815711,200426010,15,0,0,,8:37:20,8:37:20,31040.0,31040.0
22815711,200417030,16,0,0,,8:38:20,8:38:20,31100.0,31100.0
22815711,200417001,17,0,0,,8:39:20,8:39:20,31160.0,31160.0
22815711,200417018,18,0,0,,8:40:50,8:40:50,31250.0,31250.0
22815711,200417037,19,0,0,,8:42:00,8:42:00,31320.0,31320.0
22815711,200417038,20,0,0,,8:42:50,8:42:50,31370.0,31370.0
22815711,200417019,21,0,0,,8:44:50,8:44:50,31490.0,31490.0
22815711,200417039,22,0,0,,8:46:00,8:46:00,31560.0,31560.0
22815711,200417012,23,0,0,,8:47:40,8:47:40,31660.0,31660.0
22815711,200417036,24,0,0,,8:48:10,8:48:10,31690.0,31690.0
22815710,200419022,0,0,0,,8:38:40,8:38:40,31120.0,31120.0
22815710,200419008,1,0,0,,8:39:30,8:39:30,31170.0,31170.0
22815710,200419020,2,0,0,,8:40:20,8:40:20,31220.0,31220.0
22815710,200419014,3,0,0,,8:41:30,8:41:30,31290.0,31290.0
22815710,200419019,4,0,0,,8:42:10,8:42:10,31330.0,31330.0
22815710,200419036,5,0,0,,8:43:30,8:43:30,31410.0,31410.0
22815710,200405014,6,0,0,,8:46:30,8:46:30,31590.0,31590.0
22815710,200405005,7,0,0,,8:48:50,8:48:50,31730.0,31730.0
22815710,200419013,8,0,0,,8:50:50,8:50:50,31850.0,31850.0
22815710,200410005,9,0,0,,8:51:30,8:51:30,31890.0,31890.0
22815710,200410003,10,0,0,,8:53:00,8:53:00,31980.0,31980.0
22815710,200426007,11,0,0,,8:54:00,8:54:00,32040.0,32040.0
22815710,200426005,12,0,0,,8:55:00,8:55:00,32100.0,32100.0
22815710,200426008,13,0,0,,8:55:40,8:55:40,32140.0,32140.0
22815710,200426009,14,0,0,,8:56:40,8:56:40,32200.0,32200.0
22815710,200426010,15,0,0,,8:57:20,8:57:20,32240.0,32240.0
22815710,200417030,16,0,0,,8:58:20,8:58:20,32300.0,32300.0
22815710,200417001,17,0,0,,8:59:20,8:59:20,32360.0,32360.0
22815709,200419022,0,0,0,,8:58:40,8:58:40,32320.0,32320.0
22815709,200419008,1,0,0,,8:59:30,8:59:30,32370.0,32370.0
22811269,200508016,28,0,0,,7:01:30,7:01:30,25290.0,25290.0
22811269,200508011,29,0,0,,7:02:40,7:02:40,25360.0,25360.0
22811269,200508003,30,0,0,,7:03:50,7:03:50,25430.0,25430.0
22811268,200406003,19,0,0,,7:00:10,7:00:10,25210.0,25210.0
22811268,200406019,20,0,0,,7:01:10,7:01:10,25270.0,25270.0
22811268,200416002,21,0,0,,7:02:30,7:02:30,25350.0,25350.0
22811268,200602002,22,0,0,,7:03:30,7:03:30,25410.0,25410.0
22811268,200602003,23,0,0,,7:04:10,7:04:10,25450.0,25450.0
22811268,200602001,24,0,0,,7:05:00,7:05:00,25500.0,25500.0
22811268,200508012,25,0,0,,7:06:20,7:06:20,25580.0,25580.0
22811268,200501001,26,0,0,,7:08:00,7:08:00,25680.0,25680.0
22811268,200508015,27,0,0,,7:09:40,7:09:40,25780.0,25780.0
22811268,200508016,28,0,0,,7:11:30,7:11:30,25890.0,25890.0
22811268,200508011,29,0,0,,7:12:40,7:12:40,25960.0,25960.0
22811268,200508003,30,0,0,,7:13:50,7:13:50,26030.0,26030.0
22811267,200404001,12,0,0,,7:01:50,7:01:50,25310.0,25310.0
22811267,200404030,13,0,0,,7:02:50,7:02:50,25370.0,25370.0
22811267,200424001,14,0,0,,7:04:00,7:04:00,25440.0,25440.0
22811267,200406024,15,0,0,,7:06:50,7:06:50,25610.0,25610.0
22811267,200406016,16,0,0,,7:08:00,7:08:00,25680.0,25680.0
22811267,200406018,17,0,0,,7:08:30,7:08:30,25710.0,25710.0
22811267,200406004,18,0,0,,7:09:20,7:09:20,25760.0,25760.0
22811267,200406003,19,0,0,,7:10:10,7:10:10,25810.0,25810.0
22811267,200406019,20,0,0,,7:11:10,7:11:10,25870.0,25870.0
22811267,200416002,21,0,0,,7:12:30,7:12:30,25950.0,25950.0
22811267,200602002,22,0,0,,7:13:30,7:13:30,26010.0,26010.0
22811267,200602003,23,0,0,,7:14:10,7:14:10,26050.0,26050.0
22811267,200602001,24,0,0,,7:15:00,7:15:00,26100.0,26100.0
22811267,200508012,25,0,0,,7:16:20,7:16:20,26180.0,26180.0
22811267,200501001,26,0,0,,7:18:00,7:18:00,26280.0,26280.0
22811267,200508015,27,0,0,,7:19:40,7:19:40,26380.0,26380.0
22811267,200508016,28,0,0,,7:21:30,7:21:30,26490.0,26490.0
22811267,200508011,29,0,0,,7:22:40,7:22:40,26560.0,26560.0
22811267,200508003,30,0,0,,7:23:50,7:23:50,26630.0,26630.0
22811266,200404032,7,0,0,,7:00:30,7:00:30,25230.0,25230.0
22811266,200404016,8,0,0,,7:01:10,7:01:10,25270.0,25270.0
22811266,200404008,9,0,0,,7:01:40,7:01:40,25300.0,25300.0
22811266,200405036,10,0,0,,7:07:00,7:07:00,25620.0,25620.0
22811266,200405001,11,0,0,,7:09:20,7:09:20,25760.0,25760.0
22811266,200404001,12,0,0,,7:11:50,7:11:50,25910.0,25910.0
22811266,200404030,13,0,0,,7:12:50,7:12:50,25970.0,25970.0
22811266,200424001,14,0,0,,7:14:00,7:14:00,26040.0,26040.0
22811266,200406024,15,0,0,,7:16:50,7:16:50,26210.0,26210.0
22811266,200406016,16,0,0,,7:18:00,7:18:00,26280.0,26280.0
22811266,200406018,17,0,0,,7:18:30,7:18:30,26310.0,26310.0
22811266,200406004,18,0,0,,7:19:20,7:19:20,26360.0,26360.0
22811266,200406003,19,0,0,,7:20:10,7:20:10,26410.0,26410.0
22811266,200406019,20,0,0,,7:21:10,7:21:10,26470.0,26470.0
22811266,200416002,21,0,0,,7:22:30,7:22:30,26550.0,26550.0
22811266,200602002,22,0,0,,7:23:30,7:23:30,26610.0,26610.0
22811266,200602003,23,0,0,,7:24:10,7:24:10,26650.0,26650.0
22811266,200602001,24,0,0,,7:25:00,7:25:00,26700.0,26700.0
22811266,200508012,25,0,0,,7:26:20,7:26:20,26780.0,26780.0
22811266,200501001,26,0,0,,7:28:00,7:28:00,26880.0,26880.0
22811266,200508015,27,0,0,,7:29:40,7:29:40,26980.0,26980.0
22811266,200508016,28,0,0,,7:31:30,7:31:30,27090.0,27090.0
22811266,200508011,29,0,0,,7:32:40,7:32:40,27160.0,27160.0
22811266,200508003,30,0,0,,7:33:50,7:33:50,27230.0,27230.0
22811265,200304012,3,0,0,,7:00:20,7:00:20,25220.0,25220.0
22811265,200412021,4,0,0,,7:01:50,7:01:50,25310.0,25310.0
22811265,200412025,5,0,0,,7:04:20,7:04:20,25460.0,25460.0
22811265,200404032,6,0,0,,7:08:50,7:08:50,25730.0,25730.0
22811265,200404032,7,0,0,,7:10:30,7:10:30,25830.0,25830.0
22811265,200404016,8,0,0,,7:11:10,7:11:10,25870.0,25870.0
22811265,200404008,9,0,0,,7:11:40,7:11:40,25900.0,25900.0
22811265,200405036,10,0,0,,7:17:00,7:17:00,26220.0,26220.0
22811265,200405001,11,0,0,,7:19:20,7:19:20,26360.0,26360.0
22811265,200404001,12,0,0,,7:21:50,7:21:50,26510.0,26510.0
22811265,200404030,13,0,0,,7:22:50,7:22:50,26570.0,26570.0
22811265,200424001,14,0,0,,7:24:00,7:24:00,26640.0,26640.0
22811265,200406024,15,0,0,,7:26:50,7:26:50,26810.0,26810.0
22811265,200406016,16,0,0,,7:28:00,7:28:00,26880.0,26880.0
22811265,200406018,17,0,0,,7:28:30,7:28:30,26910.0,26910.0
22811265,200406004,18,0,0,,7:29:20,7:29:20,26960.0,26960.0
22811265,200406003,19,0,0,,7:30:10,7:30:10,27010.0,27010.0
22811265,200406019,20,0,0,,7:31:10,7:31:10,27070.0,27070.0
22811265,200416002,21,0,0,,7:32:30,7:32:30,27150.0,27150.0
22811265,200602002,22,0,0,,7:33:30,7:33:30,27210.0,27210.0
22811265,200602003,23,0,0,,7:34:10,7:34:10,27250.0,27250.0
22811265,200602001,24,0,0,,7:35:00,7:35:00,27300.0,27300.0
22811265,200508012,25,0,0,,7:36:20,7:36:20,27380.0,27380.0
22811265,200501001,26,0,0,,7:38:00,7:38:00,27480.0,27480.0
22811265,200508015,27,0,0,,7:39:40,7:39:40,27580.0,27580.0
22811265,200508016,28,0,0,,7:41:30,7:41:30,27690.0,27690.0
22811265,200508011,29,0,0,,7:42:40,7:42:40,27760.0,27760.0
22811265,200508003,30,0,0,,7:43:50,7:43:50,27830.0,27830.0
22811264,200303002,0,0,0,,7:04:00,7:04:00,25440.0,25440.0
22811264,200304007,1,0,0,,7:06:40,7:06:40,25600.0,25600.0
22811264,200304016,2,0,0,,7:08:50,7:08:50,25730.0,25730.0
22811264,200304012,3,0,0,,7:10:20,7:10:20,25820.0,25820.0
22811264,200412021,4,0,0,,7:11:50,7:11:50,25910.0,25910.0
22811264,200412025,5,0,0,,7:14:20,7:14:20,26060.0,26060.0
22811264,200404032,6,0,0,,7:18:50,7:18:50,26330.0,26330.0
22811264,200404032,7,0,0,,7:20:30,7:20:30,26430.0,26430.0
22811264,200404016,8,0,0,,7:21:10,7:21:10,26470.0,26470.0
22811264,200404008,9,0,0,,7:21:40,7:21:40,26500.0,26500.0
22811264,200405036,10,0,0,,7:27:00,7:27:00,26820.0,26820.0
22811264,200405001,11,0,0,,7:29:20,7:29:20,26960.0,26960.0
22811264,200404001,12,0,0,,7:31:50,7:31:50,27110.0,27110.0
22811264,200404030,13,0,0,,7:32:50,7:32:50,27170.0,27170.0
22811264,200424001,14,0,0,,7:34:00,7:34:00,27240.0,27240.0
22811264,200406024,15,0,0,,7:36:50,7:36:50,27410.0,27410.0
22811264,200406016,16,0,0,,7:38:00,7:38:00,27480.0,27480.0
22811264,200406018,17,0,0,,7:38:30,7:38:30,27510.0,27510.0
22811264,200406004,18,0,0,,7:39:20,7:39:20,27560.0,27560.0
22811264,200406003,19,0,0,,7:40:10,7:40:10,27610.0,27610.0
22811264,200406019,20,0,0,,7:41:10,7:41:10,27670.0,27670.0
22811264,200416002,21,0,0,,7:42:30,7:42:30,27750.0,27750.0
22811264,200602002,22,0,0,,7:43:30,7:43:30,27810.0,27810.0
22811264,200602003,23,0,0,,7:44:10,7:44:10,27850.0,27850.0
22811264,200602001,24,0,0,,7:45:00,7:45:00,27900.0,27900.0
22811264,200508012,25,0,0,,7:46:20,7:46:20,27980.0,27980.0
22811264,200501001,26,0,0,,7:48:00,7:48:00,28080.0,28080.0
22811264,200508015,27,0,0,,7:49:40,7:49:40,28180.0,28180.0
22811264,200508016,28,0,0,,7:51:30,7:51:30,28290.0,28290.0
22811264,200508011,29,0,0,,7:52:40,7:52:40,28360.0,28360.0
22811264,200508003,30,0,0,,7:53:50,7:53:50,28430.0,28430.0
22811263,200303002,0,0,0,,7:14:00,7:14:00,26040.0,26040.0
22811263,200304007,1,0,0,,7:16:40,7:16:40,26200.0,26200.0
22811263,200304016,2,0,0,,7:18:50,7:18:50,26330.0,26330.0
22811263,200304012,3,0,0,,7:20:20,7:20:20,26420.0,26420.0
22811263,200412021,4,0,0,,7:21:50,7:21:50,26510.0,26510.0
22811263,200412025,5,0,0,,7:24:20,7:24:20,26660.0,26660.0
22811263,200404032,6,0,0,,7:28:50,7:28:50,26930.0,26930.0
22811263,200404032,7,0,0,,7:30:30,7:30:30,27030.0,27030.0
22811263,200404016,8,0,0,,7:31:10,7:31:10,27070.0,27070.0
22811263,200404008,9,0,0,,7:31:40,7:31:40,27100.0,27100.0
22811263,200405036,10,0,0,,7:37:00,7:37:00,27420.0,27420.0
22811263,200405001,11,0,0,,7:39:20,7:39:20,27560.0,27560.0
22811263,200404001,12,0,0,,7:41:50,7:41:50,27710.0,27710.0
22811263,200404030,13,0,0,,7:42:50,7:42:50,27770.0,27770.0
22811263,200424001,14,0,0,,7:44:00,7:44:00,27840.0,27840.0
22811263,200406024,15,0,0,,7:46:50,7:46:50,28010.0,28010.0
22811263,200406016,16,0,0,,7:48:00,7:48:00,28080.0,28080.0
22811263,200406018,17,0,0,,7:48:30,7:48:30,28110.0,28110.0
22811263,200406004,18,0,0,,7:49:20,7:49:20,28160.0,28160.0
22811263,200406003,19,0,0,,7:50:10,7:50:10,28210.0,28210.0
22811263,200406019,20,0,0,,7:51:10,7:51:10,28270.0,28270.0
22811263,200416002,21,0,0,,7:52:30,7:52:30,28350.0,28350.0
22811263,200602002,22,0,0,,7:53:30,7:53:30,28410.0,28410.0
22811263,200602003,23,0,0,,7:54:10,7:54:10,28450.0,28450.0
22811263,200602001,24,0,0,,7:55:00,7:55:00,28500.0,28500.0
22811263,200508012,25,0,0,,7:56:20,7:56:20,28580.0,28580.0
22811263,200501001,26,0,0,,7:58:00,7:58:00,28680.0,28680.0
22811263,200508015,27,0,0,,7:59:40,7:59:40,28780.0,28780.0
22811263,200508016,28,0,0,,8:01:30,8:01:30,28890.0,28890.0
22811263,200508011,29,0,0,,8:02:40,8:02:40,28960.0,28960.0
22811263,200508003,30,0,0,,8:03:50,8:03:50,29030.0,29030.0
22811262,200303002,0,0,0,,7:24:00,7:24:00,26640.0,26640.0
22811262,200304007,1,0,0,,7:26:40,7:26:40,26800.0,26800.0
22811262,200304016,2,0,0,,7:28:50,7:28:50,26930.0,26930.0
22811262,200304012,3,0,0,,7:30:20,7:30:20,27020.0,27020.0
22811262,200412021,4,0,0,,7:31:50,7:31:50,27110.0,27110.0
22811262,200412025,5,0,0,,7:34:20,7:34:20,27260.0,27260.0
22811262,200404032,6,0,0,,7:38:50,7:38:50,27530.0,27530.0
22811262,200404032,7,0,0,,7:40:30,7:40:30,27630.0,27630.0
22811262,200404016,8,0,0,,7:41:10,7:41:10,27670.0,27670.0
22811262,200404008,9,0,0,,7:41:40,7:41:40,27700.0,27700.0
22811262,200405036,10,0,0,,7:47:00,7:47:00,28020.0,28020.0
22811262,200405001,11,0,0,,7:49:20,7:49:20,28160.0,28160.0
22811262,200404001,12,0,0,,7:51:50,7:51:50,28310.0,28310.0
22811262,200404030,13,0,0,,7:52:50,7:52:50,28370.0,28370.0
22811262,200424001,14,0,0,,7:54:00,7:54:00,28440.0,28440.0
22811262,200406024,15,0,0,,7:56:50,7:56:50,28610.0,28610.0
22811262,200406016,16,0,0,,7:58:00,7:58:00,28680.0,28680.0
22811262,200406018,17,0,0,,7:58:30,7:58:30,28710.0,28710.0
22811262,200406004,18,0,0,,7:59:20,7:59:20,28760.0,28760.0
22811262,200406003,19,0,0,,8:00:10,8:00:10,28810.0,28810.0
22811262,200406019,20,0,0,,8:01:10,8:01:10,28870.0,28870.0
22811262,200416002,21,0,0,,8:02:30,8:02:30,28950.0,28950.0
22811262,200602002,22,0,0,,8:03:30,8:03:30,29010.0,29010.0
22811262,200602003,23,0,0,,8:04:10,8:04:10,29050.0,29050.0
22811262,200602001,24,0,0,,8:05:00,8:05:00,29100.0,29100.0
22811262,200508012,25,0,0,,8:06:20,8:06:20,29180.0,29180.0
22811262,200501001,26,0,0,,8:08:00,8:08:00,29280.0,29280.0
22811262,200508015,27,0,0,,8:09:40,8:09:40,29380.0,29380.0
22811262,200508016,28,0,0,,8:11:30,8:11:30,29490.0,29490.0
22811262,200508011,29,0,0,,8:12:40,8:12:40,29560.0,29560.0
22811262,200508003,30,0,0,,8:13:50,8:13:50,29630.0,29630.0
22811261,200303002,0,0,0,,7:31:30,7:31:30,27090.0,27090.0
22811261,200304007,1,0,0,,7:34:10,7:34:10,27250.0,27250.0
22811261,200304016,2,0,0,,7:36:20,7:36:20,27380.0,27380.0
22811261,200304012,3,0,0,,7:37:50,7:37:50,27470.0,27470.0
22811261,200412021,4,0,0,,7:39:20,7:39:20,27560.0,27560.0
22811261,200412025,5,0,0,,7:41:50,7:41:50,27710.0,27710.0
22811261,200404032,6,0,0,,7:46:20,7:46:20,27980.0,27980.0
22811261,200404032,7,0,0,,7:48:00,7:48:00,28080.0,28080.0
22811261,200404016,8,0,0,,7:48:40,7:48:40,28120.0,28120.0
22811261,200404008,9,0,0,,7:49:10,7:49:10,28150.0,28150.0
22811261,200405036,10,0,0,,7:54:30,7:54:30,28470.0,28470.0
22811261,200405001,11,0,0,,7:56:50,7:56:50,28610.0,28610.0
22811261,200404001,12,0,0,,7:59:20,7:59:20,28760.0,28760.0
22811261,200404030,13,0,0,,8:00:20,8:00:20,28820.0,28820.0
22811261,200424001,14,0,0,,8:01:30,8:01:30,28890.0,28890.0
22811261,200406024,15,0,0,,8:04:20,8:04:20,29060.0,29060.0
22811261,200406016,16,0,0,,8:05:30,8:05:30,29130.0,29130.0
22811261,200406018,17,0,0,,8:06:00,8:06:00,29160.0,29160.0
22811261,200406004,18,0,0,,8:06:50,8:06:50,29210.0,29210.0
22811261,200406003,19,0,0,,8:07:40,8:07:40,29260.0,29260.0
22811261,200406019,20,0,0,,8:08:40,8:08:40,29320.0,29320.0
22811261,200416002,21,0,0,,8:10:00,8:10:00,29400.0,29400.0
22811261,200602002,22,0,0,,8:11:00,8:11:00,29460.0,29460.0
22811261,200602003,23,0,0,,8:11:40,8:11:40,29500.0,29500.0
22811261,200602001,24,0,0,,8:12:30,8:12:30,29550.0,29550.0
22811261,200508012,25,0,0,,8:13:50,8:13:50,29630.0,29630.0
22811261,200501001,26,0,0,,8:15:30,8:15:30,29730.0,29730.0
22811261,200508015,27,0,0,,8:17:10,8:17:10,29830.0,29830.0
22811261,200508016,28,0,0,,8:19:00,8:19:00,29940.0,29940.0
22811261,200508011,29,0,0,,8:20:10,8:20:10,30010.0,30010.0
22811261,200508003,30,0,0,,8:21:20,8:21:20,30080.0,30080.0
22811260,200303002,0,0,0,,7:39:00,7:39:00,27540.0,27540.0
22811260,200304007,1,0,0,,7:41:40,7:41:40,27700.0,27700.0
22811260,200304016,2,0,0,,7:43:50,7:43:50,27830.0,27830.0
22811260,200304012,3,0,0,,7:45:20,7:45:20,27920.0,27920.0
22811260,200412021,4,0,0,,7:46:50,7:46:50,28010.0,28010.0
22811260,200412025,5,0,0,,7:49:20,7:49:20,28160.0,28160.0
22811260,200404032,6,0,0,,7:53:50,7:53:50,28430.0,28430.0
22811260,200404032,7,0,0,,7:55:30,7:55:30,28530.0,28530.0
22811260,200404016,8,0,0,,7:56:10,7:56:10,28570.0,28570.0
22811260,200404008,9,0,0,,7:56:40,7:56:40,28600.0,28600.0
22811260,200405036,10,0,0,,8:02:00,8:02:00,28920.0,28920.0
22811260,200405001,11,0,0,,8:04:20,8:04:20,29060.0,29060.0
22811260,200404001,12,0,0,,8:06:50,8:06:50,29210.0,29210.0
22811260,200404030,13,0,0,,8:07:50,8:07:50,29270.0,29270.0
22811260,200424001,14,0,0,,8:09:00,8:09:00,29340.0,29340.0
22811260,200406024,15,0,0,,8:11:50,8:11:50,29510.0,29510.0
22811260,200406016,16,0,0,,8:13:00,8:13:00,29580.0,29580.0
22811260,200406018,17,0,0,,8:13:30,8:13:30,29610.0,29610.0
22811260,200406004,18,0,0,,8:14:20,8:14:20,29660.0,29660.0
22811260,200406003,19,0,0,,8:15:10,8:15:10,29710.0,29710.0
22811260,200406019,20,0,0,,8:16:10,8:16:10,29770.0,29770.0
22811260,200416002,21,0,0,,8:17:30,8:17:30,29850.0,29850.0
22811260,200602002,22,0,0,,8:18:30,8:18:30,29910.0,29910.0
22811260,200602003,23,0,0,,8:19:10,8:19:10,29950.0,29950.0
22811260,200602001,24,0,0,,8:20:00,8:20:00,30000.0,30000.0
22811260,200508012,25,0,0,,8:21:20,8:21:20,30080.0,30080.0
22811260,200501001,26,0,0,,8:23:00,8:23:00,30180.0,30180.0
22811260,200508015,27,0,0,,8:24:40,8:24:40,30280.0,30280.0
22811260,200508016,28,0,0,,8:26:30,8:26:30,30390.0,30390.0
22811260,200508011,29,0,0,,8:27:40,8:27:40,30460.0,30460.0
22811260,200508003,30,0,0,,8:28:50,8:28:50,30530.0,30530.0
22811259,200303002,0,0,0,,7:46:30,7:46:30,27990.0,27990.0
22811259,200304007,1,0,0,,7:49:10,7:49:10,28150.0,28150.0
22811259,200304016,2,0,0,,7:51:20,7:51:20,28280.0,28280.0
22811259,200304012,3,0,0,,7:52:50,7:52:50,28370.0,28370.0
22811259,200412021,4,0,0,,7:54:20,7:54:20,28460.0,28460.0
22811259,200412025,5,0,0,,7:56:50,7:56:50,28610.0,28610.0
22811259,200404032,6,0,0,,8:01:20,8:01:20,28880.0,28880.0
22811259,200404032,7,0,0,,8:03:00,8:03:00,28980.0,28980.0
22811259,200404016,8,0,0,,8:03:40,8:03:40,29020.0,29020.0
22811259,200404008,9,0,0,,8:04:10,8:04:10,29050.0,29050.0
22811259,200405036,10,0,0,,8:09:30,8:09:30,29370.0,29370.0
22811259,200405001,11,0,0,,8:11:50,8:11:50,29510.0,29510.0
22811259,200404001,12,0,0,,8:14:20,8:14:20,29660.0,29660.0
22811259,200404030,13,0,0,,8:15:20,8:15:20,29720.0,29720.0
22811259,200424001,14,0,0,,8:16:30,8:16:30,29790.0,29790.0
22811259,200406024,15,0,0,,8:19:20,8:19:20,29960.0,29960.0
22811259,200406016,16,0,0,,8:20:30,8:20:30,30030.0,30030.0
22811259,200406018,17,0,0,,8:21:00,8:21:00,30060.0,30060.0
22811259,200406004,18,0,0,,8:21:50,8:21:50,30110.0,30110.0
22811259,200406003,19,0,0,,8:22:40,8:22:40,30160.0,30160.0
22811259,200406019,20,0,0,,8:23:40,8:23:40,30220.0,30220.0
22811259,200416002,21,0,0,,8:25:00,8:25:00,30300.0,30300.0
22811259,200602002,22,0,0,,8:26:00,8:26:00,30360.0,30360.0
22811259,200602003,23,0,0,,8:26:40,8:26:40,30400.0,30400.0
22811259,200602001,24,0,0,,8:27:30,8:27:30,30450.0,30450.0
22811259,200508012,25,0,0,,8:28:50,8:28:50,30530.0,30530.0
22811259,200501001,26,0,0,,8:30:30,8:30:30,30630.0,30630.0
22811259,200508015,27,0,0,,8:32:10,8:32:10,30730.0,30730.0
22811259,200508016,28,0,0,,8:34:00,8:34:00,30840.0,30840.0
22811259,200508011,29,0,0,,8:35:10,8:35:10,30910.0,30910.0
22811259,200508003,30,0,0,,8:36:20,8:36:20,30980.0,30980.0
22811258,200303002,0,0,0,,7:54:00,7:54:00,28440.0,28440.0
22811258,200304007,1,0,0,,7:56:40,7:56:40,28600.0,28600.0
22811258,200304016,2,0,0,,7:58:50,7:58:50,28730.0,28730.0
22811258,200304012,3,0,0,,8:00:20,8:00:20,28820.0,28820.0
22811258,200412021,4,0,0,,8:01:50,8:01:50,28910.0,28910.0
22811258,200412025,5,0,0,,8:04:20,8:04:20,29060.0,29060.0
22811258,200404032,6,0,0,,8:08:50,8:08:50,29330.0,29330.0
22811258,200404032,7,0,0,,8:10:30,8:10:30,29430.0,29430.0
22811258,200404016,8,0,0,,8:11:10,8:11:10,29470.0,29470.0
22811258,200404008,9,0,0,,8:11:40,8:11:40,29500.0,29500.0
22811258,200405036,10,0,0,,8:17:00,8:17:00,29820.0,29820.0
22811258,200405001,11,0,0,,8:19:20,8:19:20,29960.0,29960.0
22811258,200404001,12,0,0,,8:21:50,8:21:50,30110.0,30110.0
22811258,200404030,13,0,0,,8:22:50,8:22:50,30170.0,30170.0
22811258,200424001,14,0,0,,8:24:00,8:24:00,30240.0,30240.0
22811258,200406024,15,0,0,,8:26:50,8:26:50,30410.0,30410.0
22811258,200406016,16,0,0,,8:28:00,8:28:00,30480.0,30480.0
22811258,200406018,17,0,0,,8:28:30,8:28:30,30510.0,30510.0
22811258,200406004,18,0,0,,8:29:20,8:29:20,30560.0,30560.0
22811258,200406003,19,0,0,,8:30:10,8:30:10,30610.0,30610.0
22811258,200406019,20,0,0,,8:31:10,8:31:10,30670.0,30670.0
22811258,200416002,21,0,0,,8:32:30,8:32:30,30750.0,30750.0
22811258,200602002,22,0,0,,8:33:30,8:33:30,30810.0,30810.0
22811258,200602003,23,0,0,,8:34:10,8:34:10,30850.0,30850.0
22811258,200602001,24,0,0,,8:35:00,8:35:00,30900.0,30900.0
22811258,200508012,25,0,0,,8:36:20,8:36:20,30980.0,30980.0
22811258,200501001,26,0,0,,8:38:00,8:38:00,31080.0,31080.0
22811258,200508015,27,0,0,,8:39:40,8:39:40,31180.0,31180.0
22811258,200508016,28,0,0,,8:41:30,8:41:30,31290.0,31290.0
22811258,200508011,29,0,0,,8:42:40,8:42:40,31360.0,31360.0
22811258,200508003,30,0,0,,8:43:50,8:43:50,31430.0,31430.0
22811257,200303002,0,0,0,,8:04:00,8:04:00,29040.0,29040.0
22811257,200304007,1,0,0,,8:06:40,8:06:40,29200.0,29200.0
22811257,200304016,2,0,0,,8:08:50,8:08:50,29330.0,29330.0
22811257,200304012,3,0,0,,8:10:20,8:10:20,29420.0,29420.0
22811257,200412021,4,0,0,,8:11:50,8:11:50,29510.0,29510.0
22811257,200412025,5,0,0,,8:14:20,8:14:20,29660.0,29660.0
22811257,200404032,6,0,0,,8:18:50,8:18:50,29930.0,29930.0
22811257,200404032,7,0,0,,8:20:30,8:20:30,30030.0,30030.0
22811257,200404016,8,0,0,,8:21:10,8:21:10,30070.0,30070.0
22811257,200404008,9,0,0,,8:21:40,8:21:40,30100.0,30100.0
22811257,200405036,10,0,0,,8:27:00,8:27:00,30420.0,30420.0
22811257,200405001,11,0,0,,8:29:20,8:29:20,30560.0,30560.0
22811257,200404001,12,0,0,,8:31:50,8:31:50,30710.0,30710.0
22811257,200404030,13,0,0,,8:32:50,8:32:50,30770.0,30770.0
22811257,200424001,14,0,0,,8:34:00,8:34:00,30840.0,30840.0
22811257,200406024,15,0,0,,8:36:50,8:36:50,31010.0,31010.0
22811257,200406016,16,0,0,,8:38:00,8:38:00,31080.0,31080.0
22811257,200406018,17,0,0,,8:38:30,8:38:30,31110.0,31110.0
22811257,200406004,18,0,0,,8:39:20,8:39:20,31160.0,31160.0
22811257,200406003,19,0,0,,8:40:10,8:40:10,31210.0,31210.0
22811257,200406019,20,0,0,,8:41:10,8:41:10,31270.0,31270.0
22811257,200416002,21,0,0,,8:42:30,8:42:30,31350.0,31350.0
22811257,200602002,22,0,0,,8:43:30,8:43:30,31410.0,31410.0
22811257,200602003,23,0,0,,8:44:10,8:44:10,31450.0,31450.0
22811257,200602001,24,0,0,,8:45:00,8:45:00,31500.0,31500.0
22811257,200508012,25,0,0,,8:46:20,8:46:20,31580.0,31580.0
22811257,200501001,26,0,0,,8:48:00,8:48:00,31680.0,31680.0
22811257,200508015,27,0,0,,8:49:40,8:49:40,31780.0,31780.0
22811257,200508016,28,0,0,,8:51:30,8:51:30,31890.0,31890.0
22811257,200508011,29,0,0,,8:52:40,8:52:40,31960.0,31960.0
22811257,200508003,30,0,0,,8:53:50,8:53:50,32030.0,32030.0
22811256,200303002,0,0,0,,8:14:00,8:14:00,29640.0,29640.0
22811256,200304007,1,0,0,,8:16:40,8:16:40,29800.0,29800.0
22811256,200304016,2,0,0,,8:18:50,8:18:50,29930.0,29930.0
22811256,200304012,3,0,0,,8:20:20,8:20:20,30020.0,30020.0
22811256,200412021,4,0,0,,8:21:50,8:21:50,30110.0,30110.0
22811256,200412025,5,0,0,,8:24:20,8:24:20,30260.0,30260.0
22811256,200404032,6,0,0,,8:28:50,8:28:50,30530.0,30530.0
22811256,200404032,7,0,0,,8:30:30,8:30:30,30630.0,30630.0
22811256,200404016,8,0,0,,8:31:10,8:31:10,30670.0,30670.0
22811256,200404008,9,0,0,,8:31:40,8:31:40,30700.0,30700.0
22811256,200405036,10,0,0,,8:37:00,8:37:00,31020.0,31020.0
22811256,200405001,11,0,0,,8:39:20,8:39:20,31160.0,31160.0
22811256,200404001,12,0,0,,8:41:50,8:41:50,31310.0,31310.0
22811256,200404030,13,0,0,,8:42:50,8:42:50,31370.0,31370.0
22811256,200424001,14,0,0,,8:44:00,8:44:00,31440.0,31440.0
22811256,200406024,15,0,0,,8:46:50,8:46:50,31610.0,31610.0
22811256,200406016,16,0,0,,8:48:00,8:48:00,31680.0,31680.0
22811256,200406018,17,0,0,,8:48:30,8:48:30,31710.0,31710.0
22811256,200406004,18,0,0,,8:49:20,8:49:20,31760.0,31760.0
22811256,200406003,19,0,0,,8:50:10,8:50:10,31810.0,31810.0
22811256,200406019,20,0,0,,8:51:10,8:51:10,31870.0,31870.0
22811256,200416002,21,0,0,,8:52:30,8:52:30,31950.0,31950.0
22811256,200602002,22,0,0,,8:53:30,8:53:30,32010.0,32010.0
22811256,200602003,23,0,0,,8:54:10,8:54:10,32050.0,32050.0
22811256,200602001,24,0,0,,8:55:00,8:55:00,32100.0,32100.0
22811256,200508012,25,0,0,,8:56:20,8:56:20,32180.0,32180.0
22811256,200501001,26,0,0,,8:58:00,8:58:00,32280.0,32280.0
22811256,200508015,27,0,0,,8:59:40,8:59:40,32380.0,32380.0
22811255,200303002,0,0,0,,8:24:00,8:24:00,30240.0,30240.0
22811255,200304007,1,0,0,,8:26:40,8:26:40,30400.0,30400.0
22811255,200304016,2,0,0,,8:28:50,8:28:50,30530.0,30530.0
22811255,200304012,3,0,0,,8:30:20,8:30:20,30620.0,30620.0
22811255,200412021,4,0,0,,8:31:50,8:31:50,30710.0,30710.0
22811255,200412025,5,0,0,,8:34:20,8:34:20,30860.0,30860.0
22811255,200404032,6,0,0,,8:38:50,8:38:50,31130.0,31130.0
22811255,200404032,7,0,0,,8:40:30,8:40:30,31230.0,31230.0
22811255,200404016,8,0,0,,8:41:10,8:41:10,31270.0,31270.0
22811255,200404008,9,0,0,,8:41:40,8:41:40,31300.0,31300.0
22811255,200405036,10,0,0,,8:47:00,8:47:00,31620.0,31620.0
22811255,200405001,11,0,0,,8:49:20,8:49:20,31760.0,31760.0
22811255,200404001,12,0,0,,8:51:50,8:51:50,31910.0,31910.0
22811255,200404030,13,0,0,,8:52:50,8:52:50,31970.0,31970.0
22811255,200424001,14,0,0,,8:54:00,8:54:00,32040.0,32040.0
22811255,200406024,15,0,0,,8:56:50,8:56:50,32210.0,32210.0
22811255,200406016,16,0,0,,8:58:00,8:58:00,32280.0,32280.0
22811255,200406018,17,0,0,,8:58:30,8:58:30,32310.0,32310.0
22811255,200406004,18,0,0,,8:59:20,8:59:20,32360.0,32360.0
22811254,200303002,0,0,0,,8:34:00,8:34:00,30840.0,30840.0
22811254,200304007,1,0,0,,8:36:40,8:36:40,31000.0,31000.0
22811254,200304016,2,0,0,,8:38:50,8:38:50,31130.0,31130.0
22811254,200304012,3,0,0,,8:40:20,8:40:20,31220.0,31220.0
22811254,200412021,4,0,0,,8:41:50,8:41:50,31310.0,31310.0
22811254,200412025,5,0,0,,8:44:20,8:44:20,31460.0,31460.0
22811254,200404032,6,0,0,,8:48:50,8:48:50,31730.0,31730.0
22811254,200404032,7,0,0,,8:50:30,8:50:30,31830.0,31830.0
22811254,200404016,8,0,0,,8:51:10,8:51:10,31870.0,31870.0
22811254,200404008,9,0,0,,8:51:40,8:51:40,31900.0,31900.0
22811254,200405036,10,0,0,,8:57:00,8:57:00,32220.0,32220.0
22811254,200405001,11,0,0,,8:59:20,8:59:20,32360.0,32360.0
22811253,200303002,0,0,0,,8:44:00,8:44:00,31440.0,31440.0
22811253,200304007,1,0,0,,8:46:40,8:46:40,31600.0,31600.0
22811253,200304016,2,0,0,,8:48:50,8:48:50,31730.0,31730.0
22811253,200304012,3,0,0,,8:50:20,8:50:20,31820.0,31820.0
22811253,200412021,4,0,0,,8:51:50,8:51:50,31910.0,31910.0
22811253,200412025,5,0,0,,8:54:20,8:54:20,32060.0,32060.0
22811253,200404032,6,0,0,,8:58:50,8:58:50,32330.0,32330.0
22811252,200303002,0,0,0,,8:54:00,8:54:00,32040.0,32040.0
22811252,200304007,1,0,0,,8:56:40,8:56:40,32200.0,32200.0
22811252,200304016,2,0,0,,8:58:50,8:58:50,32330.0,32330.0
22811084,200304007,28,0,0,,7:00:20,7:00:20,25220.0,25220.0
22811084,200303002,29,0,0,,7:01:50,7:01:50,25310.0,25310.0
22811083,200412025,24,0,0,,7:03:00,7:03:00,25380.0,25380.0
22811083,200412021,25,0,0,,7:05:40,7:05:40,25540.0,25540.0
22811083,200304012,26,0,0,,7:06:40,7:06:40,25600.0,25600.0
22811083,200304016,27,0,0,,7:08:00,7:08:00,25680.0,25680.0
22811083,200304007,28,0,0,,7:10:20,7:10:20,25820.0,25820.0
22811083,200303002,29,0,0,,7:11:50,7:11:50,25910.0,25910.0
22811082,200405036,20,0,0,,7:02:00,7:02:00,25320.0,25320.0
22811082,200404008,21,0,0,,7:06:20,7:06:20,25580.0,25580.0
22811082,200404016,22,0,0,,7:07:00,7:07:00,25620.0,25620.0
22811082,200404032,23,0,0,,7:09:00,7:09:00,25740.0,25740.0
22811082,200412025,24,0,0,,7:13:00,7:13:00,25980.0,25980.0
22811082,200412021,25,0,0,,7:15:40,7:15:40,26140.0,26140.0
22811082,200304012,26,0,0,,7:16:40,7:16:40,26200.0,26200.0
22811082,200304016,27,0,0,,7:18:00,7:18:00,26280.0,26280.0
22811082,200304007,28,0,0,,7:20:20,7:20:20,26420.0,26420.0
22811082,200303002,29,0,0,,7:21:50,7:21:50,26510.0,26510.0
22811081,200406018,13,0,0,,7:00:00,7:00:00,25200.0,25200.0
22811081,200406016,14,0,0,,7:00:30,7:00:30,25230.0,25230.0
22811081,200406024,15,0,0,,7:01:40,7:01:40,25300.0,25300.0
22811081,200424001,16,0,0,,7:04:00,7:04:00,25440.0,25440.0
22811081,200404030,17,0,0,,7:05:20,7:05:20,25520.0,25520.0
22811081,200404001,18,0,0,,7:06:20,7:06:20,25580.0,25580.0
22811081,200405039,19,0,0,,7:08:40,7:08:40,25720.0,25720.0
22811081,200405036,20,0,0,,7:12:00,7:12:00,25920.0,25920.0
22811081,200404008,21,0,0,,7:16:20,7:16:20,26180.0,26180.0
22811081,200404016,22,0,0,,7:17:00,7:17:00,26220.0,26220.0
22811081,200404032,23,0,0,,7:19:00,7:19:00,26340.0,26340.0
22811081,200412025,24,0,0,,7:23:00,7:23:00,26580.0,26580.0
22811081,200412021,25,0,0,,7:25:40,7:25:40,26740.0,26740.0
22811081,200304012,26,0,0,,7:26:40,7:26:40,26800.0,26800.0
22811081,200304016,27,0,0,,7:28:00,7:28:00,26880.0,26880.0
22811081,200304007,28,0,0,,7:30:20,7:30:20,27020.0,27020.0
22811081,200303002,29,0,0,,7:31:50,7:31:50,27110.0,27110.0
22811080,200508012,5,0,0,,7:02:30,7:02:30,25350.0,25350.0
22811080,200602001,6,0,0,,7:03:30,7:03:30,25410.0,25410.0
22811080,200602003,7,0,0,,7:04:40,7:04:40,25480.0,25480.0
22811080,200602002,8,0,0,,7:05:30,7:05:30,25530.0,25530.0
22811080,200416002,9,0,0,,7:06:40,7:06:40,25600.0,25600.0
22811080,200406019,10,0,0,,7:07:20,7:07:20,25640.0,25640.0
22811080,200406003,11,0,0,,7:08:30,7:08:30,25710.0,25710.0
22811080,200406004,12,0,0,,7:09:20,7:09:20,25760.0,25760.0
22811080,200406018,13,0,0,,7:10:00,7:10:00,25800.0,25800.0
22811080,200406016,14,0,0,,7:10:30,7:10:30,25830.0,25830.0
22811080,200406024,15,0,0,,7:11:40,7:11:40,25900.0,25900.0
22811080,200424001,16,0,0,,7:14:00,7:14:00,26040.0,26040.0
22811080,200404030,17,0,0,,7:15:20,7:15:20,26120.0,26120.0
22811080,200404001,18,0,0,,7:16:20,7:16:20,26180.0,26180.0
22811080,200405039,19,0,0,,7:18:40,7:18:40,26320.0,26320.0
22811080,200405036,20,0,0,,7:22:00,7:22:00,26520.0,26520.0
22811080,200404008,21,0,0,,7:26:20,7:26:20,26780.0,26780.0
22811080,200404016,22,0,0,,7:27:00,7:27:00,26820.0,26820.0
22811080,200404032,23,0,0,,7:29:00,7:29:00,26940.0,26940.0
22811080,200412025,24,0,0,,7:33:00,7:33:00,27180.0,27180.0
22811080,200412021,25,0,0,,7:35:40,7:35:40,27340.0,27340.0
22811080,200304012,26,0,0,,7:36:40,7:36:40,27400.0,27400.0
22811080,200304016,27,0,0,,7:38:00,7:38:00,27480.0,27480.0
22811080,200304007,28,0,0,,7:40:20,7:40:20,27620.0,27620.0
22811080,200303002,29,0,0,,7:41:50,7:41:50,27710.0,27710.0
22811079,200508003,0,0,0,,7:01:30,7:01:30,25290.0,25290.0
22811079,200508011,1,0,0,,7:02:50,7:02:50,25370.0,25370.0
22811079,200508016,2,0,0,,7:04:00,7:04:00,25440.0,25440.0
22811079,200508015,3,0,0,,7:05:50,7:05:50,25550.0,25550.0
22811079,200501001,4,0,0,,7:09:00,7:09:00,25740.0,25740.0
22811079,200508012,5,0,0,,7:12:30,7:12:30,25950.0,25950.0
22811079,200602001,6,0,0,,7:13:30,7:13:30,26010.0,26010.0
22811079,200602003,7,0,0,,7:14:40,7:14:40,26080.0,26080.0
22811079,200602002,8,0,0,,7:15:30,7:15:30,26130.0,26130.0
22811079,200416002,9,0,0,,7:16:40,7:16:40,26200.0,26200.0
22811079,200406019,10,0,0,,7:17:20,7:17:20,26240.0,26240.0
22811079,200406003,11,0,0,,7:18:30,7:18:30,26310.0,26310.0
22811079,200406004,12,0,0,,7:19:20,7:19:20,26360.0,26360.0
22811079,200406018,13,0,0,,7:20:00,7:20:00,26400.0,26400.0
22811079,200406016,14,0,0,,7:20:30,7:20:30,26430.0,26430.0
22811079,200406024,15,0,0,,7:21:40,7:21:40,26500.0,26500.0
22811079,200424001,16,0,0,,7:24:00,7:24:00,26640.0,26640.0
22811079,200404030,17,0,0,,7:25:20,7:25:20,26720.0,26720.0
22811079,200404001,18,0,0,,7:26:20,7:26:20,26780.0,26780.0
22811079,200405039,19,0,0,,7:28:40,7:28:40,26920.0,26920.0
22811079,200405036,20,0,0,,7:32:00,7:32:00,27120.0,27120.0
22811079,200404008,21,0,0,,7:36:20,7:36:20,27380.0,27380.0
22811079,200404016,22,0,0,,7:37:00,7:37:00,27420.0,27420.0
22811079,200404032,23,0,0,,7:39:00,7:39:00,27540.0,27540.0
22811079,200412025,24,0,0,,7:43:00,7:43:00,27780.0,27780.0
22811079,200412021,25,0,0,,7:45:40,7:45:40,27940.0,27940.0
22811079,200304012,26,0,0,,7:46:40,7:46:40,28000.0,28000.0
22811079,200304016,27,0,0,,7:48:00,7:48:00,28080.0,28080.0
22811079,200304007,28,0,0,,7:50:20,7:50:20,28220.0,28220.0
22811079,200303002,29,0,0,,7:51:50,7:51:50,28310.0,28310.0
22811078,200508003,0,0,0,,7:11:30,7:11:30,25890.0,25890.0
22811078,200508011,1,0,0,,7:12:50,7:12:50,25970.0,25970.0
22811078,200508016,2,0,0,,7:14:00,7:14:00,26040.0,26040.0
22811078,200508015,3,0,0,,7:15:50,7:15:50,26150.0,26150.0
22811078,200501001,4,0,0,,7:19:00,7:19:00,26340.0,26340.0
22811078,200508012,5,0,0,,7:22:30,7:22:30,26550.0,26550.0
22811078,200602001,6,0,0,,7:23:30,7:23:30,26610.0,26610.0
22811078,200602003,7,0,0,,7:24:40,7:24:40,26680.0,26680.0
22811078,200602002,8,0,0,,7:25:30,7:25:30,26730.0,26730.0
22811078,200416002,9,0,0,,7:26:40,7:26:40,26800.0,26800.0
22811078,200406019,10,0,0,,7:27:20,7:27:20,26840.0,26840.0
22811078,200406003,11,0,0,,7:28:30,7:28:30,26910.0,26910.0
22811078,200406004,12,0,0,,7:29:20,7:29:20,26960.0,26960.0
22811078,200406018,13,0,0,,7:30:00,7:30:00,27000.0,27000.0
22811078,200406016,14,0,0,,7:30:30,7:30:30,27030.0,27030.0
22811078,200406024,15,0,0,,7:31:40,7:31:40,27100.0,27100.0
22811078,200424001,16,0,0,,7:34:00,7:34:00,27240.0,27240.0
22811078,200404030,17,0,0,,7:35:20,7:35:20,27320.0,27320.0
22811078,200404001,18,0,0,,7:36:20,7:36:20,27380.0,27380.0
22811078,200405039,19,0,0,,7:38:40,7:38:40,27520.0,27520.0
22811078,200405036,20,0,0,,7:42:00,7:42:00,27720.0,27720.0
22811078,200404008,21,0,0,,7:46:20,7:46:20,27980.0,27980.0
22811078,200404016,22,0,0,,7:47:00,7:47:00,28020.0,28020.0
22811078,200404032,23,0,0,,7:49:00,7:49:00,28140.0,28140.0
22811078,200412025,24,0,0,,7:53:00,7:53:00,28380.0,28380.0
22811078,200412021,25,0,0,,7:55:40,7:55:40,28540.0,28540.0
22811078,200304012,26,0,0,,7:56:40,7:56:40,28600.0,28600.0
22811078,200304016,27,0,0,,7:58:00,7:58:00,28680.0,28680.0
22811078,200304007,28,0,0,,8:00:20,8:00:20,28820.0,28820.0
22811078,200303002,29,0,0,,8:01:50,8:01:50,28910.0,28910.0
22811077,200508003,0,0,0,,7:21:30,7:21:30,26490.0,26490.0
22811077,200508011,1,0,0,,7:22:50,7:22:50,26570.0,26570.0
22811077,200508016,2,0,0,,7:24:00,7:24:00,26640.0,26640.0
22811077,200508015,3,0,0,,7:25:50,7:25:50,26750.0,26750.0
22811077,200501001,4,0,0,,7:29:00,7:29:00,26940.0,26940.0
22811077,200508012,5,0,0,,7:32:30,7:32:30,27150.0,27150.0
22811077,200602001,6,0,0,,7:33:30,7:33:30,27210.0,27210.0
22811077,200602003,7,0,0,,7:34:40,7:34:40,27280.0,27280.0
22811077,200602002,8,0,0,,7:35:30,7:35:30,27330.0,27330.0
22811077,200416002,9,0,0,,7:36:40,7:36:40,27400.0,27400.0
22811077,200406019,10,0,0,,7:37:20,7:37:20,27440.0,27440.0
22811077,200406003,11,0,0,,7:38:30,7:38:30,27510.0,27510.0
22811077,200406004,12,0,0,,7:39:20,7:39:20,27560.0,27560.0
22811077,200406018,13,0,0,,7:40:00,7:40:00,27600.0,27600.0
22811077,200406016,14,0,0,,7:40:30,7:40:30,27630.0,27630.0
22811077,200406024,15,0,0,,7:41:40,7:41:40,27700.0,27700.0
22811077,200424001,16,0,0,,7:44:00,7:44:00,27840.0,27840.0
22811077,200404030,17,0,0,,7:45:20,7:45:20,27920.0,27920.0
22811077,200404001,18,0,0,,7:46:20,7:46:20,27980.0,27980.0
22811077,200405039,19,0,0,,7:48:40,7:48:40,28120.0,28120.0
22811077,200405036,20,0,0,,7:52:00,7:52:00,28320.0,28320.0
22811077,200404008,21,0,0,,7:56:20,7:56:20,28580.0,28580.0
22811077,200404016,22,0,0,,7:57:00,7:57:00,28620.0,28620.0
22811077,200404032,23,0,0,,7:59:00,7:59:00,28740.0,28740.0
22811077,200412025,24,0,0,,8:03:00,8:03:00,28980.0,28980.0
22811077,200412021,25,0,0,,8:05:40,8:05:40,29140.0,29140.0
22811077,200304012,26,0,0,,8:06:40,8:06:40,29200.0,29200.0
22811077,200304016,27,0,0,,8:08:00,8:08:00,29280.0,29280.0
22811077,200304007,28,0,0,,8:10:20,8:10:20,29420.0,29420.0
22811077,200303002,29,0,0,,8:11:50,8:11:50,29510.0,29510.0
22811076,200508003,0,0,0,,7:31:30,7:31:30,27090.0,27090.0
22811076,200508011,1,0,0,,7:32:50,7:32:50,27170.0,27170.0
22811076,200508016,2,0,0,,7:34:00,7:34:00,27240.0,27240.0
22811076,200508015,3,0,0,,7:35:50,7:35:50,27350.0,27350.0
22811076,200501001,4,0,0,,7:39:00,7:39:00,27540.0,27540.0
22811076,200508012,5,0,0,,7:42:30,7:42:30,27750.0,27750.0
22811076,200602001,6,0,0,,7:43:30,7:43:30,27810.0,27810.0
22811076,200602003,7,0,0,,7:44:40,7:44:40,27880.0,27880.0
22811076,200602002,8,0,0,,7:45:30,7:45:30,27930.0,27930.0
22811076,200416002,9,0,0,,7:46:40,7:46:40,28000.0,28000.0
22811076,200406019,10,0,0,,7:47:20,7:47:20,28040.0,28040.0
22811076,200406003,11,0,0,,7:48:30,7:48:30,28110.0,28110.0
22811076,200406004,12,0,0,,7:49:20,7:49:20,28160.0,28160.0
22811076,200406018,13,0,0,,7:50:00,7:50:00,28200.0,28200.0
22811076,200406016,14,0,0,,7:50:30,7:50:30,28230.0,28230.0
22811076,200406024,15,0,0,,7:51:40,7:51:40,28300.0,28300.0
22811076,200424001,16,0,0,,7:54:00,7:54:00,28440.0,28440.0
22811076,200404030,17,0,0,,7:55:20,7:55:20,28520.0,28520.0
22811076,200404001,18,0,0,,7:56:20,7:56:20,28580.0,28580.0
22811076,200405039,19,0,0,,7:58:40,7:58:40,28720.0,28720.0
22811076,200405036,20,0,0,,8:02:00,8:02:00,28920.0,28920.0
22811076,200404008,21,0,0,,8:06:20,8:06:20,29180.0,29180.0
22811076,200404016,22,0,0,,8:07:00,8:07:00,29220.0,29220.0
22811076,200404032,23,0,0,,8:09:00,8:09:00,29340.0,29340.0
22811076,200412025,24,0,0,,8:13:00,8:13:00,29580.0,29580.0
22811076,200412021,25,0,0,,8:15:40,8:15:40,29740.0,29740.0
22811076,200304012,26,0,0,,8:16:40,8:16:40,29800.0,29800.0
22811076,200304016,27,0,0,,8:18:00,8:18:00,29880.0,29880.0
22811076,200304007,28,0,0,,8:20:20,8:20:20,30020.0,30020.0
22811076,200303002,29,0,0,,8:21:50,8:21:50,30110.0,30110.0
22811075,200508003,0,0,0,,7:41:30,7:41:30,27690.0,27690.0
22811075,200508011,1,0,0,,7:42:50,7:42:50,27770.0,27770.0
22811075,200508016,2,0,0,,7:44:00,7:44:00,27840.0,27840.0
22811075,200508015,3,0,0,,7:45:50,7:45:50,27950.0,27950.0
22811075,200501001,4,0,0,,7:49:00,7:49:00,28140.0,28140.0
22811075,200508012,5,0,0,,7:52:30,7:52:30,28350.0,28350.0
22811075,200602001,6,0,0,,7:53:30,7:53:30,28410.0,28410.0
22811075,200602003,7,0,0,,7:54:40,7:54:40,28480.0,28480.0
22811075,200602002,8,0,0,,7:55:30,7:55:30,28530.0,28530.0
22811075,200416002,9,0,0,,7:56:40,7:56:40,28600.0,28600.0
22811075,200406019,10,0,0,,7:57:20,7:57:20,28640.0,28640.0
22811075,200406003,11,0,0,,7:58:30,7:58:30,28710.0,28710.0
22811075,200406004,12,0,0,,7:59:20,7:59:20,28760.0,28760.0
22811075,200406018,13,0,0,,8:00:00,8:00:00,28800.0,28800.0
22811075,200406016,14,0,0,,8:00:30,8:00:30,28830.0,28830.0
22811075,200406024,15,0,0,,8:01:40,8:01:40,28900.0,28900.0
22811075,200424001,16,0,0,,8:04:00,8:04:00,29040.0,29040.0
22811075,200404030,17,0,0,,8:05:20,8:05:20,29120.0,29120.0
22811075,200404001,18,0,0,,8:06:20,8:06:20,29180.0,29180.0
22811075,200405039,19,0,0,,8:08:40,8:08:40,29320.0,29320.0
22811075,200405036,20,0,0,,8:12:00,8:12:00,29520.0,29520.0
22811075,200404008,21,0,0,,8:16:20,8:16:20,29780.0,29780.0
22811075,200404016,22,0,0,,8:17:00,8:17:00,29820.0,29820.0
22811075,200404032,23,0,0,,8:19:00,8:19:00,29940.0,29940.0
22811075,200412025,24,0,0,,8:23:00,8:23:00,30180.0,30180.0
22811075,200412021,25,0,0,,8:25:40,8:25:40,30340.0,30340.0
22811075,200304012,26,0,0,,8:26:40,8:26:40,30400.0,30400.0
22811075,200304016,27,0,0,,8:28:00,8:28:00,30480.0,30480.0
22811075,200304007,28,0,0,,8:30:20,8:30:20,30620.0,30620.0
22811075,200303002,29,0,0,,8:31:50,8:31:50,30710.0,30710.0
22811074,200508003,0,0,0,,7:51:30,7:51:30,28290.0,28290.0
22811074,200508011,1,0,0,,7:52:50,7:52:50,28370.0,28370.0
22811074,200508016,2,0,0,,7:54:00,7:54:00,28440.0,28440.0
22811074,200508015,3,0,0,,7:55:50,7:55:50,28550.0,28550.0
22811074,200501001,4,0,0,,7:59:00,7:59:00,28740.0,28740.0
22811074,200508012,5,0,0,,8:02:30,8:02:30,28950.0,28950.0
22811074,200602001,6,0,0,,8:03:30,8:03:30,29010.0,29010.0
22811074,200602003,7,0,0,,8:04:40,8:04:40,29080.0,29080.0
22811074,200602002,8,0,0,,8:05:30,8:05:30,29130.0,29130.0
22811074,200416002,9,0,0,,8:06:40,8:06:40,29200.0,29200.0
22811074,200406019,10,0,0,,8:07:20,8:07:20,29240.0,29240.0
22811074,200406003,11,0,0,,8:08:30,8:08:30,29310.0,29310.0
22811074,200406004,12,0,0,,8:09:20,8:09:20,29360.0,29360.0
22811074,200406018,13,0,0,,8:10:00,8:10:00,29400.0,29400.0
22811074,200406016,14,0,0,,8:10:30,8:10:30,29430.0,29430.0
22811074,200406024,15,0,0,,8:11:40,8:11:40,29500.0,29500.0
22811074,200424001,16,0,0,,8:14:00,8:14:00,29640.0,29640.0
22811074,200404030,17,0,0,,8:15:20,8:15:20,29720.0,29720.0
22811074,200404001,18,0,0,,8:16:20,8:16:20,29780.0,29780.0
22811074,200405039,19,0,0,,8:18:40,8:18:40,29920.0,29920.0
22811074,200405036,20,0,0,,8:22:00,8:22:00,30120.0,30120.0
22811074,200404008,21,0,0,,8:26:20,8:26:20,30380.0,30380.0
22811074,200404016,22,0,0,,8:27:00,8:27:00,30420.0,30420.0
22811074,200404032,23,0,0,,8:29:00,8:29:00,30540.0,30540.0
22811074,200412025,24,0,0,,8:33:00,8:33:00,30780.0,30780.0
22811074,200412021,25,0,0,,8:35:40,8:35:40,30940.0,30940.0
22811074,200304012,26,0,0,,8:36:40,8:36:40,31000.0,31000.0
22811074,200304016,27,0,0,,8:38:00,8:38:00,31080.0,31080.0
22811074,200304007,28,0,0,,8:40:20,8:40:20,31220.0,31220.0
22811074,200303002,29,0,0,,8:41:50,8:41:50,31310.0,31310.0
22811073,200508003,0,0,0,,8:01:30,8:01:30,28890.0,28890.0
22811073,200508011,1,0,0,,8:02:50,8:02:50,28970.0,28970.0
22811073,200508016,2,0,0,,8:04:00,8:04:00,29040.0,29040.0
22811073,200508015,3,0,0,,8:05:50,8:05:50,29150.0,29150.0
22811073,200501001,4,0,0,,8:09:00,8:09:00,29340.0,29340.0
22811073,200508012,5,0,0,,8:12:30,8:12:30,29550.0,29550.0
22811073,200602001,6,0,0,,8:13:30,8:13:30,29610.0,29610.0
22811073,200602003,7,0,0,,8:14:40,8:14:40,29680.0,29680.0
22811073,200602002,8,0,0,,8:15:30,8:15:30,29730.0,29730.0
22811073,200416002,9,0,0,,8:16:40,8:16:40,29800.0,29800.0
22811073,200406019,10,0,0,,8:17:20,8:17:20,29840.0,29840.0
22811073,200406003,11,0,0,,8:18:30,8:18:30,29910.0,29910.0
22811073,200406004,12,0,0,,8:19:20,8:19:20,29960.0,29960.0
22811073,200406018,13,0,0,,8:20:00,8:20:00,30000.0,30000.0
22811073,200406016,14,0,0,,8:20:30,8:20:30,30030.0,30030.0
22811073,200406024,15,0,0,,8:21:40,8:21:40,30100.0,30100.0
22811073,200424001,16,0,0,,8:24:00,8:24:00,30240.0,30240.0
22811073,200404030,17,0,0,,8:25:20,8:25:20,30320.0,30320.0
22811073,200404001,18,0,0,,8:26:20,8:26:20,30380.0,30380.0
22811073,200405039,19,0,0,,8:28:40,8:28:40,30520.0,30520.0
22811073,200405036,20,0,0,,8:32:00,8:32:00,30720.0,30720.0
22811073,200404008,21,0,0,,8:36:20,8:36:20,30980.0,30980.0
22811073,200404016,22,0,0,,8:37:00,8:37:00,31020.0,31020.0
22811073,200404032,23,0,0,,8:39:00,8:39:00,31140.0,31140.0
22811073,200412025,24,0,0,,8:43:00,8:43:00,31380.0,31380.0
22811073,200412021,25,0,0,,8:45:40,8:45:40,31540.0,31540.0
22811073,200304012,26,0,0,,8:46:40,8:46:40,31600.0,31600.0
22811073,200304016,27,0,0,,8:48:00,8:48:00,31680.0,31680.0
22811073,200304007,28,0,0,,8:50:20,8:50:20,31820.0,31820.0
22811073,200303002,29,0,0,,8:51:50,8:51:50,31910.0,31910.0
22811072,200508003,0,0,0,,8:11:30,8:11:30,29490.0,29490.0
22811072,200508011,1,0,0,,8:12:50,8:12:50,29570.0,29570.0
22811072,200508016,2,0,0,,8:14:00,8:14:00,29640.0,29640.0
22811072,200508015,3,0,0,,8:15:50,8:15:50,29750.0,29750.0
22811072,200501001,4,0,0,,8:19:00,8:19:00,29940.0,29940.0
22811072,200508012,5,0,0,,8:22:30,8:22:30,30150.0,30150.0
22811072,200602001,6,0,0,,8:23:30,8:23:30,30210.0,30210.0
22811072,200602003,7,0,0,,8:24:40,8:24:40,30280.0,30280.0
22811072,200602002,8,0,0,,8:25:30,8:25:30,30330.0,30330.0
22811072,200416002,9,0,0,,8:26:40,8:26:40,30400.0,30400.0
22811072,200406019,10,0,0,,8:27:20,8:27:20,30440.0,30440.0
22811072,200406003,11,0,0,,8:28:30,8:28:30,30510.0,30510.0
22811072,200406004,12,0,0,,8:29:20,8:29:20,30560.0,30560.0
22811072,200406018,13,0,0,,8:30:00,8:30:00,30600.0,30600.0
22811072,200406016,14,0,0,,8:30:30,8:30:30,30630.0,30630.0
22811072,200406024,15,0,0,,8:31:40,8:31:40,30700.0,30700.0
22811072,200424001,16,0,0,,8:34:00,8:34:00,30840.0,30840.0
22811072,200404030,17,0,0,,8:35:20,8:35:20,30920.0,30920.0
22811072,200404001,18,0,0,,8:36:20,8:36:20,30980.0,30980.0
22811072,200405039,19,0,0,,8:38:40,8:38:40,31120.0,31120.0
22811072,200405036,20,0,0,,8:42:00,8:42:00,31320.0,31320.0
22811072,200404008,21,0,0,,8:46:20,8:46:20,31580.0,31580.0
22811072,200404016,22,0,0,,8:47:00,8:47:00,31620.0,31620.0
22811072,200404032,23,0,0,,8:49:00,8:49:00,31740.0,31740.0
22811072,200412025,24,0,0,,8:53:00,8:53:00,31980.0,31980.0
22811072,200412021,25,0,0,,8:55:40,8:55:40,32140.0,32140.0
22811072,200304012,26,0,0,,8:56:40,8:56:40,32200.0,32200.0
22811072,200304016,27,0,0,,8:58:00,8:58:00,32280.0,32280.0
22811071,200508003,0,0,0,,8:21:30,8:21:30,30090.0,30090.0
22811071,200508011,1,0,0,,8:22:50,8:22:50,30170.0,30170.0
22811071,200508016,2,0,0,,8:24:00,8:24:00,30240.0,30240.0
22811071,200508015,3,0,0,,8:25:50,8:25:50,30350.0,30350.0
22811071,200501001,4,0,0,,8:29:00,8:29:00,30540.0,30540.0
22811071,200508012,5,0,0,,8:32:30,8:32:30,30750.0,30750.0
22811071,200602001,6,0,0,,8:33:30,8:33:30,30810.0,30810.0
22811071,200602003,7,0,0,,8:34:40,8:34:40,30880.0,30880.0
22811071,200602002,8,0,0,,8:35:30,8:35:30,30930.0,30930.0
22811071,200416002,9,0,0,,8:36:40,8:36:40,31000.0,31000.0
22811071,200406019,10,0,0,,8:37:20,8:37:20,31040.0,31040.0
22811071,200406003,11,0,0,,8:38:30,8:38:30,31110.0,31110.0
22811071,200406004,12,0,0,,8:39:20,8:39:20,31160.0,31160.0
22811071,200406018,13,0,0,,8:40:00,8:40:00,31200.0,31200.0
22811071,200406016,14,0,0,,8:40:30,8:40:30,31230.0,31230.0
22811071,200406024,15,0,0,,8:41:40,8:41:40,31300.0,31300.0
22811071,200424001,16,0,0,,8:44:00,8:44:00,31440.0,31440.0
22811071,200404030,17,0,0,,8:45:20,8:45:20,31520.0,31520.0
22811071,200404001,18,0,0,,8:46:20,8:46:20,31580.0,31580.0
22811071,200405039,19,0,0,,8:48:40,8:48:40,31720.0,31720.0
22811071,200405036,20,0,0,,8:52:00,8:52:00,31920.0,31920.0
22811071,200404008,21,0,0,,8:56:20,8:56:20,32180.0,32180.0
22811071,200404016,22,0,0,,8:57:00,8:57:00,32220.0,32220.0
22811071,200404032,23,0,0,,8:59:00,8:59:00,32340.0,32340.0
22811070,200508003,0,0,0,,8:31:30,8:31:30,30690.0,30690.0
22811070,200508011,1,0,0,,8:32:50,8:32:50,30770.0,30770.0
22811070,200508016,2,0,0,,8:34:00,8:34:00,30840.0,30840.0
22811070,200508015,3,0,0,,8:35:50,8:35:50,30950.0,30950.0
22811070,200501001,4,0,0,,8:39:00,8:39:00,31140.0,31140.0
22811070,200508012,5,0,0,,8:42:30,8:42:30,31350.0,31350.0
22811070,200602001,6,0,0,,8:43:30,8:43:30,31410.0,31410.0
22811070,200602003,7,0,0,,8:44:40,8:44:40,31480.0,31480.0
22811070,200602002,8,0,0,,8:45:30,8:45:30,31530.0,31530.0
22811070,200416002,9,0,0,,8:46:40,8:46:40,31600.0,31600.0
22811070,200406019,10,0,0,,8:47:20,8:47:20,31640.0,31640.0
22811070,200406003,11,0,0,,8:48:30,8:48:30,31710.0,31710.0
22811070,200406004,12,0,0,,8:49:20,8:49:20,31760.0,31760.0
22811070,200406018,13,0,0,,8:50:00,8:50:00,31800.0,31800.0
22811070,200406016,14,0,0,,8:50:30,8:50:30,31830.0,31830.0
22811070,200406024,15,0,0,,8:51:40,8:51:40,31900.0,31900.0
22811070,200424001,16,0,0,,8:54:00,8:54:00,32040.0,32040.0
22811070,200404030,17,0,0,,8:55:20,8:55:20,32120.0,32120.0
22811070,200404001,18,0,0,,8:56:20,8:56:20,32180.0,32180.0
22811070,200405039,19,0,0,,8:58:40,8:58:40,32320.0,32320.0
22811069,200508003,0,0,0,,8:41:30,8:41:30,31290.0,31290.0
22811069,200508011,1,0,0,,8:42:50,8:42:50,31370.0,31370.0
22811069,200508016,2,0,0,,8:44:00,8:44:00,31440.0,31440.0
22811069,200508015,3,0,0,,8:45:50,8:45:50,31550.0,31550.0
22811069,200501001,4,0,0,,8:49:00,8:49:00,31740.0,31740.0
22811069,200508012,5,0,0,,8:52:30,8:52:30,31950.0,31950.0
22811069,200602001,6,0,0,,8:53:30,8:53:30,32010.0,32010.0
22811069,200602003,7,0,0,,8:54:40,8:54:40,32080.0,32080.0
22811069,200602002,8,0,0,,8:55:30,8:55:30,32130.0,32130.0
22811069,200416002,9,0,0,,8:56:40,8:56:40,32200.0,32200.0
22811069,200406019,10,0,0,,8:57:20,8:57:20,32240.0,32240.0
22811069,200406003,11,0,0,,8:58:30,8:58:30,32310.0,32310.0
22811069,200406004,12,0,0,,8:59:20,8:59:20,32360.0,32360.0
22811069,200406018,13,0,0,,9:00:00,9:00:00,32400.0,32400.0
22811068,200508003,0,0,0,,8:56:30,8:56:30,32190.0,32190.0
22811068,200508011,1,0,0,,8:57:50,8:57:50,32270.0,32270.0
22811068,200508016,2,0,0,,8:59:00,8:59:00,32340.0,32340.0
22807258,200407002,13,0,0,,7:00:40,7:00:40,25240.0,25240.0
22807258,200407010,14,0,0,,7:01:20,7:01:20,25280.0,25280.0
22807258,200407001,15,0,0,,7:02:20,7:02:20,25340.0,25340.0
22807258,200407006,16,0,0,,7:03:30,7:03:30,25410.0,25410.0
22807258,200407008,17,0,0,,7:04:40,7:04:40,25480.0,25480.0
22807258,200407007,18,0,0,,7:05:20,7:05:20,25520.0,25520.0
22807258,200407003,19,0,0,,7:06:40,7:06:40,25600.0,25600.0
22807258,200407004,20,0,0,,7:07:50,7:07:50,25670.0,25670.0
22807258,200415002,21,0,0,,7:09:10,7:09:10,25750.0,25750.0
22807258,200415006,22,0,0,,7:10:10,7:10:10,25810.0,25810.0
22807258,200415003,23,0,0,,7:11:50,7:11:50,25910.0,25910.0
22807258,200405036,24,0,0,,7:15:10,7:15:10,26110.0,26110.0
22807258,200405039,25,0,0,,7:17:50,7:17:50,26270.0,26270.0
22807258,200404025,26,0,0,,7:20:20,7:20:20,26420.0,26420.0
22807258,200404030,27,0,0,,7:22:20,7:22:20,26540.0,26540.0
22807258,200424001,28,0,0,,7:23:30,7:23:30,26610.0,26610.0
22807258,200414011,29,0,0,,7:26:10,7:26:10,26770.0,26770.0
22807258,200414007,30,0,0,,7:27:30,7:27:30,26850.0,26850.0
22807258,200414003,31,0,0,,7:28:00,7:28:00,26880.0,26880.0
22807258,200414006,32,0,0,,7:29:30,7:29:30,26970.0,26970.0
22807257,221107003,0,0,0,,7:14:00,7:14:00,26040.0,26040.0
22807257,200418001,1,0,0,,7:15:50,7:15:50,26150.0,26150.0
22807257,200412031,2,0,0,,7:17:20,7:17:20,26240.0,26240.0
22807257,200412018,3,0,0,,7:18:10,7:18:10,26290.0,26290.0
22807257,200412004,4,0,0,,7:19:20,7:19:20,26360.0,26360.0
22807257,200412023,5,0,0,,7:20:50,7:20:50,26450.0,26450.0
22807257,200412024,6,0,0,,7:21:50,7:21:50,26510.0,26510.0
22807257,200412026,7,0,0,,7:24:20,7:24:20,26660.0,26660.0
22807257,200412008,8,0,0,,7:25:50,7:25:50,26750.0,26750.0
22807257,200412002,9,0,0,,7:26:30,7:26:30,26790.0,26790.0
22807257,200407011,10,0,0,,7:28:00,7:28:00,26880.0,26880.0
22807257,200407009,11,0,0,,7:28:40,7:28:40,26920.0,26920.0
22807257,200407012,12,0,0,,7:29:30,7:29:30,26970.0,26970.0
22807257,200407002,13,0,0,,7:30:40,7:30:40,27040.0,27040.0
22807257,200407010,14,0,0,,7:31:20,7:31:20,27080.0,27080.0
22807257,200407001,15,0,0,,7:32:20,7:32:20,27140.0,27140.0
22807257,200407006,16,0,0,,7:33:30,7:33:30,27210.0,27210.0
22807257,200407008,17,0,0,,7:34:40,7:34:40,27280.0,27280.0
22807257,200407007,18,0,0,,7:35:20,7:35:20,27320.0,27320.0
22807257,200407003,19,0,0,,7:36:40,7:36:40,27400.0,27400.0
22807257,200407004,20,0,0,,7:37:50,7:37:50,27470.0,27470.0
22807257,200415002,21,0,0,,7:39:10,7:39:10,27550.0,27550.0
22807257,200415006,22,0,0,,7:40:10,7:40:10,27610.0,27610.0
22807257,200415003,23,0,0,,7:41:50,7:41:50,27710.0,27710.0
22807257,200405036,24,0,0,,7:45:10,7:45:10,27910.0,27910.0
22807257,200405039,25,0,0,,7:47:50,7:47:50,28070.0,28070.0
22807257,200404025,26,0,0,,7:50:20,7:50:20,28220.0,28220.0
22807257,200404030,27,0,0,,7:52:20,7:52:20,28340.0,28340.0
22807257,200424001,28,0,0,,7:53:30,7:53:30,28410.0,28410.0
22807257,200414011,29,0,0,,7:56:10,7:56:10,28570.0,28570.0
22807257,200414007,30,0,0,,7:57:30,7:57:30,28650.0,28650.0
22807257,200414003,31,0,0,,7:58:00,7:58:00,28680.0,28680.0
22807257,200414006,32,0,0,,7:59:30,7:59:30,28770.0,28770.0
22807256,221107003,0,0,0,,7:44:00,7:44:00,27840.0,27840.0
22807256,200418001,1,0,0,,7:45:50,7:45:50,27950.0,27950.0
22807256,200412031,2,0,0,,7:47:20,7:47:20,28040.0,28040.0
22807256,200412018,3,0,0,,7:48:10,7:48:10,28090.0,28090.0
22807256,200412004,4,0,0,,7:49:20,7:49:20,28160.0,28160.0
22807256,200412023,5,0,0,,7:50:50,7:50:50,28250.0,28250.0
22807256,200412024,6,0,0,,7:51:50,7:51:50,28310.0,28310.0
22807256,200412026,7,0,0,,7:54:20,7:54:20,28460.0,28460.0
22807256,200412008,8,0,0,,7:55:50,7:55:50,28550.0,28550.0
22807256,200412002,9,0,0,,7:56:30,7:56:30,28590.0,28590.0
22807256,200407011,10,0,0,,7:58:00,7:58:00,28680.0,28680.0
22807256,200407009,11,0,0,,7:58:40,7:58:40,28720.0,28720.0
22807256,200407012,12,0,0,,7:59:30,7:59:30,28770.0,28770.0
22807256,200407002,13,0,0,,8:00:40,8:00:40,28840.0,28840.0
22807256,200407010,14,0,0,,8:01:20,8:01:20,28880.0,28880.0
22807256,200407001,15,0,0,,8:02:20,8:02:20,28940.0,28940.0
22807256,200407006,16,0,0,,8:03:30,8:03:30,29010.0,29010.0
22807256,200407008,17,0,0,,8:04:40,8:04:40,29080.0,29080.0
22807256,200407007,18,0,0,,8:05:20,8:05:20,29120.0,29120.0
22807256,200407003,19,0,0,,8:06:40,8:06:40,29200.0,29200.0
22807256,200407004,20,0,0,,8:07:50,8:07:50,29270.0,29270.0
22807256,200415002,21,0,0,,8:09:10,8:09:10,29350.0,29350.0
22807256,200415006,22,0,0,,8:10:10,8:10:10,29410.0,29410.0
22807256,200415003,23,0,0,,8:11:50,8:11:50,29510.0,29510.0
22807256,200405036,24,0,0,,8:15:10,8:15:10,29710.0,29710.0
22807256,200405039,25,0,0,,8:17:50,8:17:50,29870.0,29870.0
22807256,200404025,26,0,0,,8:20:20,8:20:20,30020.0,30020.0
22807256,200404030,27,0,0,,8:22:20,8:22:20,30140.0,30140.0
22807256,200424001,28,0,0,,8:23:30,8:23:30,30210.0,30210.0
22807256,200414011,29,0,0,,8:26:10,8:26:10,30370.0,30370.0
22807256,200414007,30,0,0,,8:27:30,8:27:30,30450.0,30450.0
22807256,200414003,31,0,0,,8:28:00,8:28:00,30480.0,30480.0
22807256,200414006,32,0,0,,8:29:30,8:29:30,30570.0,30570.0
22807255,221107003,0,0,0,,8:14:00,8:14:00,29640.0,29640.0
22807255,200418001,1,0,0,,8:15:50,8:15:50,29750.0,29750.0
22807255,200412031,2,0,0,,8:17:20,8:17:20,29840.0,29840.0
22807255,200412018,3,0,0,,8:18:10,8:18:10,29890.0,29890.0
22807255,200412004,4,0,0,,8:19:20,8:19:20,29960.0,29960.0
22807255,200412023,5,0,0,,8:20:50,8:20:50,30050.0,30050.0
22807255,200412024,6,0,0,,8:21:50,8:21:50,30110.0,30110.0
22807255,200412026,7,0,0,,8:24:20,8:24:20,30260.0,30260.0
22807255,200412008,8,0,0,,8:25:50,8:25:50,30350.0,30350.0
22807255,200412002,9,0,0,,8:26:30,8:26:30,30390.0,30390.0
22807255,200407011,10,0,0,,8:28:00,8:28:00,30480.0,30480.0
22807255,200407009,11,0,0,,8:28:40,8:28:40,30520.0,30520.0
22807255,200407012,12,0,0,,8:29:30,8:29:30,30570.0,30570.0
22807255,200407002,13,0,0,,8:30:40,8:30:40,30640.0,30640.0
22807255,200407010,14,0,0,,8:31:20,8:31:20,30680.0,30680.0
22807255,200407001,15,0,0,,8:32:20,8:32:20,30740.0,30740.0
22807255,200407006,16,0,0,,8:33:30,8:33:30,30810.0,30810.0
22807255,200407008,17,0,0,,8:34:40,8:34:40,30880.0,30880.0
22807255,200407007,18,0,0,,8:35:20,8:35:20,30920.0,30920.0
22807255,200407003,19,0,0,,8:36:40,8:36:40,31000.0,31000.0
22807255,200407004,20,0,0,,8:37:50,8:37:50,31070.0,31070.0
22807255,200415002,21,0,0,,8:39:10,8:39:10,31150.0,31150.0
22807255,200415006,22,0,0,,8:40:10,8:40:10,31210.0,31210.0
22807255,200415003,23,0,0,,8:41:50,8:41:50,31310.0,31310.0
22807255,200405036,24,0,0,,8:45:10,8:45:10,31510.0,31510.0
22807255,200405039,25,0,0,,8:47:50,8:47:50,31670.0,31670.0
22807255,200404025,26,0,0,,8:50:20,8:50:20,31820.0,31820.0
22807255,200404030,27,0,0,,8:52:20,8:52:20,31940.0,31940.0
22807255,200424001,28,0,0,,8:53:30,8:53:30,32010.0,32010.0
22807255,200414011,29,0,0,,8:56:10,8:56:10,32170.0,32170.0
22807255,200414007,30,0,0,,8:57:30,8:57:30,32250.0,32250.0
22807255,200414003,31,0,0,,8:58:00,8:58:00,32280.0,32280.0
22807255,200414006,32,0,0,,8:59:30,8:59:30,32370.0,32370.0
22807254,221107003,0,0,0,,8:44:00,8:44:00,31440.0,31440.0
22807254,200418001,1,0,0,,8:45:50,8:45:50,31550.0,31550.0
22807254,200412031,2,0,0,,8:47:20,8:47:20,31640.0,31640.0
22807254,200412018,3,0,0,,8:48:10,8:48:10,31690.0,31690.0
22807254,200412004,4,0,0,,8:49:20,8:49:20,31760.0,31760.0
22807254,200412023,5,0,0,,8:50:50,8:50:50,31850.0,31850.0
22807254,200412024,6,0,0,,8:51:50,8:51:50,31910.0,31910.0
22807254,200412026,7,0,0,,8:54:20,8:54:20,32060.0,32060.0
22807254,200412008,8,0,0,,8:55:50,8:55:50,32150.0,32150.0
22807254,200412002,9,0,0,,8:56:30,8:56:30,32190.0,32190.0
22807254,200407011,10,0,0,,8:58:00,8:58:00,32280.0,32280.0
22807254,200407009,11,0,0,,8:58:40,8:58:40,32320.0,32320.0
22807254,200407012,12,0,0,,8:59:30,8:59:30,32370.0,32370.0
22807231,200414006,0,0,0,,7:01:40,7:01:40,25300.0,25300.0
22807231,200414003,1,0,0,,7:02:50,7:02:50,25370.0,25370.0
22807231,200414007,2,0,0,,7:03:20,7:03:20,25400.0,25400.0
22807231,200414011,3,0,0,,7:04:50,7:04:50,25490.0,25490.0
22807231,200424001,4,0,0,,7:07:40,7:07:40,25660.0,25660.0
22807231,200404030,5,0,0,,7:09:00,7:09:00,25740.0,25740.0
22807231,200404025,6,0,0,,7:10:40,7:10:40,25840.0,25840.0
22807231,200405039,7,0,0,,7:13:40,7:13:40,26020.0,26020.0
22807231,200405036,8,0,0,,7:17:00,7:17:00,26220.0,26220.0
22807231,200415003,9,0,0,,7:19:40,7:19:40,26380.0,26380.0
22807231,200415002,10,0,0,,7:21:50,7:21:50,26510.0,26510.0
22807231,200407004,11,0,0,,7:23:30,7:23:30,26610.0,26610.0
22807231,200407003,12,0,0,,7:25:10,7:25:10,26710.0,26710.0
22807231,200407007,13,0,0,,7:26:10,7:26:10,26770.0,26770.0
22807231,200407008,14,0,0,,7:27:10,7:27:10,26830.0,26830.0
22807231,200407006,15,0,0,,7:28:20,7:28:20,26900.0,26900.0
22807231,200407001,16,0,0,,7:29:20,7:29:20,26960.0,26960.0
22807231,200407010,17,0,0,,7:30:00,7:30:00,27000.0,27000.0
22807231,200407002,18,0,0,,7:30:40,7:30:40,27040.0,27040.0
22807231,200407012,19,0,0,,7:31:50,7:31:50,27110.0,27110.0
22807231,200407009,20,0,0,,7:32:50,7:32:50,27170.0,27170.0
22807231,200407011,21,0,0,,7:33:30,7:33:30,27210.0,27210.0
22807231,200412002,22,0,0,,7:34:50,7:34:50,27290.0,27290.0
22807231,200412008,23,0,0,,7:35:40,7:35:40,27340.0,27340.0
22807231,200412026,24,0,0,,7:37:00,7:37:00,27420.0,27420.0
22807231,200412024,25,0,0,,7:39:10,7:39:10,27550.0,27550.0
22807231,200412023,26,0,0,,7:39:50,7:39:50,27590.0,27590.0
22807231,200412004,27,0,0,,7:40:40,7:40:40,27640.0,27640.0
22807231,200412018,28,0,0,,7:42:10,7:42:10,27730.0,27730.0
22807231,200412031,29,0,0,,7:42:50,7:42:50,27770.0,27770.0
22807231,200418001,30,0,0,,7:44:10,7:44:10,27850.0,27850.0
22807231,221107003,31,0,0,,7:45:30,7:45:30,27930.0,27930.0
22807230,200414006,0,0,0,,7:31:40,7:31:40,27100.0,27100.0
22807230,200414003,1,0,0,,7:32:50,7:32:50,27170.0,27170.0
22807230,200414007,2,0,0,,7:33:20,7:33:20,27200.0,27200.0
22807230,200414011,3,0,0,,7:34:50,7:34:50,27290.0,27290.0
22807230,200424001,4,0,0,,7:37:40,7:37:40,27460.0,27460.0
22807230,200404030,5,0,0,,7:39:00,7:39:00,27540.0,27540.0
22807230,200404025,6,0,0,,7:40:40,7:40:40,27640.0,27640.0
22807230,200405039,7,0,0,,7:43:40,7:43:40,27820.0,27820.0
22807230,200405036,8,0,0,,7:47:00,7:47:00,28020.0,28020.0
22807230,200415003,9,0,0,,7:49:40,7:49:40,28180.0,28180.0
22807230,200415002,10,0,0,,7:51:50,7:51:50,28310.0,28310.0
22807230,200407004,11,0,0,,7:53:30,7:53:30,28410.0,28410.0
22807230,200407003,12,0,0,,7:55:10,7:55:10,28510.0,28510.0
22807230,200407007,13,0,0,,7:56:10,7:56:10,28570.0,28570.0
22807230,200407008,14,0,0,,7:57:10,7:57:10,28630.0,28630.0
22807230,200407006,15,0,0,,7:58:20,7:58:20,28700.0,28700.0
22807230,200407001,16,0,0,,7:59:20,7:59:20,28760.0,28760.0
22807230,200407010,17,0,0,,8:00:00,8:00:00,28800.0,28800.0
22807230,200407002,18,0,0,,8:00:40,8:00:40,28840.0,28840.0
22807230,200407012,19,0,0,,8:01:50,8:01:50,28910.0,28910.0
22807230,200407009,20,0,0,,8:02:50,8:02:50,28970.0,28970.0
22807230,200407011,21,0,0,,8:03:30,8:03:30,29010.0,29010.0
22807230,200412002,22,0,0,,8:04:50,8:04:50,29090.0,29090.0
22807230,200412008,23,0,0,,8:05:40,8:05:40,29140.0,29140.0
22807230,200412026,24,0,0,,8:07:00,8:07:00,29220.0,29220.0
22807230,200412024,25,0,0,,8:09:10,8:09:10,29350.0,29350.0
22807230,200412023,26,0,0,,8:09:50,8:09:50,29390.0,29390.0
22807230,200412004,27,0,0,,8:10:40,8:10:40,29440.0,29440.0
22807230,200412018,28,0,0,,8:12:10,8:12:10,29530.0,29530.0
22807230,200412031,29,0,0,,8:12:50,8:12:50,29570.0,29570.0
22807230,200418001,30,0,0,,8:14:10,8:14:10,29650.0,29650.0
22807230,221107003,31,0,0,,8:15:30,8:15:30,29730.0,29730.0
22807229,200414006,0,0,0,,8:01:40,8:01:40,28900.0,28900.0
22807229,200414003,1,0,0,,8:02:50,8:02:50,28970.0,28970.0
22807229,200414007,2,0,0,,8:03:20,8:03:20,29000.0,29000.0
22807229,200414011,3,0,0,,8:04:50,8:04:50,29090.0,29090.0
22807229,200424001,4,0,0,,8:07:40,8:07:40,29260.0,29260.0
22807229,200404030,5,0,0,,8:09:00,8:09:00,29340.0,29340.0
22807229,200404025,6,0,0,,8:10:40,8:10:40,29440.0,29440.0
22807229,200405039,7,0,0,,8:13:40,8:13:40,29620.0,29620.0
22807229,200405036,8,0,0,,8:17:00,8:17:00,29820.0,29820.0
22807229,200415003,9,0,0,,8:19:40,8:19:40,29980.0,29980.0
22807229,200415002,10,0,0,,8:21:50,8:21:50,30110.0,30110.0
22807229,200407004,11,0,0,,8:23:30,8:23:30,30210.0,30210.0
22807229,200407003,12,0,0,,8:25:10,8:25:10,30310.0,30310.0
22807229,200407007,13,0,0,,8:26:10,8:26:10,30370.0,30370.0
22807229,200407008,14,0,0,,8:27:10,8:27:10,30430.0,30430.0
22807229,200407006,15,0,0,,8:28:20,8:28:20,30500.0,30500.0
22807229,200407001,16,0,0,,8:29:20,8:29:20,30560.0,30560.0
22807229,200407010,17,0,0,,8:30:00,8:30:00,30600.0,30600.0
22807229,200407002,18,0,0,,8:30:40,8:30:40,30640.0,30640.0
22807229,200407012,19,0,0,,8:31:50,8:31:50,30710.0,30710.0
22807229,200407009,20,0,0,,8:32:50,8:32:50,30770.0,30770.0
22807229,200407011,21,0,0,,8:33:30,8:33:30,30810.0,30810.0
22807229,200412002,22,0,0,,8:34:50,8:34:50,30890.0,30890.0
22807229,200412008,23,0,0,,8:35:40,8:35:40,30940.0,30940.0
22807229,200412026,24,0,0,,8:37:00,8:37:00,31020.0,31020.0
22807229,200412024,25,0,0,,8:39:10,8:39:10,31150.0,31150.0
22807229,200412023,26,0,0,,8:39:50,8:39:50,31190.0,31190.0
22807229,200412004,27,0,0,,8:40:40,8:40:40,31240.0,31240.0
22807229,200412018,28,0,0,,8:42:10,8:42:10,31330.0,31330.0
22807229,200412031,29,0,0,,8:42:50,8:42:50,31370.0,31370.0
22807229,200418001,30,0,0,,8:44:10,8:44:10,31450.0,31450.0
22807229,221107003,31,0,0,,8:45:30,8:45:30,31530.0,31530.0
22807228,200414006,0,0,0,,8:31:40,8:31:40,30700.0,30700.0
22807228,200414003,1,0,0,,8:32:50,8:32:50,30770.0,30770.0
22807228,200414007,2,0,0,,8:33:20,8:33:20,30800.0,30800.0
22807228,200414011,3,0,0,,8:34:50,8:34:50,30890.0,30890.0
22807228,200424001,4,0,0,,8:37:40,8:37:40,31060.0,31060.0
22807228,200404030,5,0,0,,8:39:00,8:39:00,31140.0,31140.0
22807228,200404025,6,0,0,,8:40:40,8:40:40,31240.0,31240.0
22807228,200405039,7,0,0,,8:43:40,8:43:40,31420.0,31420.0
22807228,200405036,8,0,0,,8:47:00,8:47:00,31620.0,31620.0
22807228,200415003,9,0,0,,8:49:40,8:49:40,31780.0,31780.0
22807228,200415002,10,0,0,,8:51:50,8:51:50,31910.0,31910.0
22807228,200407004,11,0,0,,8:53:30,8:53:30,32010.0,32010.0
22807228,200407003,12,0,0,,8:55:10,8:55:10,32110.0,32110.0
22807228,200407007,13,0,0,,8:56:10,8:56:10,32170.0,32170.0
22807228,200407008,14,0,0,,8:57:10,8:57:10,32230.0,32230.0
22807228,200407006,15,0,0,,8:58:20,8:58:20,32300.0,32300.0
22807228,200407001,16,0,0,,8:59:20,8:59:20,32360.0,32360.0
22807228,200407010,17,0,0,,9:00:00,9:00:00,32400.0,32400.0
22806173,200423007,24,0,0,,7:00:20,7:00:20,25220.0,25220.0
22806173,200423003,25,0,0,,7:01:30,7:01:30,25290.0,25290.0
22806173,200423005,26,0,0,,7:02:20,7:02:20,25340.0,25340.0
22806173,200408007,27,0,0,,7:03:30,7:03:30,25410.0,25410.0
22806173,200408003,28,0,0,,7:04:50,7:04:50,25490.0,25490.0
22806173,200422005,29,0,0,,7:05:50,7:05:50,25550.0,25550.0
22806173,200408002,30,0,0,,7:06:30,7:06:30,25590.0,25590.0
22806173,200422009,31,0,0,,7:07:40,7:07:40,25660.0,25660.0
22806173,200422006,32,0,0,,7:08:40,7:08:40,25720.0,25720.0
22806173,200422002,33,0,0,,7:09:20,7:09:20,25760.0,25760.0
22806173,200417008,34,0,0,,7:09:40,7:09:40,25780.0,25780.0
22806173,200417020,35,0,0,,7:10:20,7:10:20,25820.0,25820.0
22806173,200426002,36,0,0,,7:11:30,7:11:30,25890.0,25890.0
22806173,200417015,37,0,0,,7:12:40,7:12:40,25960.0,25960.0
22806173,200417032,38,0,0,,7:13:50,7:13:50,26030.0,26030.0
22806173,200417034,39,0,0,,7:14:40,7:14:40,26080.0,26080.0
22806172,201001002,12,0,0,,7:00:40,7:00:40,25240.0,25240.0
22806172,201001003,13,0,0,,7:02:30,7:02:30,25350.0,25350.0
22806172,200402007,14,0,0,,7:03:30,7:03:30,25410.0,25410.0
22806172,200402001,15,0,0,,7:04:30,7:04:30,25470.0,25470.0
22806172,200402006,16,0,0,,7:05:50,7:05:50,25550.0,25550.0
22806172,200402002,17,0,0,,7:07:00,7:07:00,25620.0,25620.0
22806172,200402005,18,0,0,,7:07:50,7:07:50,25670.0,25670.0
22806172,200409007,19,0,0,,7:08:40,7:08:40,25720.0,25720.0
22806172,200410004,20,0,0,,7:10:10,7:10:10,25810.0,25810.0
22806172,200410003,21,0,0,,7:12:20,7:12:20,25940.0,25940.0
22806172,200423002,22,0,0,,7:14:20,7:14:20,26060.0,26060.0
22806172,200423001,23,0,0,,7:14:50,7:14:50,26090.0,26090.0
22806172,200423007,24,0,0,,7:15:20,7:15:20,26120.0,26120.0
22806172,200423003,25,0,0,,7:16:30,7:16:30,26190.0,26190.0
22806172,200423005,26,0,0,,7:17:20,7:17:20,26240.0,26240.0
22806172,200408007,27,0,0,,7:18:30,7:18:30,26310.0,26310.0
22806172,200408003,28,0,0,,7:19:50,7:19:50,26390.0,26390.0
22806172,200422005,29,0,0,,7:20:50,7:20:50,26450.0,26450.0
22806172,200408002,30,0,0,,7:21:30,7:21:30,26490.0,26490.0
22806172,200422009,31,0,0,,7:22:40,7:22:40,26560.0,26560.0
22806172,200422006,32,0,0,,7:23:40,7:23:40,26620.0,26620.0
22806172,200422002,33,0,0,,7:24:20,7:24:20,26660.0,26660.0
22806172,200417008,34,0,0,,7:24:40,7:24:40,26680.0,26680.0
22806172,200417020,35,0,0,,7:25:20,7:25:20,26720.0,26720.0
22806172,200426002,36,0,0,,7:26:30,7:26:30,26790.0,26790.0
22806172,200417015,37,0,0,,7:27:40,7:27:40,26860.0,26860.0
22806172,200417032,38,0,0,,7:28:50,7:28:50,26930.0,26930.0
22806172,200417034,39,0,0,,7:29:40,7:29:40,26980.0,26980.0
22806171,200801011,0,0,0,,7:02:50,7:02:50,25370.0,25370.0
22806171,200801003,1,0,0,,7:04:10,7:04:10,25450.0,25450.0
22806171,200801008,2,0,0,,7:05:00,7:05:00,25500.0,25500.0
22806171,200801005,3,0,0,,7:06:00,7:06:00,25560.0,25560.0
22806171,200801001,4,0,0,,7:07:40,7:07:40,25660.0,25660.0
22806171,200802001,5,0,0,,7:08:40,7:08:40,25720.0,25720.0
22806171,200802004,6,0,0,,7:09:50,7:09:50,25790.0,25790.0
22806171,200802002,7,0,0,,7:10:30,7:10:30,25830.0,25830.0
22806171,200802005,8,0,0,,7:11:10,7:11:10,25870.0,25870.0
22806171,201003002,9,0,0,,7:12:00,7:12:00,25920.0,25920.0
22806171,201003004,10,0,0,,7:13:00,7:13:00,25980.0,25980.0
22806171,201004002,11,0,0,,7:14:20,7:14:20,26060.0,26060.0
22806171,201001002,12,0,0,,7:15:40,7:15:40,26140.0,26140.0
22806171,201001003,13,0,0,,7:17:30,7:17:30,26250.0,26250.0
22806171,200402007,14,0,0,,7:18:30,7:18:30,26310.0,26310.0
22806171,200402001,15,0,0,,7:19:30,7:19:30,26370.0,26370.0
22806171,200402006,16,0,0,,7:20:50,7:20:50,26450.0,26450.0
22806171,200402002,17,0,0,,7:22:00,7:22:00,26520.0,26520.0
22806171,200402005,18,0,0,,7:22:50,7:22:50,26570.0,26570.0
22806171,200409007,19,0,0,,7:23:40,7:23:40,26620.0,26620.0
22806171,200410004,20,0,0,,7:25:10,7:25:10,26710.0,26710.0
22806171,200410003,21,0,0,,7:27:20,7:27:20,26840.0,26840.0
22806171,200423002,22,0,0,,7:29:20,7:29:20,26960.0,26960.0
22806171,200423001,23,0,0,,7:29:50,7:29:50,26990.0,26990.0
22806171,200423007,24,0,0,,7:30:20,7:30:20,27020.0,27020.0
22806171,200423003,25,0,0,,7:31:30,7:31:30,27090.0,27090.0
22806171,200423005,26,0,0,,7:32:20,7:32:20,27140.0,27140.0
22806171,200408007,27,0,0,,7:33:30,7:33:30,27210.0,27210.0
22806171,200408003,28,0,0,,7:34:50,7:34:50,27290.0,27290.0
22806171,200422005,29,0,0,,7:35:50,7:35:50,27350.0,27350.0
22806171,200408002,30,0,0,,7:36:30,7:36:30,27390.0,27390.0
22806171,200422009,31,0,0,,7:37:40,7:37:40,27460.0,27460.0
22806171,200422006,32,0,0,,7:38:40,7:38:40,27520.0,27520.0
22806171,200422002,33,0,0,,7:39:20,7:39:20,27560.0,27560.0
22806171,200417008,34,0,0,,7:39:40,7:39:40,27580.0,27580.0
22806171,200417020,35,0,0,,7:40:20,7:40:20,27620.0,27620.0
22806171,200426002,36,0,0,,7:41:30,7:41:30,27690.0,27690.0
22806171,200417015,37,0,0,,7:42:40,7:42:40,27760.0,27760.0
22806171,200417032,38,0,0,,7:43:50,7:43:50,27830.0,27830.0
22806171,200417034,39,0,0,,7:44:40,7:44:40,27880.0,27880.0
22806170,200801011,0,0,0,,7:17:50,7:17:50,26270.0,26270.0
22806170,200801003,1,0,0,,7:19:10,7:19:10,26350.0,26350.0
22806170,200801008,2,0,0,,7:20:00,7:20:00,26400.0,26400.0
22806170,200801005,3,0,0,,7:21:00,7:21:00,26460.0,26460.0
22806170,200801001,4,0,0,,7:22:40,7:22:40,26560.0,26560.0
22806170,200802001,5,0,0,,7:23:40,7:23:40,26620.0,26620.0
22806170,200802004,6,0,0,,7:24:50,7:24:50,26690.0,26690.0
22806170,200802002,7,0,0,,7:25:30,7:25:30,26730.0,26730.0
22806170,200802005,8,0,0,,7:26:10,7:26:10,26770.0,26770.0
22806170,201003002,9,0,0,,7:27:00,7:27:00,26820.0,26820.0
22806170,201003004,10,0,0,,7:28:00,7:28:00,26880.0,26880.0
22806170,201004002,11,0,0,,7:29:20,7:29:20,26960.0,26960.0
22806170,201001002,12,0,0,,7:30:40,7:30:40,27040.0,27040.0
22806170,201001003,13,0,0,,7:32:30,7:32:30,27150.0,27150.0
22806170,200402007,14,0,0,,7:33:30,7:33:30,27210.0,27210.0
22806170,200402001,15,0,0,,7:34:30,7:34:30,27270.0,27270.0
22806170,200402006,16,0,0,,7:35:50,7:35:50,27350.0,27350.0
22806170,200402002,17,0,0,,7:37:00,7:37:00,27420.0,27420.0
22806170,200402005,18,0,0,,7:37:50,7:37:50,27470.0,27470.0
22806170,200409007,19,0,0,,7:38:40,7:38:40,27520.0,27520.0
22806170,200410004,20,0,0,,7:40:10,7:40:10,27610.0,27610.0
22806170,200410003,21,0,0,,7:42:20,7:42:20,27740.0,27740.0
22806170,200423002,22,0,0,,7:44:20,7:44:20,27860.0,27860.0
22806170,200423001,23,0,0,,7:44:50,7:44:50,27890.0,27890.0
22806170,200423007,24,0,0,,7:45:20,7:45:20,27920.0,27920.0
22806170,200423003,25,0,0,,7:46:30,7:46:30,27990.0,27990.0
22806170,200423005,26,0,0,,7:47:20,7:47:20,28040.0,28040.0
22806170,200408007,27,0,0,,7:48:30,7:48:30,28110.0,28110.0
22806170,200408003,28,0,0,,7:49:50,7:49:50,28190.0,28190.0
22806170,200422005,29,0,0,,7:50:50,7:50:50,28250.0,28250.0
22806170,200408002,30,0,0,,7:51:30,7:51:30,28290.0,28290.0
22806170,200422009,31,0,0,,7:52:40,7:52:40,28360.0,28360.0
22806170,200422006,32,0,0,,7:53:40,7:53:40,28420.0,28420.0
22806170,200422002,33,0,0,,7:54:20,7:54:20,28460.0,28460.0
22806170,200417008,34,0,0,,7:54:40,7:54:40,28480.0,28480.0
22806170,200417020,35,0,0,,7:55:20,7:55:20,28520.0,28520.0
22806170,200426002,36,0,0,,7:56:30,7:56:30,28590.0,28590.0
22806170,200417015,37,0,0,,7:57:40,7:57:40,28660.0,28660.0
22806170,200417032,38,0,0,,7:58:50,7:58:50,28730.0,28730.0
22806170,200417034,39,0,0,,7:59:40,7:59:40,28780.0,28780.0
22806169,200801011,0,0,0,,7:32:50,7:32:50,27170.0,27170.0
22806169,200801003,1,0,0,,7:34:10,7:34:10,27250.0,27250.0
22806169,200801008,2,0,0,,7:35:00,7:35:00,27300.0,27300.0
22806169,200801005,3,0,0,,7:36:00,7:36:00,27360.0,27360.0
22806169,200801001,4,0,0,,7:37:40,7:37:40,27460.0,27460.0
22806169,200802001,5,0,0,,7:38:40,7:38:40,27520.0,27520.0
22806169,200802004,6,0,0,,7:39:50,7:39:50,27590.0,27590.0
22806169,200802002,7,0,0,,7:40:30,7:40:30,27630.0,27630.0
22806169,200802005,8,0,0,,7:41:10,7:41:10,27670.0,27670.0
22806169,201003002,9,0,0,,7:42:00,7:42:00,27720.0,27720.0
22806169,201003004,10,0,0,,7:43:00,7:43:00,27780.0,27780.0
22806169,201004002,11,0,0,,7:44:20,7:44:20,27860.0,27860.0
22806169,201001002,12,0,0,,7:45:40,7:45:40,27940.0,27940.0
22806169,201001003,13,0,0,,7:47:30,7:47:30,28050.0,28050.0
22806169,200402007,14,0,0,,7:48:30,7:48:30,28110.0,28110.0
22806169,200402001,15,0,0,,7:49:30,7:49:30,28170.0,28170.0
22806169,200402006,16,0,0,,7:50:50,7:50:50,28250.0,28250.0
22806169,200402002,17,0,0,,7:52:00,7:52:00,28320.0,28320.0
22806169,200402005,18,0,0,,7:52:50,7:52:50,28370.0,28370.0
22806169,200409007,19,0,0,,7:53:40,7:53:40,28420.0,28420.0
22806169,200410004,20,0,0,,7:55:10,7:55:10,28510.0,28510.0
22806169,200410003,21,0,0,,7:57:20,7:57:20,28640.0,28640.0
22806169,200423002,22,0,0,,7:59:20,7:59:20,28760.0,28760.0
22806169,200423001,23,0,0,,7:59:50,7:59:50,28790.0,28790.0
22806169,200423007,24,0,0,,8:00:20,8:00:20,28820.0,28820.0
22806169,200423003,25,0,0,,8:01:30,8:01:30,28890.0,28890.0
22806169,200423005,26,0,0,,8:02:20,8:02:20,28940.0,28940.0
22806169,200408007,27,0,0,,8:03:30,8:03:30,29010.0,29010.0
22806169,200408003,28,0,0,,8:04:50,8:04:50,29090.0,29090.0
22806169,200422005,29,0,0,,8:05:50,8:05:50,29150.0,29150.0
22806169,200408002,30,0,0,,8:06:30,8:06:30,29190.0,29190.0
22806169,200422009,31,0,0,,8:07:40,8:07:40,29260.0,29260.0
22806169,200422006,32,0,0,,8:08:40,8:08:40,29320.0,29320.0
22806169,200422002,33,0,0,,8:09:20,8:09:20,29360.0,29360.0
22806169,200417008,34,0,0,,8:09:40,8:09:40,29380.0,29380.0
22806169,200417020,35,0,0,,8:10:20,8:10:20,29420.0,29420.0
22806169,200426002,36,0,0,,8:11:30,8:11:30,29490.0,29490.0
22806169,200417015,37,0,0,,8:12:40,8:12:40,29560.0,29560.0
22806169,200417032,38,0,0,,8:13:50,8:13:50,29630.0,29630.0
22806169,200417034,39,0,0,,8:14:40,8:14:40,29680.0,29680.0
22806168,200801011,0,0,0,,7:47:50,7:47:50,28070.0,28070.0
22806168,200801003,1,0,0,,7:49:10,7:49:10,28150.0,28150.0
22806168,200801008,2,0,0,,7:50:00,7:50:00,28200.0,28200.0
22806168,200801005,3,0,0,,7:51:00,7:51:00,28260.0,28260.0
22806168,200801001,4,0,0,,7:52:40,7:52:40,28360.0,28360.0
22806168,200802001,5,0,0,,7:53:40,7:53:40,28420.0,28420.0
22806168,200802004,6,0,0,,7:54:50,7:54:50,28490.0,28490.0
22806168,200802002,7,0,0,,7:55:30,7:55:30,28530.0,28530.0
22806168,200802005,8,0,0,,7:56:10,7:56:10,28570.0,28570.0
22806168,201003002,9,0,0,,7:57:00,7:57:00,28620.0,28620.0
22806168,201003004,10,0,0,,7:58:00,7:58:00,28680.0,28680.0
22806168,201004002,11,0,0,,7:59:20,7:59:20,28760.0,28760.0
22806168,201001002,12,0,0,,8:00:40,8:00:40,28840.0,28840.0
22806168,201001003,13,0,0,,8:02:30,8:02:30,28950.0,28950.0
22806168,200402007,14,0,0,,8:03:30,8:03:30,29010.0,29010.0
22806168,200402001,15,0,0,,8:04:30,8:04:30,29070.0,29070.0
22806168,200402006,16,0,0,,8:05:50,8:05:50,29150.0,29150.0
22806168,200402002,17,0,0,,8:07:00,8:07:00,29220.0,29220.0
22806168,200402005,18,0,0,,8:07:50,8:07:50,29270.0,29270.0
22806168,200409007,19,0,0,,8:08:40,8:08:40,29320.0,29320.0
22806168,200410004,20,0,0,,8:10:10,8:10:10,29410.0,29410.0
22806168,200410003,21,0,0,,8:12:20,8:12:20,29540.0,29540.0
22806168,200423002,22,0,0,,8:14:20,8:14:20,29660.0,29660.0
22806168,200423001,23,0,0,,8:14:50,8:14:50,29690.0,29690.0
22806168,200423007,24,0,0,,8:15:20,8:15:20,29720.0,29720.0
22806168,200423003,25,0,0,,8:16:30,8:16:30,29790.0,29790.0
22806168,200423005,26,0,0,,8:17:20,8:17:20,29840.0,29840.0
22806168,200408007,27,0,0,,8:18:30,8:18:30,29910.0,29910.0
22806168,200408003,28,0,0,,8:19:50,8:19:50,29990.0,29990.0
22806168,200422005,29,0,0,,8:20:50,8:20:50,30050.0,30050.0
22806168,200408002,30,0,0,,8:21:30,8:21:30,30090.0,30090.0
22806168,200422009,31,0,0,,8:22:40,8:22:40,30160.0,30160.0
22806168,200422006,32,0,0,,8:23:40,8:23:40,30220.0,30220.0
22806168,200422002,33,0,0,,8:24:20,8:24:20,30260.0,30260.0
22806168,200417008,34,0,0,,8:24:40,8:24:40,30280.0,30280.0
22806168,200417020,35,0,0,,8:25:20,8:25:20,30320.0,30320.0
22806168,200426002,36,0,0,,8:26:30,8:26:30,30390.0,30390.0
22806168,200417015,37,0,0,,8:27:40,8:27:40,30460.0,30460.0
22806168,200417032,38,0,0,,8:28:50,8:28:50,30530.0,30530.0
22806168,200417034,39,0,0,,8:29:40,8:29:40,30580.0,30580.0
22806167,200801011,0,0,0,,8:02:50,8:02:50,28970.0,28970.0
22806167,200801003,1,0,0,,8:04:10,8:04:10,29050.0,29050.0
22806167,200801008,2,0,0,,8:05:00,8:05:00,29100.0,29100.0
22806167,200801005,3,0,0,,8:06:00,8:06:00,29160.0,29160.0
22806167,200801001,4,0,0,,8:07:40,8:07:40,29260.0,29260.0
22806167,200802001,5,0,0,,8:08:40,8:08:40,29320.0,29320.0
22806167,200802004,6,0,0,,8:09:50,8:09:50,29390.0,29390.0
22806167,200802002,7,0,0,,8:10:30,8:10:30,29430.0,29430.0
22806167,200802005,8,0,0,,8:11:10,8:11:10,29470.0,29470.0
22806167,201003002,9,0,0,,8:12:00,8:12:00,29520.0,29520.0
22806167,201003004,10,0,0,,8:13:00,8:13:00,29580.0,29580.0
22806167,201004002,11,0,0,,8:14:20,8:14:20,29660.0,29660.0
22806167,201001002,12,0,0,,8:15:40,8:15:40,29740.0,29740.0
22806167,201001003,13,0,0,,8:17:30,8:17:30,29850.0,29850.0
22806167,200402007,14,0,0,,8:18:30,8:18:30,29910.0,29910.0
22806167,200402001,15,0,0,,8:19:30,8:19:30,29970.0,29970.0
22806167,200402006,16,0,0,,8:20:50,8:20:50,30050.0,30050.0
22806167,200402002,17,0,0,,8:22:00,8:22:00,30120.0,30120.0
22806167,200402005,18,0,0,,8:22:50,8:22:50,30170.0,30170.0
22806167,200409007,19,0,0,,8:23:40,8:23:40,30220.0,30220.0
22806167,200410004,20,0,0,,8:25:10,8:25:10,30310.0,30310.0
22806167,200410003,21,0,0,,8:27:20,8:27:20,30440.0,30440.0
22806167,200423002,22,0,0,,8:29:20,8:29:20,30560.0,30560.0
22806167,200423001,23,0,0,,8:29:50,8:29:50,30590.0,30590.0
22806167,200423007,24,0,0,,8:30:20,8:30:20,30620.0,30620.0
22806167,200423003,25,0,0,,8:31:30,8:31:30,30690.0,30690.0
22806167,200423005,26,0,0,,8:32:20,8:32:20,30740.0,30740.0
22806167,200408007,27,0,0,,8:33:30,8:33:30,30810.0,30810.0
22806167,200408003,28,0,0,,8:34:50,8:34:50,30890.0,30890.0
22806167,200422005,29,0,0,,8:35:50,8:35:50,30950.0,30950.0
22806167,200408002,30,0,0,,8:36:30,8:36:30,30990.0,30990.0
22806167,200422009,31,0,0,,8:37:40,8:37:40,31060.0,31060.0
22806167,200422006,32,0,0,,8:38:40,8:38:40,31120.0,31120.0
22806167,200422002,33,0,0,,8:39:20,8:39:20,31160.0,31160.0
22806167,200417008,34,0,0,,8:39:40,8:39:40,31180.0,31180.0
22806167,200417020,35,0,0,,8:40:20,8:40:20,31220.0,31220.0
22806167,200426002,36,0,0,,8:41:30,8:41:30,31290.0,31290.0
22806167,200417015,37,0,0,,8:42:40,8:42:40,31360.0,31360.0
22806167,200417032,38,0,0,,8:43:50,8:43:50,31430.0,31430.0
22806167,200417034,39,0,0,,8:44:40,8:44:40,31480.0,31480.0
22806166,200801011,0,0,0,,8:12:50,8:12:50,29570.0,29570.0
22806166,200801003,1,0,0,,8:14:10,8:14:10,29650.0,29650.0
22806166,200801008,2,0,0,,8:15:00,8:15:00,29700.0,29700.0
22806166,200801005,3,0,0,,8:16:00,8:16:00,29760.0,29760.0
22806166,200801001,4,0,0,,8:17:40,8:17:40,29860.0,29860.0
22806166,200802001,5,0,0,,8:18:40,8:18:40,29920.0,29920.0
22806166,200802004,6,0,0,,8:19:50,8:19:50,29990.0,29990.0
22806166,200802002,7,0,0,,8:20:30,8:20:30,30030.0,30030.0
22806166,200802005,8,0,0,,8:21:10,8:21:10,30070.0,30070.0
22806166,201003002,9,0,0,,8:22:00,8:22:00,30120.0,30120.0
22806166,201003004,10,0,0,,8:23:00,8:23:00,30180.0,30180.0
22806166,201004002,11,0,0,,8:24:20,8:24:20,30260.0,30260.0
22806166,201001002,12,0,0,,8:25:40,8:25:40,30340.0,30340.0
22806166,201001003,13,0,0,,8:27:30,8:27:30,30450.0,30450.0
22806166,200402007,14,0,0,,8:28:30,8:28:30,30510.0,30510.0
22806166,200402001,15,0,0,,8:29:30,8:29:30,30570.0,30570.0
22806166,200402006,16,0,0,,8:30:50,8:30:50,30650.0,30650.0
22806166,200402002,17,0,0,,8:32:00,8:32:00,30720.0,30720.0
22806166,200402005,18,0,0,,8:32:50,8:32:50,30770.0,30770.0
22806166,200409007,19,0,0,,8:33:40,8:33:40,30820.0,30820.0
22806166,200410004,20,0,0,,8:35:10,8:35:10,30910.0,30910.0
22806166,200410003,21,0,0,,8:37:20,8:37:20,31040.0,31040.0
22806166,200423002,22,0,0,,8:39:20,8:39:20,31160.0,31160.0
22806166,200423001,23,0,0,,8:39:50,8:39:50,31190.0,31190.0
22806166,200423007,24,0,0,,8:40:20,8:40:20,31220.0,31220.0
22806166,200423003,25,0,0,,8:41:30,8:41:30,31290.0,31290.0
22806166,200423005,26,0,0,,8:42:20,8:42:20,31340.0,31340.0
22806166,200408007,27,0,0,,8:43:30,8:43:30,31410.0,31410.0
22806166,200408003,28,0,0,,8:44:50,8:44:50,31490.0,31490.0
22806166,200422005,29,0,0,,8:45:50,8:45:50,31550.0,31550.0
22806166,200408002,30,0,0,,8:46:30,8:46:30,31590.0,31590.0
22806166,200422009,31,0,0,,8:47:40,8:47:40,31660.0,31660.0
22806166,200422006,32,0,0,,8:48:40,8:48:40,31720.0,31720.0
22806166,200422002,33,0,0,,8:49:20,8:49:20,31760.0,31760.0
22806166,200417008,34,0,0,,8:49:40,8:49:40,31780.0,31780.0
22806166,200417020,35,0,0,,8:50:20,8:50:20,31820.0,31820.0
22806166,200426002,36,0,0,,8:51:30,8:51:30,31890.0,31890.0
22806166,200417015,37,0,0,,8:52:40,8:52:40,31960.0,31960.0
22806166,200417032,38,0,0,,8:53:50,8:53:50,32030.0,32030.0
22806166,200417034,39,0,0,,8:54:40,8:54:40,32080.0,32080.0
22806165,200801011,0,0,0,,8:22:50,8:22:50,30170.0,30170.0
22806165,200801003,1,0,0,,8:24:10,8:24:10,30250.0,30250.0
22806165,200801008,2,0,0,,8:25:00,8:25:00,30300.0,30300.0
22806165,200801005,3,0,0,,8:26:00,8:26:00,30360.0,30360.0
22806165,200801001,4,0,0,,8:27:40,8:27:40,30460.0,30460.0
22806165,200802001,5,0,0,,8:28:40,8:28:40,30520.0,30520.0
22806165,200802004,6,0,0,,8:29:50,8:29:50,30590.0,30590.0
22806165,200802002,7,0,0,,8:30:30,8:30:30,30630.0,30630.0
22806165,200802005,8,0,0,,8:31:10,8:31:10,30670.0,30670.0
22806165,201003002,9,0,0,,8:32:00,8:32:00,30720.0,30720.0
22806165,201003004,10,0,0,,8:33:00,8:33:00,30780.0,30780.0
22806165,201004002,11,0,0,,8:34:20,8:34:20,30860.0,30860.0
22806165,201001002,12,0,0,,8:35:40,8:35:40,30940.0,30940.0
22806165,201001003,13,0,0,,8:37:30,8:37:30,31050.0,31050.0
22806165,200402007,14,0,0,,8:38:30,8:38:30,31110.0,31110.0
22806165,200402001,15,0,0,,8:39:30,8:39:30,31170.0,31170.0
22806165,200402006,16,0,0,,8:40:50,8:40:50,31250.0,31250.0
22806165,200402002,17,0,0,,8:42:00,8:42:00,31320.0,31320.0
22806165,200402005,18,0,0,,8:42:50,8:42:50,31370.0,31370.0
22806165,200409007,19,0,0,,8:43:40,8:43:40,31420.0,31420.0
22806165,200410004,20,0,0,,8:45:10,8:45:10,31510.0,31510.0
22806165,200410003,21,0,0,,8:47:20,8:47:20,31640.0,31640.0
22806165,200423002,22,0,0,,8:49:20,8:49:20,31760.0,31760.0
22806165,200423001,23,0,0,,8:49:50,8:49:50,31790.0,31790.0
22806165,200423007,24,0,0,,8:50:20,8:50:20,31820.0,31820.0
22806165,200423003,25,0,0,,8:51:30,8:51:30,31890.0,31890.0
22806165,200423005,26,0,0,,8:52:20,8:52:20,31940.0,31940.0
22806165,200408007,27,0,0,,8:53:30,8:53:30,32010.0,32010.0
22806165,200408003,28,0,0,,8:54:50,8:54:50,32090.0,32090.0
22806165,200422005,29,0,0,,8:55:50,8:55:50,32150.0,32150.0
22806165,200408002,30,0,0,,8:56:30,8:56:30,32190.0,32190.0
22806165,200422009,31,0,0,,8:57:40,8:57:40,32260.0,32260.0
22806165,200422006,32,0,0,,8:58:40,8:58:40,32320.0,32320.0
22806165,200422002,33,0,0,,8:59:20,8:59:20,32360.0,32360.0
22806165,200417008,34,0,0,,8:59:40,8:59:40,32380.0,32380.0
22806164,200801011,0,0,0,,8:32:50,8:32:50,30770.0,30770.0
22806164,200801003,1,0,0,,8:34:10,8:34:10,30850.0,30850.0
22806164,200801008,2,0,0,,8:35:00,8:35:00,30900.0,30900.0
22806164,200801005,3,0,0,,8:36:00,8:36:00,30960.0,30960.0
22806164,200801001,4,0,0,,8:37:40,8:37:40,31060.0,31060.0
22806164,200802001,5,0,0,,8:38:40,8:38:40,31120.0,31120.0
22806164,200802004,6,0,0,,8:39:50,8:39:50,31190.0,31190.0
22806164,200802002,7,0,0,,8:40:30,8:40:30,31230.0,31230.0
22806164,200802005,8,0,0,,8:41:10,8:41:10,31270.0,31270.0
22806164,201003002,9,0,0,,8:42:00,8:42:00,31320.0,31320.0
22806164,201003004,10,0,0,,8:43:00,8:43:00,31380.0,31380.0
22806164,201004002,11,0,0,,8:44:20,8:44:20,31460.0,31460.0
22806164,201001002,12,0,0,,8:45:40,8:45:40,31540.0,31540.0
22806164,201001003,13,0,0,,8:47:30,8:47:30,31650.0,31650.0
22806164,200402007,14,0,0,,8:48:30,8:48:30,31710.0,31710.0
22806164,200402001,15,0,0,,8:49:30,8:49:30,31770.0,31770.0
22806164,200402006,16,0,0,,8:50:50,8:50:50,31850.0,31850.0
22806164,200402002,17,0,0,,8:52:00,8:52:00,31920.0,31920.0
22806164,200402005,18,0,0,,8:52:50,8:52:50,31970.0,31970.0
22806164,200409007,19,0,0,,8:53:40,8:53:40,32020.0,32020.0
22806164,200410004,20,0,0,,8:55:10,8:55:10,32110.0,32110.0
22806164,200410003,21,0,0,,8:57:20,8:57:20,32240.0,32240.0
22806164,200423002,22,0,0,,8:59:20,8:59:20,32360.0,32360.0
22806164,200423001,23,0,0,,8:59:50,8:59:50,32390.0,32390.0
22806163,200801011,0,0,0,,8:52:50,8:52:50,31970.0,31970.0
22806163,200801003,1,0,0,,8:54:10,8:54:10,32050.0,32050.0
22806163,200801008,2,0,0,,8:55:00,8:55:00,32100.0,32100.0
22806163,200801005,3,0,0,,8:56:00,8:56:00,32160.0,32160.0
22806163,200801001,4,0,0,,8:57:40,8:57:40,32260.0,32260.0
22806163,200802001,5,0,0,,8:58:40,8:58:40,32320.0,32320.0
22806163,200802004,6,0,0,,8:59:50,8:59:50,32390.0,32390.0
22806105,200402001,24,0,0,,7:00:00,7:00:00,25200.0,25200.0
22806105,201001004,25,0,0,,7:02:00,7:02:00,25320.0,25320.0
22806105,201001003,26,0,0,,7:02:50,7:02:50,25370.0,25370.0
22806105,201001002,27,0,0,,7:04:30,7:04:30,25470.0,25470.0
22806105,201004002,28,0,0,,7:05:40,7:05:40,25540.0,25540.0
22806105,201003004,29,0,0,,7:06:40,7:06:40,25600.0,25600.0
22806105,201003002,30,0,0,,7:07:30,7:07:30,25650.0,25650.0
22806105,200802005,31,0,0,,7:08:40,7:08:40,25720.0,25720.0
22806105,200802002,32,0,0,,7:09:00,7:09:00,25740.0,25740.0
22806105,200802004,33,0,0,,7:09:40,7:09:40,25780.0,25780.0
22806105,200802001,34,0,0,,7:10:40,7:10:40,25840.0,25840.0
22806105,200801001,35,0,0,,7:11:40,7:11:40,25900.0,25900.0
22806105,200801005,36,0,0,,7:13:10,7:13:10,25990.0,25990.0
22806105,200801008,37,0,0,,7:14:10,7:14:10,26050.0,26050.0
22806105,200801003,38,0,0,,7:15:10,7:15:10,26110.0,26110.0
22806105,200801011,39,0,0,,7:16:10,7:16:10,26170.0,26170.0
22806104,200426002,3,0,0,,7:00:00,7:00:00,25200.0,25200.0
22806104,200417020,4,0,0,,7:01:10,7:01:10,25270.0,25270.0
22806104,200417008,5,0,0,,7:02:00,7:02:00,25320.0,25320.0
22806104,200422002,6,0,0,,7:02:20,7:02:20,25340.0,25340.0
22806104,200422006,7,0,0,,7:03:00,7:03:00,25380.0,25380.0
22806104,200422009,8,0,0,,7:03:50,7:03:50,25430.0,25430.0
22806104,200408002,9,0,0,,7:04:50,7:04:50,25490.0,25490.0
22806104,200422005,10,0,0,,7:05:40,7:05:40,25540.0,25540.0
22806104,200408003,11,0,0,,7:06:40,7:06:40,25600.0,25600.0
22806104,200408007,12,0,0,,7:07:50,7:07:50,25670.0,25670.0
22806104,200423005,13,0,0,,7:09:00,7:09:00,25740.0,25740.0
22806104,200423003,14,0,0,,7:09:50,7:09:50,25790.0,25790.0
22806104,200423007,15,0,0,,7:10:50,7:10:50,25850.0,25850.0
22806104,200423001,16,0,0,,7:11:10,7:11:10,25870.0,25870.0
22806104,200423002,17,0,0,,7:11:50,7:11:50,25910.0,25910.0
22806104,200410003,18,0,0,,7:13:40,7:13:40,26020.0,26020.0
22806104,200410004,19,0,0,,7:15:20,7:15:20,26120.0,26120.0
22806104,200409007,20,0,0,,7:16:40,7:16:40,26200.0,26200.0
22806104,200402005,21,0,0,,7:17:20,7:17:20,26240.0,26240.0
22806104,200402002,22,0,0,,7:18:20,7:18:20,26300.0,26300.0
22806104,200402006,23,0,0,,7:19:10,7:19:10,26350.0,26350.0
22806104,200402001,24,0,0,,7:20:00,7:20:00,26400.0,26400.0
22806104,201001004,25,0,0,,7:22:00,7:22:00,26520.0,26520.0
22806104,201001003,26,0,0,,7:22:50,7:22:50,26570.0,26570.0
22806104,201001002,27,0,0,,7:24:30,7:24:30,26670.0,26670.0
22806104,201004002,28,0,0,,7:25:40,7:25:40,26740.0,26740.0
22806104,201003004,29,0,0,,7:26:40,7:26:40,26800.0,26800.0
22806104,201003002,30,0,0,,7:27:30,7:27:30,26850.0,26850.0
22806104,200802005,31,0,0,,7:28:40,7:28:40,26920.0,26920.0
22806104,200802002,32,0,0,,7:29:00,7:29:00,26940.0,26940.0
22806104,200802004,33,0,0,,7:29:40,7:29:40,26980.0,26980.0
22806104,200802001,34,0,0,,7:30:40,7:30:40,27040.0,27040.0
22806104,200801001,35,0,0,,7:31:40,7:31:40,27100.0,27100.0
22806104,200801005,36,0,0,,7:33:10,7:33:10,27190.0,27190.0
22806104,200801008,37,0,0,,7:34:10,7:34:10,27250.0,27250.0
22806104,200801003,38,0,0,,7:35:10,7:35:10,27310.0,27310.0
22806104,200801011,39,0,0,,7:36:10,7:36:10,27370.0,27370.0
22806103,200417034,0,0,0,,7:16:30,7:16:30,26190.0,26190.0
22806103,200417032,1,0,0,,7:17:30,7:17:30,26250.0,26250.0
22806103,200417015,2,0,0,,7:19:00,7:19:00,26340.0,26340.0
22806103,200426002,3,0,0,,7:20:00,7:20:00,26400.0,26400.0
22806103,200417020,4,0,0,,7:21:10,7:21:10,26470.0,26470.0
22806103,200417008,5,0,0,,7:22:00,7:22:00,26520.0,26520.0
22806103,200422002,6,0,0,,7:22:20,7:22:20,26540.0,26540.0
22806103,200422006,7,0,0,,7:23:00,7:23:00,26580.0,26580.0
22806103,200422009,8,0,0,,7:23:50,7:23:50,26630.0,26630.0
22806103,200408002,9,0,0,,7:24:50,7:24:50,26690.0,26690.0
22806103,200422005,10,0,0,,7:25:40,7:25:40,26740.0,26740.0
22806103,200408003,11,0,0,,7:26:40,7:26:40,26800.0,26800.0
22806103,200408007,12,0,0,,7:27:50,7:27:50,26870.0,26870.0
22806103,200423005,13,0,0,,7:29:00,7:29:00,26940.0,26940.0
22806103,200423003,14,0,0,,7:29:50,7:29:50,26990.0,26990.0
22806103,200423007,15,0,0,,7:30:50,7:30:50,27050.0,27050.0
22806103,200423001,16,0,0,,7:31:10,7:31:10,27070.0,27070.0
22806103,200423002,17,0,0,,7:31:50,7:31:50,27110.0,27110.0
22806103,200410003,18,0,0,,7:33:40,7:33:40,27220.0,27220.0
22806103,200410004,19,0,0,,7:35:20,7:35:20,27320.0,27320.0
22806103,200409007,20,0,0,,7:36:40,7:36:40,27400.0,27400.0
22806103,200402005,21,0,0,,7:37:20,7:37:20,27440.0,27440.0
22806103,200402002,22,0,0,,7:38:20,7:38:20,27500.0,27500.0
22806103,200402006,23,0,0,,7:39:10,7:39:10,27550.0,27550.0
22806103,200402001,24,0,0,,7:40:00,7:40:00,27600.0,27600.0
22806103,201001004,25,0,0,,7:42:00,7:42:00,27720.0,27720.0
22806103,201001003,26,0,0,,7:42:50,7:42:50,27770.0,27770.0
22806103,201001002,27,0,0,,7:44:30,7:44:30,27870.0,27870.0
22806103,201004002,28,0,0,,7:45:40,7:45:40,27940.0,27940.0
22806103,201003004,29,0,0,,7:46:40,7:46:40,28000.0,28000.0
22806103,201003002,30,0,0,,7:47:30,7:47:30,28050.0,28050.0
22806103,200802005,31,0,0,,7:48:40,7:48:40,28120.0,28120.0
22806103,200802002,32,0,0,,7:49:00,7:49:00,28140.0,28140.0
22806103,200802004,33,0,0,,7:49:40,7:49:40,28180.0,28180.0
22806103,200802001,34,0,0,,7:50:40,7:50:40,28240.0,28240.0
22806103,200801001,35,0,0,,7:51:40,7:51:40,28300.0,28300.0
22806103,200801005,36,0,0,,7:53:10,7:53:10,28390.0,28390.0
22806103,200801008,37,0,0,,7:54:10,7:54:10,28450.0,28450.0
22806103,200801003,38,0,0,,7:55:10,7:55:10,28510.0,28510.0
22806103,200801011,39,0,0,,7:56:10,7:56:10,28570.0,28570.0
22806102,200417034,0,0,0,,7:36:30,7:36:30,27390.0,27390.0
22806102,200417032,1,0,0,,7:37:30,7:37:30,27450.0,27450.0
22806102,200417015,2,0,0,,7:39:00,7:39:00,27540.0,27540.0
22806102,200426002,3,0,0,,7:40:00,7:40:00,27600.0,27600.0
22806102,200417020,4,0,0,,7:41:10,7:41:10,27670.0,27670.0
22806102,200417008,5,0,0,,7:42:00,7:42:00,27720.0,27720.0
22806102,200422002,6,0,0,,7:42:20,7:42:20,27740.0,27740.0
22806102,200422006,7,0,0,,7:43:00,7:43:00,27780.0,27780.0
22806102,200422009,8,0,0,,7:43:50,7:43:50,27830.0,27830.0
22806102,200408002,9,0,0,,7:44:50,7:44:50,27890.0,27890.0
22806102,200422005,10,0,0,,7:45:40,7:45:40,27940.0,27940.0
22806102,200408003,11,0,0,,7:46:40,7:46:40,28000.0,28000.0
22806102,200408007,12,0,0,,7:47:50,7:47:50,28070.0,28070.0
22806102,200423005,13,0,0,,7:49:00,7:49:00,28140.0,28140.0
22806102,200423003,14,0,0,,7:49:50,7:49:50,28190.0,28190.0
22806102,200423007,15,0,0,,7:50:50,7:50:50,28250.0,28250.0
22806102,200423001,16,0,0,,7:51:10,7:51:10,28270.0,28270.0
22806102,200423002,17,0,0,,7:51:50,7:51:50,28310.0,28310.0
22806102,200410003,18,0,0,,7:53:40,7:53:40,28420.0,28420.0
22806102,200410004,19,0,0,,7:55:20,7:55:20,28520.0,28520.0
22806102,200409007,20,0,0,,7:56:40,7:56:40,28600.0,28600.0
22806102,200402005,21,0,0,,7:57:20,7:57:20,28640.0,28640.0
22806102,200402002,22,0,0,,7:58:20,7:58:20,28700.0,28700.0
22806102,200402006,23,0,0,,7:59:10,7:59:10,28750.0,28750.0
22806102,200402001,24,0,0,,8:00:00,8:00:00,28800.0,28800.0
22806102,201001004,25,0,0,,8:02:00,8:02:00,28920.0,28920.0
22806102,201001003,26,0,0,,8:02:50,8:02:50,28970.0,28970.0
22806102,201001002,27,0,0,,8:04:30,8:04:30,29070.0,29070.0
22806102,201004002,28,0,0,,8:05:40,8:05:40,29140.0,29140.0
22806102,201003004,29,0,0,,8:06:40,8:06:40,29200.0,29200.0
22806102,201003002,30,0,0,,8:07:30,8:07:30,29250.0,29250.0
22806102,200802005,31,0,0,,8:08:40,8:08:40,29320.0,29320.0
22806102,200802002,32,0,0,,8:09:00,8:09:00,29340.0,29340.0
22806102,200802004,33,0,0,,8:09:40,8:09:40,29380.0,29380.0
22806102,200802001,34,0,0,,8:10:40,8:10:40,29440.0,29440.0
22806102,200801001,35,0,0,,8:11:40,8:11:40,29500.0,29500.0
22806102,200801005,36,0,0,,8:13:10,8:13:10,29590.0,29590.0
22806102,200801008,37,0,0,,8:14:10,8:14:10,29650.0,29650.0
22806102,200801003,38,0,0,,8:15:10,8:15:10,29710.0,29710.0
22806102,200801011,39,0,0,,8:16:10,8:16:10,29770.0,29770.0
22806101,200417034,0,0,0,,7:56:30,7:56:30,28590.0,28590.0
22806101,200417032,1,0,0,,7:57:30,7:57:30,28650.0,28650.0
22806101,200417015,2,0,0,,7:59:00,7:59:00,28740.0,28740.0
22806101,200426002,3,0,0,,8:00:00,8:00:00,28800.0,28800.0
22806101,200417020,4,0,0,,8:01:10,8:01:10,28870.0,28870.0
22806101,200417008,5,0,0,,8:02:00,8:02:00,28920.0,28920.0
22806101,200422002,6,0,0,,8:02:20,8:02:20,28940.0,28940.0
22806101,200422006,7,0,0,,8:03:00,8:03:00,28980.0,28980.0
22806101,200422009,8,0,0,,8:03:50,8:03:50,29030.0,29030.0
22806101,200408002,9,0,0,,8:04:50,8:04:50,29090.0,29090.0
22806101,200422005,10,0,0,,8:05:40,8:05:40,29140.0,29140.0
22806101,200408003,11,0,0,,8:06:40,8:06:40,29200.0,29200.0
22806101,200408007,12,0,0,,8:07:50,8:07:50,29270.0,29270.0
22806101,200423005,13,0,0,,8:09:00,8:09:00,29340.0,29340.0
22806101,200423003,14,0,0,,8:09:50,8:09:50,29390.0,29390.0
22806101,200423007,15,0,0,,8:10:50,8:10:50,29450.0,29450.0
22806101,200423001,16,0,0,,8:11:10,8:11:10,29470.0,29470.0
22806101,200423002,17,0,0,,8:11:50,8:11:50,29510.0,29510.0
22806101,200410003,18,0,0,,8:13:40,8:13:40,29620.0,29620.0
22806101,200410004,19,0,0,,8:15:20,8:15:20,29720.0,29720.0
22806101,200409007,20,0,0,,8:16:40,8:16:40,29800.0,29800.0
22806101,200402005,21,0,0,,8:17:20,8:17:20,29840.0,29840.0
22806101,200402002,22,0,0,,8:18:20,8:18:20,29900.0,29900.0
22806101,200402006,23,0,0,,8:19:10,8:19:10,29950.0,29950.0
22806101,200402001,24,0,0,,8:20:00,8:20:00,30000.0,30000.0
22806101,201001004,25,0,0,,8:22:00,8:22:00,30120.0,30120.0
22806101,201001003,26,0,0,,8:22:50,8:22:50,30170.0,30170.0
22806101,201001002,27,0,0,,8:24:30,8:24:30,30270.0,30270.0
22806101,201004002,28,0,0,,8:25:40,8:25:40,30340.0,30340.0
22806101,201003004,29,0,0,,8:26:40,8:26:40,30400.0,30400.0
22806101,201003002,30,0,0,,8:27:30,8:27:30,30450.0,30450.0
22806101,200802005,31,0,0,,8:28:40,8:28:40,30520.0,30520.0
22806101,200802002,32,0,0,,8:29:00,8:29:00,30540.0,30540.0
22806101,200802004,33,0,0,,8:29:40,8:29:40,30580.0,30580.0
22806101,200802001,34,0,0,,8:30:40,8:30:40,30640.0,30640.0
22806101,200801001,35,0,0,,8:31:40,8:31:40,30700.0,30700.0
22806101,200801005,36,0,0,,8:33:10,8:33:10,30790.0,30790.0
22806101,200801008,37,0,0,,8:34:10,8:34:10,30850.0,30850.0
22806101,200801003,38,0,0,,8:35:10,8:35:10,30910.0,30910.0
22806101,200801011,39,0,0,,8:36:10,8:36:10,30970.0,30970.0
22806100,200417034,0,0,0,,8:16:30,8:16:30,29790.0,29790.0
22806100,200417032,1,0,0,,8:17:30,8:17:30,29850.0,29850.0
22806100,200417015,2,0,0,,8:19:00,8:19:00,29940.0,29940.0
22806100,200426002,3,0,0,,8:20:00,8:20:00,30000.0,30000.0
22806100,200417020,4,0,0,,8:21:10,8:21:10,30070.0,30070.0
22806100,200417008,5,0,0,,8:22:00,8:22:00,30120.0,30120.0
22806100,200422002,6,0,0,,8:22:20,8:22:20,30140.0,30140.0
22806100,200422006,7,0,0,,8:23:00,8:23:00,30180.0,30180.0
22806100,200422009,8,0,0,,8:23:50,8:23:50,30230.0,30230.0
22806100,200408002,9,0,0,,8:24:50,8:24:50,30290.0,30290.0
22806100,200422005,10,0,0,,8:25:40,8:25:40,30340.0,30340.0
22806100,200408003,11,0,0,,8:26:40,8:26:40,30400.0,30400.0
22806100,200408007,12,0,0,,8:27:50,8:27:50,30470.0,30470.0
22806100,200423005,13,0,0,,8:29:00,8:29:00,30540.0,30540.0
22806100,200423003,14,0,0,,8:29:50,8:29:50,30590.0,30590.0
22806100,200423007,15,0,0,,8:30:50,8:30:50,30650.0,30650.0
22806100,200423001,16,0,0,,8:31:10,8:31:10,30670.0,30670.0
22806100,200423002,17,0,0,,8:31:50,8:31:50,30710.0,30710.0
22806100,200410003,18,0,0,,8:33:40,8:33:40,30820.0,30820.0
22806100,200410004,19,0,0,,8:35:20,8:35:20,30920.0,30920.0
22806100,200409007,20,0,0,,8:36:40,8:36:40,31000.0,31000.0
22806100,200402005,21,0,0,,8:37:20,8:37:20,31040.0,31040.0
22806100,200402002,22,0,0,,8:38:20,8:38:20,31100.0,31100.0
22806100,200402006,23,0,0,,8:39:10,8:39:10,31150.0,31150.0
22806100,200402001,24,0,0,,8:40:00,8:40:00,31200.0,31200.0
22806100,201001004,25,0,0,,8:42:00,8:42:00,31320.0,31320.0
22806100,201001003,26,0,0,,8:42:50,8:42:50,31370.0,31370.0
22806100,201001002,27,0,0,,8:44:30,8:44:30,31470.0,31470.0
22806100,201004002,28,0,0,,8:45:40,8:45:40,31540.0,31540.0
22806100,201003004,29,0,0,,8:46:40,8:46:40,31600.0,31600.0
22806100,201003002,30,0,0,,8:47:30,8:47:30,31650.0,31650.0
22806100,200802005,31,0,0,,8:48:40,8:48:40,31720.0,31720.0
22806100,200802002,32,0,0,,8:49:00,8:49:00,31740.0,31740.0
22806100,200802004,33,0,0,,8:49:40,8:49:40,31780.0,31780.0
22806100,200802001,34,0,0,,8:50:40,8:50:40,31840.0,31840.0
22806100,200801001,35,0,0,,8:51:40,8:51:40,31900.0,31900.0
22806100,200801005,36,0,0,,8:53:10,8:53:10,31990.0,31990.0
22806100,200801008,37,0,0,,8:54:10,8:54:10,32050.0,32050.0
22806100,200801003,38,0,0,,8:55:10,8:55:10,32110.0,32110.0
22806100,200801011,39,0,0,,8:56:10,8:56:10,32170.0,32170.0
22806099,200417034,0,0,0,,8:36:30,8:36:30,30990.0,30990.0
22806099,200417032,1,0,0,,8:37:30,8:37:30,31050.0,31050.0
22806099,200417015,2,0,0,,8:39:00,8:39:00,31140.0,31140.0
22806099,200426002,3,0,0,,8:40:00,8:40:00,31200.0,31200.0
22806099,200417020,4,0,0,,8:41:10,8:41:10,31270.0,31270.0
22806099,200417008,5,0,0,,8:42:00,8:42:00,31320.0,31320.0
22806099,200422002,6,0,0,,8:42:20,8:42:20,31340.0,31340.0
22806099,200422006,7,0,0,,8:43:00,8:43:00,31380.0,31380.0
22806099,200422009,8,0,0,,8:43:50,8:43:50,31430.0,31430.0
22806099,200408002,9,0,0,,8:44:50,8:44:50,31490.0,31490.0
22806099,200422005,10,0,0,,8:45:40,8:45:40,31540.0,31540.0
22806099,200408003,11,0,0,,8:46:40,8:46:40,31600.0,31600.0
22806099,200408007,12,0,0,,8:47:50,8:47:50,31670.0,31670.0
22806099,200423005,13,0,0,,8:49:00,8:49:00,31740.0,31740.0
22806099,200423003,14,0,0,,8:49:50,8:49:50,31790.0,31790.0
22806099,200423007,15,0,0,,8:50:50,8:50:50,31850.0,31850.0
22806099,200423001,16,0,0,,8:51:10,8:51:10,31870.0,31870.0
22806099,200423002,17,0,0,,8:51:50,8:51:50,31910.0,31910.0
22806099,200410003,18,0,0,,8:53:40,8:53:40,32020.0,32020.0
22806099,200410004,19,0,0,,8:55:20,8:55:20,32120.0,32120.0
22806099,200409007,20,0,0,,8:56:40,8:56:40,32200.0,32200.0
22806099,200402005,21,0,0,,8:57:20,8:57:20,32240.0,32240.0
22806099,200402002,22,0,0,,8:58:20,8:58:20,32300.0,32300.0
22806099,200402006,23,0,0,,8:59:10,8:59:10,32350.0,32350.0
22806099,200402001,24,0,0,,9:00:00,9:00:00,32400.0,32400.0
22806098,200417034,0,0,0,,8:56:30,8:56:30,32190.0,32190.0
22806098,200417032,1,0,0,,8:57:30,8:57:30,32250.0,32250.0
22806098,200417015,2,0,0,,8:59:00,8:59:00,32340.0,32340.0
22806098,200426002,3,0,0,,9:00:00,9:00:00,32400.0,32400.0
22828661,200415004,0,0,0,,7:22:50,7:22:50,26570.0,26570.0
22828661,200412012,1,0,0,,7:24:00,7:24:00,26640.0,26640.0
22828661,200412007,2,0,0,,7:24:30,7:24:30,26670.0,26670.0
22828661,200412020,3,0,0,,7:26:00,7:26:00,26760.0,26760.0
22828661,200412003,4,0,0,,7:27:10,7:27:10,26830.0,26830.0
22828661,200412001,5,0,0,,7:28:20,7:28:20,26900.0,26900.0
22828661,200412011,6,0,0,,7:29:30,7:29:30,26970.0,26970.0
22828661,200412013,7,0,0,,7:31:00,7:31:00,27060.0,27060.0
22828661,200412009,8,0,0,,7:33:10,7:33:10,27190.0,27190.0
22828661,200415002,9,0,0,,7:35:10,7:35:10,27310.0,27310.0
22828661,200420006,10,0,0,,7:39:20,7:39:20,27560.0,27560.0
22803628,200422002,22,0,0,,7:00:00,7:00:00,25200.0,25200.0
22803628,200422006,23,0,0,,7:00:40,7:00:40,25240.0,25240.0
22803628,200422001,24,0,0,,7:01:20,7:01:20,25280.0,25280.0
22803628,200422008,25,0,0,,7:02:00,7:02:00,25320.0,25320.0
22803628,200422011,26,0,0,,7:02:50,7:02:50,25370.0,25370.0
22803628,200422003,27,0,0,,7:03:30,7:03:30,25410.0,25410.0
22803628,200422007,28,0,0,,7:04:40,7:04:40,25480.0,25480.0
22803628,200406019,29,0,0,,7:05:50,7:05:50,25550.0,25550.0
22803628,200406003,30,0,0,,7:07:00,7:07:00,25620.0,25620.0
22803628,200406004,31,0,0,,7:07:50,7:07:50,25670.0,25670.0
22803628,200406018,32,0,0,,7:08:30,7:08:30,25710.0,25710.0
22803628,200406016,33,0,0,,7:09:00,7:09:00,25740.0,25740.0
22803628,200406012,34,0,0,,7:09:50,7:09:50,25790.0,25790.0
22803628,200406024,35,0,0,,7:11:30,7:11:30,25890.0,25890.0
22803628,200414011,36,0,0,,7:13:00,7:13:00,25980.0,25980.0
22803628,200414006,37,0,0,,7:14:10,7:14:10,26050.0,26050.0
22803627,200409008,0,0,0,,7:04:00,7:04:00,25440.0,25440.0
22803627,200426004,1,0,0,,7:06:40,7:06:40,25600.0,25600.0
22803627,200426011,2,0,0,,7:07:50,7:07:50,25670.0,25670.0
22803627,200426006,3,0,0,,7:09:00,7:09:00,25740.0,25740.0
22803627,200426005,4,0,0,,7:09:30,7:09:30,25770.0,25770.0
22803627,200426008,5,0,0,,7:10:10,7:10:10,25810.0,25810.0
22803627,200426009,6,0,0,,7:11:10,7:11:10,25870.0,25870.0
22803627,200426010,7,0,0,,7:11:50,7:11:50,25910.0,25910.0
22803627,200417030,8,0,0,,7:12:50,7:12:50,25970.0,25970.0
22803627,200417016,9,0,0,,7:14:20,7:14:20,26060.0,26060.0
22803627,200417005,10,0,0,,7:15:40,7:15:40,26140.0,26140.0
22803627,200417019,11,0,0,,7:17:30,7:17:30,26250.0,26250.0
22803627,200417013,12,0,0,,7:18:00,7:18:00,26280.0,26280.0
22803627,200417002,13,0,0,,7:19:00,7:19:00,26340.0,26340.0
22803627,200417036,14,0,0,,7:20:20,7:20:20,26420.0,26420.0
22803627,200417012,15,0,0,,7:21:00,7:21:00,26460.0,26460.0
22803627,200417033,16,0,0,,7:22:10,7:22:10,26530.0,26530.0
22803627,200417050,17,0,0,,7:24:30,7:24:30,26670.0,26670.0
22803627,200417015,18,0,0,,7:26:40,7:26:40,26800.0,26800.0
22803627,200426002,19,0,0,,7:27:40,7:27:40,26860.0,26860.0
22803627,200417020,20,0,0,,7:28:50,7:28:50,26930.0,26930.0
22803627,200417008,21,0,0,,7:29:40,7:29:40,26980.0,26980.0
22803627,200422002,22,0,0,,7:30:00,7:30:00,27000.0,27000.0
22803627,200422006,23,0,0,,7:30:40,7:30:40,27040.0,27040.0
22803627,200422001,24,0,0,,7:31:20,7:31:20,27080.0,27080.0
22803627,200422008,25,0,0,,7:32:00,7:32:00,27120.0,27120.0
22803627,200422011,26,0,0,,7:32:50,7:32:50,27170.0,27170.0
22803627,200422003,27,0,0,,7:33:30,7:33:30,27210.0,27210.0
22803627,200422007,28,0,0,,7:34:40,7:34:40,27280.0,27280.0
22803627,200406019,29,0,0,,7:35:50,7:35:50,27350.0,27350.0
22803627,200406003,30,0,0,,7:37:00,7:37:00,27420.0,27420.0
22803627,200406004,31,0,0,,7:37:50,7:37:50,27470.0,27470.0
22803627,200406018,32,0,0,,7:38:30,7:38:30,27510.0,27510.0
22803627,200406016,33,0,0,,7:39:00,7:39:00,27540.0,27540.0
22803627,200406012,34,0,0,,7:39:50,7:39:50,27590.0,27590.0
22803627,200406024,35,0,0,,7:41:30,7:41:30,27690.0,27690.0
22803627,200414011,36,0,0,,7:43:00,7:43:00,27780.0,27780.0
22803627,200414006,37,0,0,,7:44:10,7:44:10,27850.0,27850.0
22803626,200409008,0,0,0,,7:34:00,7:34:00,27240.0,27240.0
22803626,200426004,1,0,0,,7:36:40,7:36:40,27400.0,27400.0
22803626,200426011,2,0,0,,7:37:50,7:37:50,27470.0,27470.0
22803626,200426006,3,0,0,,7:39:00,7:39:00,27540.0,27540.0
22803626,200426005,4,0,0,,7:39:30,7:39:30,27570.0,27570.0
22803626,200426008,5,0,0,,7:40:10,7:40:10,27610.0,27610.0
22803626,200426009,6,0,0,,7:41:10,7:41:10,27670.0,27670.0
22803626,200426010,7,0,0,,7:41:50,7:41:50,27710.0,27710.0
22803626,200417030,8,0,0,,7:42:50,7:42:50,27770.0,27770.0
22803626,200417016,9,0,0,,7:44:20,7:44:20,27860.0,27860.0
22803626,200417005,10,0,0,,7:45:40,7:45:40,27940.0,27940.0
22803626,200417019,11,0,0,,7:47:30,7:47:30,28050.0,28050.0
22803626,200417013,12,0,0,,7:48:00,7:48:00,28080.0,28080.0
22803626,200417002,13,0,0,,7:49:00,7:49:00,28140.0,28140.0
22803626,200417036,14,0,0,,7:50:20,7:50:20,28220.0,28220.0
22803626,200417012,15,0,0,,7:51:00,7:51:00,28260.0,28260.0
22803626,200417033,16,0,0,,7:52:10,7:52:10,28330.0,28330.0
22803626,200417050,17,0,0,,7:54:30,7:54:30,28470.0,28470.0
22803626,200417015,18,0,0,,7:56:40,7:56:40,28600.0,28600.0
22803626,200426002,19,0,0,,7:57:40,7:57:40,28660.0,28660.0
22803626,200417020,20,0,0,,7:58:50,7:58:50,28730.0,28730.0
22803626,200417008,21,0,0,,7:59:40,7:59:40,28780.0,28780.0
22803626,200422002,22,0,0,,8:00:00,8:00:00,28800.0,28800.0
22803626,200422006,23,0,0,,8:00:40,8:00:40,28840.0,28840.0
22803626,200422001,24,0,0,,8:01:20,8:01:20,28880.0,28880.0
22803626,200422008,25,0,0,,8:02:00,8:02:00,28920.0,28920.0
22803626,200422011,26,0,0,,8:02:50,8:02:50,28970.0,28970.0
22803626,200422003,27,0,0,,8:03:30,8:03:30,29010.0,29010.0
22803626,200422007,28,0,0,,8:04:40,8:04:40,29080.0,29080.0
22803626,200406019,29,0,0,,8:05:50,8:05:50,29150.0,29150.0
22803626,200406003,30,0,0,,8:07:00,8:07:00,29220.0,29220.0
22803626,200406004,31,0,0,,8:07:50,8:07:50,29270.0,29270.0
22803626,200406018,32,0,0,,8:08:30,8:08:30,29310.0,29310.0
22803626,200406016,33,0,0,,8:09:00,8:09:00,29340.0,29340.0
22803626,200406012,34,0,0,,8:09:50,8:09:50,29390.0,29390.0
22803626,200406024,35,0,0,,8:11:30,8:11:30,29490.0,29490.0
22803626,200414011,36,0,0,,8:13:00,8:13:00,29580.0,29580.0
22803626,200414006,37,0,0,,8:14:10,8:14:10,29650.0,29650.0
22803625,200409008,0,0,0,,8:04:00,8:04:00,29040.0,29040.0
22803625,200426004,1,0,0,,8:06:40,8:06:40,29200.0,29200.0
22803625,200426011,2,0,0,,8:07:50,8:07:50,29270.0,29270.0
22803625,200426006,3,0,0,,8:09:00,8:09:00,29340.0,29340.0
22803625,200426005,4,0,0,,8:09:30,8:09:30,29370.0,29370.0
22803625,200426008,5,0,0,,8:10:10,8:10:10,29410.0,29410.0
22803625,200426009,6,0,0,,8:11:10,8:11:10,29470.0,29470.0
22803625,200426010,7,0,0,,8:11:50,8:11:50,29510.0,29510.0
22803625,200417030,8,0,0,,8:12:50,8:12:50,29570.0,29570.0
22803625,200417016,9,0,0,,8:14:20,8:14:20,29660.0,29660.0
22803625,200417005,10,0,0,,8:15:40,8:15:40,29740.0,29740.0
22803625,200417019,11,0,0,,8:17:30,8:17:30,29850.0,29850.0
22803625,200417013,12,0,0,,8:18:00,8:18:00,29880.0,29880.0
22803625,200417002,13,0,0,,8:19:00,8:19:00,29940.0,29940.0
22803625,200417036,14,0,0,,8:20:20,8:20:20,30020.0,30020.0
22803625,200417012,15,0,0,,8:21:00,8:21:00,30060.0,30060.0
22803625,200417033,16,0,0,,8:22:10,8:22:10,30130.0,30130.0
22803625,200417050,17,0,0,,8:24:30,8:24:30,30270.0,30270.0
22803625,200417015,18,0,0,,8:26:40,8:26:40,30400.0,30400.0
22803625,200426002,19,0,0,,8:27:40,8:27:40,30460.0,30460.0
22803625,200417020,20,0,0,,8:28:50,8:28:50,30530.0,30530.0
22803625,200417008,21,0,0,,8:29:40,8:29:40,30580.0,30580.0
22803625,200422002,22,0,0,,8:30:00,8:30:00,30600.0,30600.0
22803625,200422006,23,0,0,,8:30:40,8:30:40,30640.0,30640.0
22803625,200422001,24,0,0,,8:31:20,8:31:20,30680.0,30680.0
22803625,200422008,25,0,0,,8:32:00,8:32:00,30720.0,30720.0
22803625,200422011,26,0,0,,8:32:50,8:32:50,30770.0,30770.0
22803625,200422003,27,0,0,,8:33:30,8:33:30,30810.0,30810.0
22803625,200422007,28,0,0,,8:34:40,8:34:40,30880.0,30880.0
22803625,200406019,29,0,0,,8:35:50,8:35:50,30950.0,30950.0
22803625,200406003,30,0,0,,8:37:00,8:37:00,31020.0,31020.0
22803625,200406004,31,0,0,,8:37:50,8:37:50,31070.0,31070.0
22803625,200406018,32,0,0,,8:38:30,8:38:30,31110.0,31110.0
22803625,200406016,33,0,0,,8:39:00,8:39:00,31140.0,31140.0
22803625,200406012,34,0,0,,8:39:50,8:39:50,31190.0,31190.0
22803625,200406024,35,0,0,,8:41:30,8:41:30,31290.0,31290.0
22803625,200414011,36,0,0,,8:43:00,8:43:00,31380.0,31380.0
22803625,200414006,37,0,0,,8:44:10,8:44:10,31450.0,31450.0
22803624,200409008,0,0,0,,8:34:00,8:34:00,30840.0,30840.0
22803624,200426004,1,0,0,,8:36:40,8:36:40,31000.0,31000.0
22803624,200426011,2,0,0,,8:37:50,8:37:50,31070.0,31070.0
22803624,200426006,3,0,0,,8:39:00,8:39:00,31140.0,31140.0
22803624,200426005,4,0,0,,8:39:30,8:39:30,31170.0,31170.0
22803624,200426008,5,0,0,,8:40:10,8:40:10,31210.0,31210.0
22803624,200426009,6,0,0,,8:41:10,8:41:10,31270.0,31270.0
22803624,200426010,7,0,0,,8:41:50,8:41:50,31310.0,31310.0
22803624,200417030,8,0,0,,8:42:50,8:42:50,31370.0,31370.0
22803624,200417016,9,0,0,,8:44:20,8:44:20,31460.0,31460.0
22803624,200417005,10,0,0,,8:45:40,8:45:40,31540.0,31540.0
22803624,200417019,11,0,0,,8:47:30,8:47:30,31650.0,31650.0
22803624,200417013,12,0,0,,8:48:00,8:48:00,31680.0,31680.0
22803624,200417002,13,0,0,,8:49:00,8:49:00,31740.0,31740.0
22803624,200417036,14,0,0,,8:50:20,8:50:20,31820.0,31820.0
22803624,200417012,15,0,0,,8:51:00,8:51:00,31860.0,31860.0
22803624,200417033,16,0,0,,8:52:10,8:52:10,31930.0,31930.0
22803624,200417050,17,0,0,,8:54:30,8:54:30,32070.0,32070.0
22803624,200417015,18,0,0,,8:56:40,8:56:40,32200.0,32200.0
22803624,200426002,19,0,0,,8:57:40,8:57:40,32260.0,32260.0
22803624,200417020,20,0,0,,8:58:50,8:58:50,32330.0,32330.0
22803624,200417008,21,0,0,,8:59:40,8:59:40,32380.0,32380.0
22803624,200422002,22,0,0,,9:00:00,9:00:00,32400.0,32400.0
22834863,200408001,18,0,0,,7:00:50,7:00:50,25250.0,25250.0
22834863,200408003,19,0,0,,7:01:40,7:01:40,25300.0,25300.0
22834863,200422005,20,0,0,,7:02:40,7:02:40,25360.0,25360.0
22834863,200408002,21,0,0,,7:03:20,7:03:20,25400.0,25400.0
22834863,200422009,22,0,0,,7:04:30,7:04:30,25470.0,25470.0
22834863,200422001,23,0,0,,7:05:20,7:05:20,25520.0,25520.0
22834863,200422008,24,0,0,,7:06:00,7:06:00,25560.0,25560.0
22834863,200422011,25,0,0,,7:06:50,7:06:50,25610.0,25610.0
22834863,200422003,26,0,0,,7:07:30,7:07:30,25650.0,25650.0
22834863,200422007,27,0,0,,7:08:40,7:08:40,25720.0,25720.0
22834863,200406019,28,0,0,,7:09:50,7:09:50,25790.0,25790.0
22834862,200405046,11,0,0,,7:01:10,7:01:10,25270.0,25270.0
22834862,200405039,12,0,0,,7:02:40,7:02:40,25360.0,25360.0
22834862,200405013,13,0,0,,7:06:00,7:06:00,25560.0,25560.0
22834862,200405020,14,0,0,,7:09:00,7:09:00,25740.0,25740.0
22834862,200405005,15,0,0,,7:12:00,7:12:00,25920.0,25920.0
22834862,200423004,16,0,0,,7:13:50,7:13:50,26030.0,26030.0
22834862,200408005,17,0,0,,7:14:50,7:14:50,26090.0,26090.0
22834862,200408001,18,0,0,,7:15:50,7:15:50,26150.0,26150.0
22834862,200408003,19,0,0,,7:16:40,7:16:40,26200.0,26200.0
22834862,200422005,20,0,0,,7:17:40,7:17:40,26260.0,26260.0
22834862,200408002,21,0,0,,7:18:20,7:18:20,26300.0,26300.0
22834862,200422009,22,0,0,,7:19:30,7:19:30,26370.0,26370.0
22834862,200422001,23,0,0,,7:20:20,7:20:20,26420.0,26420.0
22834862,200422008,24,0,0,,7:21:00,7:21:00,26460.0,26460.0
22834862,200422011,25,0,0,,7:21:50,7:21:50,26510.0,26510.0
22834862,200422003,26,0,0,,7:22:30,7:22:30,26550.0,26550.0
22834862,200422007,27,0,0,,7:23:40,7:23:40,26620.0,26620.0
22834862,200406019,28,0,0,,7:24:50,7:24:50,26690.0,26690.0
22834861,200414006,0,0,0,,7:04:50,7:04:50,25490.0,25490.0
22834861,200414003,1,0,0,,7:06:00,7:06:00,25560.0,25560.0
22834861,200414007,2,0,0,,7:06:30,7:06:30,25590.0,25590.0
22834861,200414004,3,0,0,,7:07:20,7:07:20,25640.0,25640.0
22834861,200414008,4,0,0,,7:08:20,7:08:20,25700.0,25700.0
22834861,200414001,5,0,0,,7:09:30,7:09:30,25770.0,25770.0
22834861,200414002,6,0,0,,7:10:10,7:10:10,25810.0,25810.0
22834861,200414005,7,0,0,,7:10:50,7:10:50,25850.0,25850.0
22834861,200404023,8,0,0,,7:11:50,7:11:50,25910.0,25910.0
22834861,200404014,9,0,0,,7:12:40,7:12:40,25960.0,25960.0
22834861,200404034,10,0,0,,7:14:40,7:14:40,26080.0,26080.0
22834861,200405046,11,0,0,,7:16:10,7:16:10,26170.0,26170.0
22834861,200405039,12,0,0,,7:17:40,7:17:40,26260.0,26260.0
22834861,200405013,13,0,0,,7:21:00,7:21:00,26460.0,26460.0
22834861,200405020,14,0,0,,7:24:00,7:24:00,26640.0,26640.0
22834861,200405005,15,0,0,,7:27:00,7:27:00,26820.0,26820.0
22834861,200423004,16,0,0,,7:28:50,7:28:50,26930.0,26930.0
22834861,200408005,17,0,0,,7:29:50,7:29:50,26990.0,26990.0
22834861,200408001,18,0,0,,7:30:50,7:30:50,27050.0,27050.0
22834861,200408003,19,0,0,,7:31:40,7:31:40,27100.0,27100.0
22834861,200422005,20,0,0,,7:32:40,7:32:40,27160.0,27160.0
22834861,200408002,21,0,0,,7:33:20,7:33:20,27200.0,27200.0
22834861,200422009,22,0,0,,7:34:30,7:34:30,27270.0,27270.0
22834861,200422001,23,0,0,,7:35:20,7:35:20,27320.0,27320.0
22834861,200422008,24,0,0,,7:36:00,7:36:00,27360.0,27360.0
22834861,200422011,25,0,0,,7:36:50,7:36:50,27410.0,27410.0
22834861,200422003,26,0,0,,7:37:30,7:37:30,27450.0,27450.0
22834861,200422007,27,0,0,,7:38:40,7:38:40,27520.0,27520.0
22834861,200406019,28,0,0,,7:39:50,7:39:50,27590.0,27590.0
22834860,200414006,0,0,0,,7:19:50,7:19:50,26390.0,26390.0
22834860,200414003,1,0,0,,7:21:00,7:21:00,26460.0,26460.0
22834860,200414007,2,0,0,,7:21:30,7:21:30,26490.0,26490.0
22834860,200414004,3,0,0,,7:22:20,7:22:20,26540.0,26540.0
22834860,200414008,4,0,0,,7:23:20,7:23:20,26600.0,26600.0
22834860,200414001,5,0,0,,7:24:30,7:24:30,26670.0,26670.0
22834860,200414002,6,0,0,,7:25:10,7:25:10,26710.0,26710.0
22834860,200414005,7,0,0,,7:25:50,7:25:50,26750.0,26750.0
22834860,200404023,8,0,0,,7:26:50,7:26:50,26810.0,26810.0
22834860,200404014,9,0,0,,7:27:40,7:27:40,26860.0,26860.0
22834860,200404034,10,0,0,,7:29:40,7:29:40,26980.0,26980.0
22834860,200405046,11,0,0,,7:31:10,7:31:10,27070.0,27070.0
22834860,200405039,12,0,0,,7:32:40,7:32:40,27160.0,27160.0
22834860,200405013,13,0,0,,7:36:00,7:36:00,27360.0,27360.0
22834860,200405020,14,0,0,,7:39:00,7:39:00,27540.0,27540.0
22834860,200405005,15,0,0,,7:42:00,7:42:00,27720.0,27720.0
22834860,200423004,16,0,0,,7:43:50,7:43:50,27830.0,27830.0
22834860,200408005,17,0,0,,7:44:50,7:44:50,27890.0,27890.0
22834860,200408001,18,0,0,,7:45:50,7:45:50,27950.0,27950.0
22834860,200408003,19,0,0,,7:46:40,7:46:40,28000.0,28000.0
22834860,200422005,20,0,0,,7:47:40,7:47:40,28060.0,28060.0
22834860,200408002,21,0,0,,7:48:20,7:48:20,28100.0,28100.0
22834860,200422009,22,0,0,,7:49:30,7:49:30,28170.0,28170.0
22834860,200422001,23,0,0,,7:50:20,7:50:20,28220.0,28220.0
22834860,200422008,24,0,0,,7:51:00,7:51:00,28260.0,28260.0
22834860,200422011,25,0,0,,7:51:50,7:51:50,28310.0,28310.0
22834860,200422003,26,0,0,,7:52:30,7:52:30,28350.0,28350.0
22834860,200422007,27,0,0,,7:53:40,7:53:40,28420.0,28420.0
22834860,200406019,28,0,0,,7:54:50,7:54:50,28490.0,28490.0
22834859,200414006,0,0,0,,7:34:50,7:34:50,27290.0,27290.0
22834859,200414003,1,0,0,,7:36:00,7:36:00,27360.0,27360.0
22834859,200414007,2,0,0,,7:36:30,7:36:30,27390.0,27390.0
22834859,200414004,3,0,0,,7:37:20,7:37:20,27440.0,27440.0
22834859,200414008,4,0,0,,7:38:20,7:38:20,27500.0,27500.0
22834859,200414001,5,0,0,,7:39:30,7:39:30,27570.0,27570.0
22834859,200414002,6,0,0,,7:40:10,7:40:10,27610.0,27610.0
22834859,200414005,7,0,0,,7:40:50,7:40:50,27650.0,27650.0
22834859,200404023,8,0,0,,7:41:50,7:41:50,27710.0,27710.0
22834859,200404014,9,0,0,,7:42:40,7:42:40,27760.0,27760.0
22834859,200404034,10,0,0,,7:44:40,7:44:40,27880.0,27880.0
22834859,200405046,11,0,0,,7:46:10,7:46:10,27970.0,27970.0
22834859,200405039,12,0,0,,7:47:40,7:47:40,28060.0,28060.0
22834859,200405013,13,0,0,,7:51:00,7:51:00,28260.0,28260.0
22834859,200405020,14,0,0,,7:54:00,7:54:00,28440.0,28440.0
22834859,200405005,15,0,0,,7:57:00,7:57:00,28620.0,28620.0
22834859,200423004,16,0,0,,7:58:50,7:58:50,28730.0,28730.0
22834859,200408005,17,0,0,,7:59:50,7:59:50,28790.0,28790.0
22834859,200408001,18,0,0,,8:00:50,8:00:50,28850.0,28850.0
22834859,200408003,19,0,0,,8:01:40,8:01:40,28900.0,28900.0
22834859,200422005,20,0,0,,8:02:40,8:02:40,28960.0,28960.0
22834859,200408002,21,0,0,,8:03:20,8:03:20,29000.0,29000.0
22834859,200422009,22,0,0,,8:04:30,8:04:30,29070.0,29070.0
22834859,200422001,23,0,0,,8:05:20,8:05:20,29120.0,29120.0
22834859,200422008,24,0,0,,8:06:00,8:06:00,29160.0,29160.0
22834859,200422011,25,0,0,,8:06:50,8:06:50,29210.0,29210.0
22834859,200422003,26,0,0,,8:07:30,8:07:30,29250.0,29250.0
22834859,200422007,27,0,0,,8:08:40,8:08:40,29320.0,29320.0
22834859,200406019,28,0,0,,8:09:50,8:09:50,29390.0,29390.0
22834858,200414006,0,0,0,,7:49:50,7:49:50,28190.0,28190.0
22834858,200414003,1,0,0,,7:51:00,7:51:00,28260.0,28260.0
22834858,200414007,2,0,0,,7:51:30,7:51:30,28290.0,28290.0
22834858,200414004,3,0,0,,7:52:20,7:52:20,28340.0,28340.0
22834858,200414008,4,0,0,,7:53:20,7:53:20,28400.0,28400.0
22834858,200414001,5,0,0,,7:54:30,7:54:30,28470.0,28470.0
22834858,200414002,6,0,0,,7:55:10,7:55:10,28510.0,28510.0
22834858,200414005,7,0,0,,7:55:50,7:55:50,28550.0,28550.0
22834858,200404023,8,0,0,,7:56:50,7:56:50,28610.0,28610.0
22834858,200404014,9,0,0,,7:57:40,7:57:40,28660.0,28660.0
22834858,200404034,10,0,0,,7:59:40,7:59:40,28780.0,28780.0
22834858,200405046,11,0,0,,8:01:10,8:01:10,28870.0,28870.0
22834858,200405039,12,0,0,,8:02:40,8:02:40,28960.0,28960.0
22834858,200405013,13,0,0,,8:06:00,8:06:00,29160.0,29160.0
22834858,200405020,14,0,0,,8:09:00,8:09:00,29340.0,29340.0
22834858,200405005,15,0,0,,8:12:00,8:12:00,29520.0,29520.0
22834858,200423004,16,0,0,,8:13:50,8:13:50,29630.0,29630.0
22834858,200408005,17,0,0,,8:14:50,8:14:50,29690.0,29690.0
22834858,200408001,18,0,0,,8:15:50,8:15:50,29750.0,29750.0
22834858,200408003,19,0,0,,8:16:40,8:16:40,29800.0,29800.0
22834858,200422005,20,0,0,,8:17:40,8:17:40,29860.0,29860.0
22834858,200408002,21,0,0,,8:18:20,8:18:20,29900.0,29900.0
22834858,200422009,22,0,0,,8:19:30,8:19:30,29970.0,29970.0
22834858,200422001,23,0,0,,8:20:20,8:20:20,30020.0,30020.0
22834858,200422008,24,0,0,,8:21:00,8:21:00,30060.0,30060.0
22834858,200422011,25,0,0,,8:21:50,8:21:50,30110.0,30110.0
22834858,200422003,26,0,0,,8:22:30,8:22:30,30150.0,30150.0
22834858,200422007,27,0,0,,8:23:40,8:23:40,30220.0,30220.0
22834858,200406019,28,0,0,,8:24:50,8:24:50,30290.0,30290.0
22834857,200414006,0,0,0,,8:04:50,8:04:50,29090.0,29090.0
22834857,200414003,1,0,0,,8:06:00,8:06:00,29160.0,29160.0
22834857,200414007,2,0,0,,8:06:30,8:06:30,29190.0,29190.0
22834857,200414004,3,0,0,,8:07:20,8:07:20,29240.0,29240.0
22834857,200414008,4,0,0,,8:08:20,8:08:20,29300.0,29300.0
22834857,200414001,5,0,0,,8:09:30,8:09:30,29370.0,29370.0
22834857,200414002,6,0,0,,8:10:10,8:10:10,29410.0,29410.0
22834857,200414005,7,0,0,,8:10:50,8:10:50,29450.0,29450.0
22834857,200404023,8,0,0,,8:11:50,8:11:50,29510.0,29510.0
22834857,200404014,9,0,0,,8:12:40,8:12:40,29560.0,29560.0
22834857,200404034,10,0,0,,8:14:40,8:14:40,29680.0,29680.0
22834857,200405046,11,0,0,,8:16:10,8:16:10,29770.0,29770.0
22834857,200405039,12,0,0,,8:17:40,8:17:40,29860.0,29860.0
22834857,200405013,13,0,0,,8:21:00,8:21:00,30060.0,30060.0
22834857,200405020,14,0,0,,8:24:00,8:24:00,30240.0,30240.0
22834857,200405005,15,0,0,,8:27:00,8:27:00,30420.0,30420.0
22834857,200423004,16,0,0,,8:28:50,8:28:50,30530.0,30530.0
22834857,200408005,17,0,0,,8:29:50,8:29:50,30590.0,30590.0
22834857,200408001,18,0,0,,8:30:50,8:30:50,30650.0,30650.0
22834857,200408003,19,0,0,,8:31:40,8:31:40,30700.0,30700.0
22834857,200422005,20,0,0,,8:32:40,8:32:40,30760.0,30760.0
22834857,200408002,21,0,0,,8:33:20,8:33:20,30800.0,30800.0
22834857,200422009,22,0,0,,8:34:30,8:34:30,30870.0,30870.0
22834857,200422001,23,0,0,,8:35:20,8:35:20,30920.0,30920.0
22834857,200422008,24,0,0,,8:36:00,8:36:00,30960.0,30960.0
22834857,200422011,25,0,0,,8:36:50,8:36:50,31010.0,31010.0
22834857,200422003,26,0,0,,8:37:30,8:37:30,31050.0,31050.0
22834857,200422007,27,0,0,,8:38:40,8:38:40,31120.0,31120.0
22834857,200406019,28,0,0,,8:39:50,8:39:50,31190.0,31190.0
22834856,200414006,0,0,0,,8:19:50,8:19:50,29990.0,29990.0
22834856,200414003,1,0,0,,8:21:00,8:21:00,30060.0,30060.0
22834856,200414007,2,0,0,,8:21:30,8:21:30,30090.0,30090.0
22834856,200414004,3,0,0,,8:22:20,8:22:20,30140.0,30140.0
22834856,200414008,4,0,0,,8:23:20,8:23:20,30200.0,30200.0
22834856,200414001,5,0,0,,8:24:30,8:24:30,30270.0,30270.0
22834856,200414002,6,0,0,,8:25:10,8:25:10,30310.0,30310.0
22834856,200414005,7,0,0,,8:25:50,8:25:50,30350.0,30350.0
22834856,200404023,8,0,0,,8:26:50,8:26:50,30410.0,30410.0
22834856,200404014,9,0,0,,8:27:40,8:27:40,30460.0,30460.0
22834856,200404034,10,0,0,,8:29:40,8:29:40,30580.0,30580.0
22834856,200405046,11,0,0,,8:31:10,8:31:10,30670.0,30670.0
22834856,200405039,12,0,0,,8:32:40,8:32:40,30760.0,30760.0
22834856,200405013,13,0,0,,8:36:00,8:36:00,30960.0,30960.0
22834856,200405020,14,0,0,,8:39:00,8:39:00,31140.0,31140.0
22834856,200405005,15,0,0,,8:42:00,8:42:00,31320.0,31320.0
22834856,200423004,16,0,0,,8:43:50,8:43:50,31430.0,31430.0
22834856,200408005,17,0,0,,8:44:50,8:44:50,31490.0,31490.0
22834856,200408001,18,0,0,,8:45:50,8:45:50,31550.0,31550.0
22834856,200408003,19,0,0,,8:46:40,8:46:40,31600.0,31600.0
22834856,200422005,20,0,0,,8:47:40,8:47:40,31660.0,31660.0
22834856,200408002,21,0,0,,8:48:20,8:48:20,31700.0,31700.0
22834856,200422009,22,0,0,,8:49:30,8:49:30,31770.0,31770.0
22834856,200422001,23,0,0,,8:50:20,8:50:20,31820.0,31820.0
22834856,200422008,24,0,0,,8:51:00,8:51:00,31860.0,31860.0
22834856,200422011,25,0,0,,8:51:50,8:51:50,31910.0,31910.0
22834856,200422003,26,0,0,,8:52:30,8:52:30,31950.0,31950.0
22834856,200422007,27,0,0,,8:53:40,8:53:40,32020.0,32020.0
22834856,200406019,28,0,0,,8:54:50,8:54:50,32090.0,32090.0
22834855,200414006,0,0,0,,8:34:50,8:34:50,30890.0,30890.0
22834855,200414003,1,0,0,,8:36:00,8:36:00,30960.0,30960.0
22834855,200414007,2,0,0,,8:36:30,8:36:30,30990.0,30990.0
22834855,200414004,3,0,0,,8:37:20,8:37:20,31040.0,31040.0
22834855,200414008,4,0,0,,8:38:20,8:38:20,31100.0,31100.0
22834855,200414001,5,0,0,,8:39:30,8:39:30,31170.0,31170.0
22834855,200414002,6,0,0,,8:40:10,8:40:10,31210.0,31210.0
22834855,200414005,7,0,0,,8:40:50,8:40:50,31250.0,31250.0
22834855,200404023,8,0,0,,8:41:50,8:41:50,31310.0,31310.0
22834855,200404014,9,0,0,,8:42:40,8:42:40,31360.0,31360.0
22834855,200404034,10,0,0,,8:44:40,8:44:40,31480.0,31480.0
22834855,200405046,11,0,0,,8:46:10,8:46:10,31570.0,31570.0
22834855,200405039,12,0,0,,8:47:40,8:47:40,31660.0,31660.0
22834855,200405013,13,0,0,,8:51:00,8:51:00,31860.0,31860.0
22834855,200405020,14,0,0,,8:54:00,8:54:00,32040.0,32040.0
22834855,200405005,15,0,0,,8:57:00,8:57:00,32220.0,32220.0
22834855,200423004,16,0,0,,8:58:50,8:58:50,32330.0,32330.0
22834855,200408005,17,0,0,,8:59:50,8:59:50,32390.0,32390.0
22834854,200414006,0,0,0,,8:49:50,8:49:50,31790.0,31790.0
22834854,200414003,1,0,0,,8:51:00,8:51:00,31860.0,31860.0
22834854,200414007,2,0,0,,8:51:30,8:51:30,31890.0,31890.0
22834854,200414004,3,0,0,,8:52:20,8:52:20,31940.0,31940.0
22834854,200414008,4,0,0,,8:53:20,8:53:20,32000.0,32000.0
22834854,200414001,5,0,0,,8:54:30,8:54:30,32070.0,32070.0
22834854,200414002,6,0,0,,8:55:10,8:55:10,32110.0,32110.0
22834854,200414005,7,0,0,,8:55:50,8:55:50,32150.0,32150.0
22834854,200404023,8,0,0,,8:56:50,8:56:50,32210.0,32210.0
22834854,200404014,9,0,0,,8:57:40,8:57:40,32260.0,32260.0
22834854,200404034,10,0,0,,8:59:40,8:59:40,32380.0,32380.0
22834693,200405046,17,0,0,,7:01:50,7:01:50,25310.0,25310.0
22834693,200404034,18,0,0,,7:03:20,7:03:20,25400.0,25400.0
22834693,200404014,19,0,0,,7:05:10,7:05:10,25510.0,25510.0
22834693,200404023,20,0,0,,7:05:50,7:05:50,25550.0,25550.0
22834693,200414005,21,0,0,,7:07:00,7:07:00,25620.0,25620.0
22834693,200414002,22,0,0,,7:07:40,7:07:40,25660.0,25660.0
22834693,200414001,23,0,0,,7:08:20,7:08:20,25700.0,25700.0
22834693,200414008,24,0,0,,7:09:30,7:09:30,25770.0,25770.0
22834693,200414004,25,0,0,,7:10:30,7:10:30,25830.0,25830.0
22834693,200414007,26,0,0,,7:11:20,7:11:20,25880.0,25880.0
22834693,200414003,27,0,0,,7:11:50,7:11:50,25910.0,25910.0
22834693,200414006,28,0,0,,7:13:20,7:13:20,26000.0,26000.0
22834692,200408003,9,0,0,,7:00:10,7:00:10,25210.0,25210.0
22834692,200408001,10,0,0,,7:01:10,7:01:10,25270.0,25270.0
22834692,200408005,11,0,0,,7:02:10,7:02:10,25330.0,25330.0
22834692,200423004,12,0,0,,7:03:10,7:03:10,25390.0,25390.0
22834692,200405005,13,0,0,,7:05:10,7:05:10,25510.0,25510.0
22834692,200405020,14,0,0,,7:08:00,7:08:00,25680.0,25680.0
22834692,200405013,15,0,0,,7:11:10,7:11:10,25870.0,25870.0
22834692,200405039,16,0,0,,7:14:30,7:14:30,26070.0,26070.0
22834692,200405046,17,0,0,,7:16:50,7:16:50,26210.0,26210.0
22834692,200404034,18,0,0,,7:18:20,7:18:20,26300.0,26300.0
22834692,200404014,19,0,0,,7:20:10,7:20:10,26410.0,26410.0
22834692,200404023,20,0,0,,7:20:50,7:20:50,26450.0,26450.0
22834692,200414005,21,0,0,,7:22:00,7:22:00,26520.0,26520.0
22834692,200414002,22,0,0,,7:22:40,7:22:40,26560.0,26560.0
22834692,200414001,23,0,0,,7:23:20,7:23:20,26600.0,26600.0
22834692,200414008,24,0,0,,7:24:30,7:24:30,26670.0,26670.0
22834692,200414004,25,0,0,,7:25:30,7:25:30,26730.0,26730.0
22834692,200414007,26,0,0,,7:26:20,7:26:20,26780.0,26780.0
22834692,200414003,27,0,0,,7:26:50,7:26:50,26810.0,26810.0
22834692,200414006,28,0,0,,7:28:20,7:28:20,26900.0,26900.0
22834691,200406019,0,0,0,,7:05:30,7:05:30,25530.0,25530.0
22834691,200422007,1,0,0,,7:07:20,7:07:20,25640.0,25640.0
22834691,200422003,2,0,0,,7:08:50,7:08:50,25730.0,25730.0
22834691,200422011,3,0,0,,7:09:40,7:09:40,25780.0,25780.0
22834691,200422008,4,0,0,,7:10:40,7:10:40,25840.0,25840.0
22834691,200422001,5,0,0,,7:11:30,7:11:30,25890.0,25890.0
22834691,200422009,6,0,0,,7:12:20,7:12:20,25940.0,25940.0
22834691,200408002,7,0,0,,7:13:20,7:13:20,26000.0,26000.0
22834691,200422005,8,0,0,,7:14:10,7:14:10,26050.0,26050.0
22834691,200408003,9,0,0,,7:15:10,7:15:10,26110.0,26110.0
22834691,200408001,10,0,0,,7:16:10,7:16:10,26170.0,26170.0
22834691,200408005,11,0,0,,7:17:10,7:17:10,26230.0,26230.0
22834691,200423004,12,0,0,,7:18:10,7:18:10,26290.0,26290.0
22834691,200405005,13,0,0,,7:20:10,7:20:10,26410.0,26410.0
22834691,200405020,14,0,0,,7:23:00,7:23:00,26580.0,26580.0
22834691,200405013,15,0,0,,7:26:10,7:26:10,26770.0,26770.0
22834691,200405039,16,0,0,,7:29:30,7:29:30,26970.0,26970.0
22834691,200405046,17,0,0,,7:31:50,7:31:50,27110.0,27110.0
22834691,200404034,18,0,0,,7:33:20,7:33:20,27200.0,27200.0
22834691,200404014,19,0,0,,7:35:10,7:35:10,27310.0,27310.0
22834691,200404023,20,0,0,,7:35:50,7:35:50,27350.0,27350.0
22834691,200414005,21,0,0,,7:37:00,7:37:00,27420.0,27420.0
22834691,200414002,22,0,0,,7:37:40,7:37:40,27460.0,27460.0
22834691,200414001,23,0,0,,7:38:20,7:38:20,27500.0,27500.0
22834691,200414008,24,0,0,,7:39:30,7:39:30,27570.0,27570.0
22834691,200414004,25,0,0,,7:40:30,7:40:30,27630.0,27630.0
22834691,200414007,26,0,0,,7:41:20,7:41:20,27680.0,27680.0
22834691,200414003,27,0,0,,7:41:50,7:41:50,27710.0,27710.0
22834691,200414006,28,0,0,,7:43:20,7:43:20,27800.0,27800.0
22834690,200406019,0,0,0,,7:20:30,7:20:30,26430.0,26430.0
22834690,200422007,1,0,0,,7:22:20,7:22:20,26540.0,26540.0
22834690,200422003,2,0,0,,7:23:50,7:23:50,26630.0,26630.0
22834690,200422011,3,0,0,,7:24:40,7:24:40,26680.0,26680.0
22834690,200422008,4,0,0,,7:25:40,7:25:40,26740.0,26740.0
22834690,200422001,5,0,0,,7:26:30,7:26:30,26790.0,26790.0
22834690,200422009,6,0,0,,7:27:20,7:27:20,26840.0,26840.0
22834690,200408002,7,0,0,,7:28:20,7:28:20,26900.0,26900.0
22834690,200422005,8,0,0,,7:29:10,7:29:10,26950.0,26950.0
22834690,200408003,9,0,0,,7:30:10,7:30:10,27010.0,27010.0
22834690,200408001,10,0,0,,7:31:10,7:31:10,27070.0,27070.0
22834690,200408005,11,0,0,,7:32:10,7:32:10,27130.0,27130.0
22834690,200423004,12,0,0,,7:33:10,7:33:10,27190.0,27190.0
22834690,200405005,13,0,0,,7:35:10,7:35:10,27310.0,27310.0
22834690,200405020,14,0,0,,7:38:00,7:38:00,27480.0,27480.0
22834690,200405013,15,0,0,,7:41:10,7:41:10,27670.0,27670.0
22834690,200405039,16,0,0,,7:44:30,7:44:30,27870.0,27870.0
22834690,200405046,17,0,0,,7:46:50,7:46:50,28010.0,28010.0
22834690,200404034,18,0,0,,7:48:20,7:48:20,28100.0,28100.0
22834690,200404014,19,0,0,,7:50:10,7:50:10,28210.0,28210.0
22834690,200404023,20,0,0,,7:50:50,7:50:50,28250.0,28250.0
22834690,200414005,21,0,0,,7:52:00,7:52:00,28320.0,28320.0
22834690,200414002,22,0,0,,7:52:40,7:52:40,28360.0,28360.0
22834690,200414001,23,0,0,,7:53:20,7:53:20,28400.0,28400.0
22834690,200414008,24,0,0,,7:54:30,7:54:30,28470.0,28470.0
22834690,200414004,25,0,0,,7:55:30,7:55:30,28530.0,28530.0
22834690,200414007,26,0,0,,7:56:20,7:56:20,28580.0,28580.0
22834690,200414003,27,0,0,,7:56:50,7:56:50,28610.0,28610.0
22834690,200414006,28,0,0,,7:58:20,7:58:20,28700.0,28700.0
22834689,200406019,0,0,0,,7:35:30,7:35:30,27330.0,27330.0
22834689,200422007,1,0,0,,7:37:20,7:37:20,27440.0,27440.0
22834689,200422003,2,0,0,,7:38:50,7:38:50,27530.0,27530.0
22834689,200422011,3,0,0,,7:39:40,7:39:40,27580.0,27580.0
22834689,200422008,4,0,0,,7:40:40,7:40:40,27640.0,27640.0
22834689,200422001,5,0,0,,7:41:30,7:41:30,27690.0,27690.0
22834689,200422009,6,0,0,,7:42:20,7:42:20,27740.0,27740.0
22834689,200408002,7,0,0,,7:43:20,7:43:20,27800.0,27800.0
22834689,200422005,8,0,0,,7:44:10,7:44:10,27850.0,27850.0
22834689,200408003,9,0,0,,7:45:10,7:45:10,27910.0,27910.0
22834689,200408001,10,0,0,,7:46:10,7:46:10,27970.0,27970.0
22834689,200408005,11,0,0,,7:47:10,7:47:10,28030.0,28030.0
22834689,200423004,12,0,0,,7:48:10,7:48:10,28090.0,28090.0
22834689,200405005,13,0,0,,7:50:10,7:50:10,28210.0,28210.0
22834689,200405020,14,0,0,,7:53:00,7:53:00,28380.0,28380.0
22834689,200405013,15,0,0,,7:56:10,7:56:10,28570.0,28570.0
22834689,200405039,16,0,0,,7:59:30,7:59:30,28770.0,28770.0
22834689,200405046,17,0,0,,8:01:50,8:01:50,28910.0,28910.0
22834689,200404034,18,0,0,,8:03:20,8:03:20,29000.0,29000.0
22834689,200404014,19,0,0,,8:05:10,8:05:10,29110.0,29110.0
22834689,200404023,20,0,0,,8:05:50,8:05:50,29150.0,29150.0
22834689,200414005,21,0,0,,8:07:00,8:07:00,29220.0,29220.0
22834689,200414002,22,0,0,,8:07:40,8:07:40,29260.0,29260.0
22834689,200414001,23,0,0,,8:08:20,8:08:20,29300.0,29300.0
22834689,200414008,24,0,0,,8:09:30,8:09:30,29370.0,29370.0
22834689,200414004,25,0,0,,8:10:30,8:10:30,29430.0,29430.0
22834689,200414007,26,0,0,,8:11:20,8:11:20,29480.0,29480.0
22834689,200414003,27,0,0,,8:11:50,8:11:50,29510.0,29510.0
22834689,200414006,28,0,0,,8:13:20,8:13:20,29600.0,29600.0
22834688,200406019,0,0,0,,7:50:30,7:50:30,28230.0,28230.0
22834688,200422007,1,0,0,,7:52:20,7:52:20,28340.0,28340.0
22834688,200422003,2,0,0,,7:53:50,7:53:50,28430.0,28430.0
22834688,200422011,3,0,0,,7:54:40,7:54:40,28480.0,28480.0
22834688,200422008,4,0,0,,7:55:40,7:55:40,28540.0,28540.0
22834688,200422001,5,0,0,,7:56:30,7:56:30,28590.0,28590.0
22834688,200422009,6,0,0,,7:57:20,7:57:20,28640.0,28640.0
22834688,200408002,7,0,0,,7:58:20,7:58:20,28700.0,28700.0
22834688,200422005,8,0,0,,7:59:10,7:59:10,28750.0,28750.0
22834688,200408003,9,0,0,,8:00:10,8:00:10,28810.0,28810.0
22834688,200408001,10,0,0,,8:01:10,8:01:10,28870.0,28870.0
22834688,200408005,11,0,0,,8:02:10,8:02:10,28930.0,28930.0
22834688,200423004,12,0,0,,8:03:10,8:03:10,28990.0,28990.0
22834688,200405005,13,0,0,,8:05:10,8:05:10,29110.0,29110.0
22834688,200405020,14,0,0,,8:08:00,8:08:00,29280.0,29280.0
22834688,200405013,15,0,0,,8:11:10,8:11:10,29470.0,29470.0
22834688,200405039,16,0,0,,8:14:30,8:14:30,29670.0,29670.0
22834688,200405046,17,0,0,,8:16:50,8:16:50,29810.0,29810.0
22834688,200404034,18,0,0,,8:18:20,8:18:20,29900.0,29900.0
22834688,200404014,19,0,0,,8:20:10,8:20:10,30010.0,30010.0
22834688,200404023,20,0,0,,8:20:50,8:20:50,30050.0,30050.0
22834688,200414005,21,0,0,,8:22:00,8:22:00,30120.0,30120.0
22834688,200414002,22,0,0,,8:22:40,8:22:40,30160.0,30160.0
22834688,200414001,23,0,0,,8:23:20,8:23:20,30200.0,30200.0
22834688,200414008,24,0,0,,8:24:30,8:24:30,30270.0,30270.0
22834688,200414004,25,0,0,,8:25:30,8:25:30,30330.0,30330.0
22834688,200414007,26,0,0,,8:26:20,8:26:20,30380.0,30380.0
22834688,200414003,27,0,0,,8:26:50,8:26:50,30410.0,30410.0
22834688,200414006,28,0,0,,8:28:20,8:28:20,30500.0,30500.0
22834687,200406019,0,0,0,,8:05:30,8:05:30,29130.0,29130.0
22834687,200422007,1,0,0,,8:07:20,8:07:20,29240.0,29240.0
22834687,200422003,2,0,0,,8:08:50,8:08:50,29330.0,29330.0
22834687,200422011,3,0,0,,8:09:40,8:09:40,29380.0,29380.0
22834687,200422008,4,0,0,,8:10:40,8:10:40,29440.0,29440.0
22834687,200422001,5,0,0,,8:11:30,8:11:30,29490.0,29490.0
22834687,200422009,6,0,0,,8:12:20,8:12:20,29540.0,29540.0
22834687,200408002,7,0,0,,8:13:20,8:13:20,29600.0,29600.0
22834687,200422005,8,0,0,,8:14:10,8:14:10,29650.0,29650.0
22834687,200408003,9,0,0,,8:15:10,8:15:10,29710.0,29710.0
22834687,200408001,10,0,0,,8:16:10,8:16:10,29770.0,29770.0
22834687,200408005,11,0,0,,8:17:10,8:17:10,29830.0,29830.0
22834687,200423004,12,0,0,,8:18:10,8:18:10,29890.0,29890.0
22834687,200405005,13,0,0,,8:20:10,8:20:10,30010.0,30010.0
22834687,200405020,14,0,0,,8:23:00,8:23:00,30180.0,30180.0
22834687,200405013,15,0,0,,8:26:10,8:26:10,30370.0,30370.0
22834687,200405039,16,0,0,,8:29:30,8:29:30,30570.0,30570.0
22834687,200405046,17,0,0,,8:31:50,8:31:50,30710.0,30710.0
22834687,200404034,18,0,0,,8:33:20,8:33:20,30800.0,30800.0
22834687,200404014,19,0,0,,8:35:10,8:35:10,30910.0,30910.0
22834687,200404023,20,0,0,,8:35:50,8:35:50,30950.0,30950.0
22834687,200414005,21,0,0,,8:37:00,8:37:00,31020.0,31020.0
22834687,200414002,22,0,0,,8:37:40,8:37:40,31060.0,31060.0
22834687,200414001,23,0,0,,8:38:20,8:38:20,31100.0,31100.0
22834687,200414008,24,0,0,,8:39:30,8:39:30,31170.0,31170.0
22834687,200414004,25,0,0,,8:40:30,8:40:30,31230.0,31230.0
22834687,200414007,26,0,0,,8:41:20,8:41:20,31280.0,31280.0
22834687,200414003,27,0,0,,8:41:50,8:41:50,31310.0,31310.0
22834687,200414006,28,0,0,,8:43:20,8:43:20,31400.0,31400.0
22834686,200406019,0,0,0,,8:20:30,8:20:30,30030.0,30030.0
22834686,200422007,1,0,0,,8:22:20,8:22:20,30140.0,30140.0
22834686,200422003,2,0,0,,8:23:50,8:23:50,30230.0,30230.0
22834686,200422011,3,0,0,,8:24:40,8:24:40,30280.0,30280.0
22834686,200422008,4,0,0,,8:25:40,8:25:40,30340.0,30340.0
22834686,200422001,5,0,0,,8:26:30,8:26:30,30390.0,30390.0
22834686,200422009,6,0,0,,8:27:20,8:27:20,30440.0,30440.0
22834686,200408002,7,0,0,,8:28:20,8:28:20,30500.0,30500.0
22834686,200422005,8,0,0,,8:29:10,8:29:10,30550.0,30550.0
22834686,200408003,9,0,0,,8:30:10,8:30:10,30610.0,30610.0
22834686,200408001,10,0,0,,8:31:10,8:31:10,30670.0,30670.0
22834686,200408005,11,0,0,,8:32:10,8:32:10,30730.0,30730.0
22834686,200423004,12,0,0,,8:33:10,8:33:10,30790.0,30790.0
22834686,200405005,13,0,0,,8:35:10,8:35:10,30910.0,30910.0
22834686,200405020,14,0,0,,8:38:00,8:38:00,31080.0,31080.0
22834686,200405013,15,0,0,,8:41:10,8:41:10,31270.0,31270.0
22834686,200405039,16,0,0,,8:44:30,8:44:30,31470.0,31470.0
22834686,200405046,17,0,0,,8:46:50,8:46:50,31610.0,31610.0
22834686,200404034,18,0,0,,8:48:20,8:48:20,31700.0,31700.0
22834686,200404014,19,0,0,,8:50:10,8:50:10,31810.0,31810.0
22834686,200404023,20,0,0,,8:50:50,8:50:50,31850.0,31850.0
22834686,200414005,21,0,0,,8:52:00,8:52:00,31920.0,31920.0
22834686,200414002,22,0,0,,8:52:40,8:52:40,31960.0,31960.0
22834686,200414001,23,0,0,,8:53:20,8:53:20,32000.0,32000.0
22834686,200414008,24,0,0,,8:54:30,8:54:30,32070.0,32070.0
22834686,200414004,25,0,0,,8:55:30,8:55:30,32130.0,32130.0
22834686,200414007,26,0,0,,8:56:20,8:56:20,32180.0,32180.0
22834686,200414003,27,0,0,,8:56:50,8:56:50,32210.0,32210.0
22834686,200414006,28,0,0,,8:58:20,8:58:20,32300.0,32300.0
22834685,200406019,0,0,0,,8:35:30,8:35:30,30930.0,30930.0
22834685,200422007,1,0,0,,8:37:20,8:37:20,31040.0,31040.0
22834685,200422003,2,0,0,,8:38:50,8:38:50,31130.0,31130.0
22834685,200422011,3,0,0,,8:39:40,8:39:40,31180.0,31180.0
22834685,200422008,4,0,0,,8:40:40,8:40:40,31240.0,31240.0
22834685,200422001,5,0,0,,8:41:30,8:41:30,31290.0,31290.0
22834685,200422009,6,0,0,,8:42:20,8:42:20,31340.0,31340.0
22834685,200408002,7,0,0,,8:43:20,8:43:20,31400.0,31400.0
22834685,200422005,8,0,0,,8:44:10,8:44:10,31450.0,31450.0
22834685,200408003,9,0,0,,8:45:10,8:45:10,31510.0,31510.0
22834685,200408001,10,0,0,,8:46:10,8:46:10,31570.0,31570.0
22834685,200408005,11,0,0,,8:47:10,8:47:10,31630.0,31630.0
22834685,200423004,12,0,0,,8:48:10,8:48:10,31690.0,31690.0
22834685,200405005,13,0,0,,8:50:10,8:50:10,31810.0,31810.0
22834685,200405020,14,0,0,,8:53:00,8:53:00,31980.0,31980.0
22834685,200405013,15,0,0,,8:56:10,8:56:10,32170.0,32170.0
22834685,200405039,16,0,0,,8:59:30,8:59:30,32370.0,32370.0
22834684,200406019,0,0,0,,8:50:30,8:50:30,31830.0,31830.0
22834684,200422007,1,0,0,,8:52:20,8:52:20,31940.0,31940.0
22834684,200422003,2,0,0,,8:53:50,8:53:50,32030.0,32030.0
22834684,200422011,3,0,0,,8:54:40,8:54:40,32080.0,32080.0
22834684,200422008,4,0,0,,8:55:40,8:55:40,32140.0,32140.0
22834684,200422001,5,0,0,,8:56:30,8:56:30,32190.0,32190.0
22834684,200422009,6,0,0,,8:57:20,8:57:20,32240.0,32240.0
22834684,200408002,7,0,0,,8:58:20,8:58:20,32300.0,32300.0
22834684,200422005,8,0,0,,8:59:10,8:59:10,32350.0,32350.0
22831321,200403001,15,0,0,,7:00:40,7:00:40,25240.0,25240.0
22831321,200403002,16,0,0,,7:01:30,7:01:30,25290.0,25290.0
22831321,200403022,17,0,0,,7:02:10,7:02:10,25330.0,25330.0
22831321,200405045,18,0,0,,7:03:50,7:03:50,25430.0,25430.0
22831321,200403020,19,0,0,,7:06:20,7:06:20,25580.0,25580.0
22831321,200405020,20,0,0,,7:09:00,7:09:00,25740.0,25740.0
22831321,200405014,21,0,0,,7:11:40,7:11:40,25900.0,25900.0
22831321,200419036,22,0,0,,7:14:30,7:14:30,26070.0,26070.0
22831321,200419019,23,0,0,,7:15:40,7:15:40,26140.0,26140.0
22831321,200419014,24,0,0,,7:16:10,7:16:10,26170.0,26170.0
22831321,200419020,25,0,0,,7:17:20,7:17:20,26240.0,26240.0
22831321,200419008,26,0,0,,7:18:20,7:18:20,26300.0,26300.0
22831321,200419022,27,0,0,,7:18:40,7:18:40,26320.0,26320.0
22831320,200101019,0,0,0,,7:04:00,7:04:00,25440.0,25440.0
22831320,200101002,1,0,0,,7:05:30,7:05:30,25530.0,25530.0
22831320,200901011,2,0,0,,7:06:40,7:06:40,25600.0,25600.0
22831320,200901016,3,0,0,,7:07:20,7:07:20,25640.0,25640.0
22831320,200901017,4,0,0,,7:08:30,7:08:30,25710.0,25710.0
22831320,200901004,5,0,0,,7:09:40,7:09:40,25780.0,25780.0
22831320,200901020,6,0,0,,7:10:40,7:10:40,25840.0,25840.0
22831320,200901018,7,0,0,,7:11:40,7:11:40,25900.0,25900.0
22831320,200901025,8,0,0,,7:12:40,7:12:40,25960.0,25960.0
22831320,200901022,9,0,0,,7:13:30,7:13:30,26010.0,26010.0
22831320,200901019,10,0,0,,7:14:10,7:14:10,26050.0,26050.0
22831320,200403016,11,0,0,,7:15:20,7:15:20,26120.0,26120.0
22831320,200403019,12,0,0,,7:16:50,7:16:50,26210.0,26210.0
22831320,200403023,13,0,0,,7:18:00,7:18:00,26280.0,26280.0
22831320,200403010,14,0,0,,7:19:40,7:19:40,26380.0,26380.0
22831320,200403001,15,0,0,,7:20:40,7:20:40,26440.0,26440.0
22831320,200403002,16,0,0,,7:21:30,7:21:30,26490.0,26490.0
22831320,200403022,17,0,0,,7:22:10,7:22:10,26530.0,26530.0
22831320,200405045,18,0,0,,7:23:50,7:23:50,26630.0,26630.0
22831320,200403020,19,0,0,,7:26:20,7:26:20,26780.0,26780.0
22831320,200405020,20,0,0,,7:29:00,7:29:00,26940.0,26940.0
22831320,200405014,21,0,0,,7:31:40,7:31:40,27100.0,27100.0
22831320,200419036,22,0,0,,7:34:30,7:34:30,27270.0,27270.0
22831320,200419019,23,0,0,,7:35:40,7:35:40,27340.0,27340.0
22831320,200419014,24,0,0,,7:36:10,7:36:10,27370.0,27370.0
22831320,200419020,25,0,0,,7:37:20,7:37:20,27440.0,27440.0
22831320,200419008,26,0,0,,7:38:20,7:38:20,27500.0,27500.0
22831320,200419022,27,0,0,,7:38:40,7:38:40,27520.0,27520.0
22831319,200101019,0,0,0,,7:24:00,7:24:00,26640.0,26640.0
22831319,200101002,1,0,0,,7:25:30,7:25:30,26730.0,26730.0
22831319,200901011,2,0,0,,7:26:40,7:26:40,26800.0,26800.0
22831319,200901016,3,0,0,,7:27:20,7:27:20,26840.0,26840.0
22831319,200901017,4,0,0,,7:28:30,7:28:30,26910.0,26910.0
22831319,200901004,5,0,0,,7:29:40,7:29:40,26980.0,26980.0
22831319,200901020,6,0,0,,7:30:40,7:30:40,27040.0,27040.0
22831319,200901018,7,0,0,,7:31:40,7:31:40,27100.0,27100.0
22831319,200901025,8,0,0,,7:32:40,7:32:40,27160.0,27160.0
22831319,200901022,9,0,0,,7:33:30,7:33:30,27210.0,27210.0
22831319,200901019,10,0,0,,7:34:10,7:34:10,27250.0,27250.0
22831319,200403016,11,0,0,,7:35:20,7:35:20,27320.0,27320.0
22831319,200403019,12,0,0,,7:36:50,7:36:50,27410.0,27410.0
22831319,200403023,13,0,0,,7:38:00,7:38:00,27480.0,27480.0
22831319,200403010,14,0,0,,7:39:40,7:39:40,27580.0,27580.0
22831319,200403001,15,0,0,,7:40:40,7:40:40,27640.0,27640.0
22831319,200403002,16,0,0,,7:41:30,7:41:30,27690.0,27690.0
22831319,200403022,17,0,0,,7:42:10,7:42:10,27730.0,27730.0
22831319,200405045,18,0,0,,7:43:50,7:43:50,27830.0,27830.0
22831319,200403020,19,0,0,,7:46:20,7:46:20,27980.0,27980.0
22831319,200405020,20,0,0,,7:49:00,7:49:00,28140.0,28140.0
22831319,200405014,21,0,0,,7:51:40,7:51:40,28300.0,28300.0
22831319,200419036,22,0,0,,7:54:30,7:54:30,28470.0,28470.0
22831319,200419019,23,0,0,,7:55:40,7:55:40,28540.0,28540.0
22831319,200419014,24,0,0,,7:56:10,7:56:10,28570.0,28570.0
22831319,200419020,25,0,0,,7:57:20,7:57:20,28640.0,28640.0
22831319,200419008,26,0,0,,7:58:20,7:58:20,28700.0,28700.0
22831319,200419022,27,0,0,,7:58:40,7:58:40,28720.0,28720.0
22831318,200101019,0,0,0,,7:44:00,7:44:00,27840.0,27840.0
22831318,200101002,1,0,0,,7:45:30,7:45:30,27930.0,27930.0
22831318,200901011,2,0,0,,7:46:40,7:46:40,28000.0,28000.0
22831318,200901016,3,0,0,,7:47:20,7:47:20,28040.0,28040.0
22831318,200901017,4,0,0,,7:48:30,7:48:30,28110.0,28110.0
22831318,200901004,5,0,0,,7:49:40,7:49:40,28180.0,28180.0
22831318,200901020,6,0,0,,7:50:40,7:50:40,28240.0,28240.0
22831318,200901018,7,0,0,,7:51:40,7:51:40,28300.0,28300.0
22831318,200901025,8,0,0,,7:52:40,7:52:40,28360.0,28360.0
22831318,200901022,9,0,0,,7:53:30,7:53:30,28410.0,28410.0
22831318,200901019,10,0,0,,7:54:10,7:54:10,28450.0,28450.0
22831318,200403016,11,0,0,,7:55:20,7:55:20,28520.0,28520.0
22831318,200403019,12,0,0,,7:56:50,7:56:50,28610.0,28610.0
22831318,200403023,13,0,0,,7:58:00,7:58:00,28680.0,28680.0
22831318,200403010,14,0,0,,7:59:40,7:59:40,28780.0,28780.0
22831318,200403001,15,0,0,,8:00:40,8:00:40,28840.0,28840.0
22831318,200403002,16,0,0,,8:01:30,8:01:30,28890.0,28890.0
22831318,200403022,17,0,0,,8:02:10,8:02:10,28930.0,28930.0
22831318,200405045,18,0,0,,8:03:50,8:03:50,29030.0,29030.0
22831318,200403020,19,0,0,,8:06:20,8:06:20,29180.0,29180.0
22831318,200405020,20,0,0,,8:09:00,8:09:00,29340.0,29340.0
22831318,200405014,21,0,0,,8:11:40,8:11:40,29500.0,29500.0
22831318,200419036,22,0,0,,8:14:30,8:14:30,29670.0,29670.0
22831318,200419019,23,0,0,,8:15:40,8:15:40,29740.0,29740.0
22831318,200419014,24,0,0,,8:16:10,8:16:10,29770.0,29770.0
22831318,200419020,25,0,0,,8:17:20,8:17:20,29840.0,29840.0
22831318,200419008,26,0,0,,8:18:20,8:18:20,29900.0,29900.0
22831318,200419022,27,0,0,,8:18:40,8:18:40,29920.0,29920.0
22831317,200101019,0,0,0,,8:04:00,8:04:00,29040.0,29040.0
22831317,200101002,1,0,0,,8:05:30,8:05:30,29130.0,29130.0
22831317,200901011,2,0,0,,8:06:40,8:06:40,29200.0,29200.0
22831317,200901016,3,0,0,,8:07:20,8:07:20,29240.0,29240.0
22831317,200901017,4,0,0,,8:08:30,8:08:30,29310.0,29310.0
22831317,200901004,5,0,0,,8:09:40,8:09:40,29380.0,29380.0
22831317,200901020,6,0,0,,8:10:40,8:10:40,29440.0,29440.0
22831317,200901018,7,0,0,,8:11:40,8:11:40,29500.0,29500.0
22831317,200901025,8,0,0,,8:12:40,8:12:40,29560.0,29560.0
22831317,200901022,9,0,0,,8:13:30,8:13:30,29610.0,29610.0
22831317,200901019,10,0,0,,8:14:10,8:14:10,29650.0,29650.0
22831317,200403016,11,0,0,,8:15:20,8:15:20,29720.0,29720.0
22831317,200403019,12,0,0,,8:16:50,8:16:50,29810.0,29810.0
22831317,200403023,13,0,0,,8:18:00,8:18:00,29880.0,29880.0
22831317,200403010,14,0,0,,8:19:40,8:19:40,29980.0,29980.0
22831317,200403001,15,0,0,,8:20:40,8:20:40,30040.0,30040.0
22831317,200403002,16,0,0,,8:21:30,8:21:30,30090.0,30090.0
22831317,200403022,17,0,0,,8:22:10,8:22:10,30130.0,30130.0
22831317,200405045,18,0,0,,8:23:50,8:23:50,30230.0,30230.0
22831317,200403020,19,0,0,,8:26:20,8:26:20,30380.0,30380.0
22831317,200405020,20,0,0,,8:29:00,8:29:00,30540.0,30540.0
22831317,200405014,21,0,0,,8:31:40,8:31:40,30700.0,30700.0
22831317,200419036,22,0,0,,8:34:30,8:34:30,30870.0,30870.0
22831317,200419019,23,0,0,,8:35:40,8:35:40,30940.0,30940.0
22831317,200419014,24,0,0,,8:36:10,8:36:10,30970.0,30970.0
22831317,200419020,25,0,0,,8:37:20,8:37:20,31040.0,31040.0
22831317,200419008,26,0,0,,8:38:20,8:38:20,31100.0,31100.0
22831317,200419022,27,0,0,,8:38:40,8:38:40,31120.0,31120.0
22831316,200101019,0,0,0,,8:24:00,8:24:00,30240.0,30240.0
22831316,200101002,1,0,0,,8:25:30,8:25:30,30330.0,30330.0
22831316,200901011,2,0,0,,8:26:40,8:26:40,30400.0,30400.0
22831316,200901016,3,0,0,,8:27:20,8:27:20,30440.0,30440.0
22831316,200901017,4,0,0,,8:28:30,8:28:30,30510.0,30510.0
22831316,200901004,5,0,0,,8:29:40,8:29:40,30580.0,30580.0
22831316,200901020,6,0,0,,8:30:40,8:30:40,30640.0,30640.0
22831316,200901018,7,0,0,,8:31:40,8:31:40,30700.0,30700.0
22831316,200901025,8,0,0,,8:32:40,8:32:40,30760.0,30760.0
22831316,200901022,9,0,0,,8:33:30,8:33:30,30810.0,30810.0
22831316,200901019,10,0,0,,8:34:10,8:34:10,30850.0,30850.0
22831316,200403016,11,0,0,,8:35:20,8:35:20,30920.0,30920.0
22831316,200403019,12,0,0,,8:36:50,8:36:50,31010.0,31010.0
22831316,200403023,13,0,0,,8:38:00,8:38:00,31080.0,31080.0
22831316,200403010,14,0,0,,8:39:40,8:39:40,31180.0,31180.0
22831316,200403001,15,0,0,,8:40:40,8:40:40,31240.0,31240.0
22831316,200403002,16,0,0,,8:41:30,8:41:30,31290.0,31290.0
22831316,200403022,17,0,0,,8:42:10,8:42:10,31330.0,31330.0
22831316,200405045,18,0,0,,8:43:50,8:43:50,31430.0,31430.0
22831316,200403020,19,0,0,,8:46:20,8:46:20,31580.0,31580.0
22831316,200405020,20,0,0,,8:49:00,8:49:00,31740.0,31740.0
22831316,200405014,21,0,0,,8:51:40,8:51:40,31900.0,31900.0
22831316,200419036,22,0,0,,8:54:30,8:54:30,32070.0,32070.0
22831316,200419019,23,0,0,,8:55:40,8:55:40,32140.0,32140.0
22831316,200419014,24,0,0,,8:56:10,8:56:10,32170.0,32170.0
22831316,200419020,25,0,0,,8:57:20,8:57:20,32240.0,32240.0
22831316,200419008,26,0,0,,8:58:20,8:58:20,32300.0,32300.0
22831316,200419022,27,0,0,,8:58:40,8:58:40,32320.0,32320.0
22831315,200101019,0,0,0,,8:44:00,8:44:00,31440.0,31440.0
22831315,200101002,1,0,0,,8:45:30,8:45:30,31530.0,31530.0
22831315,200901011,2,0,0,,8:46:40,8:46:40,31600.0,31600.0
22831315,200901016,3,0,0,,8:47:20,8:47:20,31640.0,31640.0
22831315,200901017,4,0,0,,8:48:30,8:48:30,31710.0,31710.0
22831315,200901004,5,0,0,,8:49:40,8:49:40,31780.0,31780.0
22831315,200901020,6,0,0,,8:50:40,8:50:40,31840.0,31840.0
22831315,200901018,7,0,0,,8:51:40,8:51:40,31900.0,31900.0
22831315,200901025,8,0,0,,8:52:40,8:52:40,31960.0,31960.0
22831315,200901022,9,0,0,,8:53:30,8:53:30,32010.0,32010.0
22831315,200901019,10,0,0,,8:54:10,8:54:10,32050.0,32050.0
22831315,200403016,11,0,0,,8:55:20,8:55:20,32120.0,32120.0
22831315,200403019,12,0,0,,8:56:50,8:56:50,32210.0,32210.0
22831315,200403023,13,0,0,,8:58:00,8:58:00,32280.0,32280.0
22831315,200403010,14,0,0,,8:59:40,8:59:40,32380.0,32380.0
22831186,200901008,22,0,0,,7:00:50,7:00:50,25250.0,25250.0
22831186,200901026,23,0,0,,7:02:00,7:02:00,25320.0,25320.0
22831186,200101022,24,0,0,,7:02:40,7:02:40,25360.0,25360.0
22831186,200101011,25,0,0,,7:03:50,7:03:50,25430.0,25430.0
22831186,200101019,26,0,0,,7:04:40,7:04:40,25480.0,25480.0
22831185,200405020,7,0,0,,7:00:00,7:00:00,25200.0,25200.0
22831185,200405045,8,0,0,,7:04:10,7:04:10,25450.0,25450.0
22831185,200403022,9,0,0,,7:05:30,7:05:30,25530.0,25530.0
22831185,200403002,10,0,0,,7:06:30,7:06:30,25590.0,25590.0
22831185,200403001,11,0,0,,7:07:20,7:07:20,25640.0,25640.0
22831185,200403010,12,0,0,,7:08:20,7:08:20,25700.0,25700.0
22831185,200403023,13,0,0,,7:10:00,7:10:00,25800.0,25800.0
22831185,200403019,14,0,0,,7:11:20,7:11:20,25880.0,25880.0
22831185,200403016,15,0,0,,7:12:30,7:12:30,25950.0,25950.0
22831185,200901019,16,0,0,,7:13:30,7:13:30,26010.0,26010.0
22831185,200901022,17,0,0,,7:14:10,7:14:10,26050.0,26050.0
22831185,200901025,18,0,0,,7:15:00,7:15:00,26100.0,26100.0
22831185,200901018,19,0,0,,7:15:50,7:15:50,26150.0,26150.0
22831185,200901013,20,0,0,,7:17:20,7:17:20,26240.0,26240.0
22831185,200901017,21,0,0,,7:19:20,7:19:20,26360.0,26360.0
22831185,200901008,22,0,0,,7:20:50,7:20:50,26450.0,26450.0
22831185,200901026,23,0,0,,7:22:00,7:22:00,26520.0,26520.0
22831185,200101022,24,0,0,,7:22:40,7:22:40,26560.0,26560.0
22831185,200101011,25,0,0,,7:23:50,7:23:50,26630.0,26630.0
22831185,200101019,26,0,0,,7:24:40,7:24:40,26680.0,26680.0
22831184,200419022,0,0,0,,7:08:40,7:08:40,25720.0,25720.0
22831184,200419008,1,0,0,,7:09:30,7:09:30,25770.0,25770.0
22831184,200419020,2,0,0,,7:10:20,7:10:20,25820.0,25820.0
22831184,200419014,3,0,0,,7:11:30,7:11:30,25890.0,25890.0
22831184,200419019,4,0,0,,7:12:10,7:12:10,25930.0,25930.0
22831184,200419036,5,0,0,,7:13:30,7:13:30,26010.0,26010.0
22831184,200405014,6,0,0,,7:16:30,7:16:30,26190.0,26190.0
22831184,200405020,7,0,0,,7:20:00,7:20:00,26400.0,26400.0
22831184,200405045,8,0,0,,7:24:10,7:24:10,26650.0,26650.0
22831184,200403022,9,0,0,,7:25:30,7:25:30,26730.0,26730.0
22831184,200403002,10,0,0,,7:26:30,7:26:30,26790.0,26790.0
22831184,200403001,11,0,0,,7:27:20,7:27:20,26840.0,26840.0
22831184,200403010,12,0,0,,7:28:20,7:28:20,26900.0,26900.0
22831184,200403023,13,0,0,,7:30:00,7:30:00,27000.0,27000.0
22831184,200403019,14,0,0,,7:31:20,7:31:20,27080.0,27080.0
22831184,200403016,15,0,0,,7:32:30,7:32:30,27150.0,27150.0
22831184,200901019,16,0,0,,7:33:30,7:33:30,27210.0,27210.0
22831184,200901022,17,0,0,,7:34:10,7:34:10,27250.0,27250.0
22831184,200901025,18,0,0,,7:35:00,7:35:00,27300.0,27300.0
22831184,200901018,19,0,0,,7:35:50,7:35:50,27350.0,27350.0
22831184,200901013,20,0,0,,7:37:20,7:37:20,27440.0,27440.0
22831184,200901017,21,0,0,,7:39:20,7:39:20,27560.0,27560.0
22831184,200901008,22,0,0,,7:40:50,7:40:50,27650.0,27650.0
22831184,200901026,23,0,0,,7:42:00,7:42:00,27720.0,27720.0
22831184,200101022,24,0,0,,7:42:40,7:42:40,27760.0,27760.0
22831184,200101011,25,0,0,,7:43:50,7:43:50,27830.0,27830.0
22831184,200101019,26,0,0,,7:44:40,7:44:40,27880.0,27880.0
22831183,200419022,0,0,0,,7:28:40,7:28:40,26920.0,26920.0
22831183,200419008,1,0,0,,7:29:30,7:29:30,26970.0,26970.0
22831183,200419020,2,0,0,,7:30:20,7:30:20,27020.0,27020.0
22831183,200419014,3,0,0,,7:31:30,7:31:30,27090.0,27090.0
22831183,200419019,4,0,0,,7:32:10,7:32:10,27130.0,27130.0
22831183,200419036,5,0,0,,7:33:30,7:33:30,27210.0,27210.0
22831183,200405014,6,0,0,,7:36:30,7:36:30,27390.0,27390.0
22831183,200405020,7,0,0,,7:40:00,7:40:00,27600.0,27600.0
22831183,200405045,8,0,0,,7:44:10,7:44:10,27850.0,27850.0
22831183,200403022,9,0,0,,7:45:30,7:45:30,27930.0,27930.0
22831183,200403002,10,0,0,,7:46:30,7:46:30,27990.0,27990.0
22831183,200403001,11,0,0,,7:47:20,7:47:20,28040.0,28040.0
22831183,200403010,12,0,0,,7:48:20,7:48:20,28100.0,28100.0
22831183,200403023,13,0,0,,7:50:00,7:50:00,28200.0,28200.0
22831183,200403019,14,0,0,,7:51:20,7:51:20,28280.0,28280.0
22831183,200403016,15,0,0,,7:52:30,7:52:30,28350.0,28350.0
22831183,200901019,16,0,0,,7:53:30,7:53:30,28410.0,28410.0
22831183,200901022,17,0,0,,7:54:10,7:54:10,28450.0,28450.0
22831183,200901025,18,0,0,,7:55:00,7:55:00,28500.0,28500.0
22831183,200901018,19,0,0,,7:55:50,7:55:50,28550.0,28550.0
22831183,200901013,20,0,0,,7:57:20,7:57:20,28640.0,28640.0
22831183,200901017,21,0,0,,7:59:20,7:59:20,28760.0,28760.0
22831183,200901008,22,0,0,,8:00:50,8:00:50,28850.0,28850.0
22831183,200901026,23,0,0,,8:02:00,8:02:00,28920.0,28920.0
22831183,200101022,24,0,0,,8:02:40,8:02:40,28960.0,28960.0
22831183,200101011,25,0,0,,8:03:50,8:03:50,29030.0,29030.0
22831183,200101019,26,0,0,,8:04:40,8:04:40,29080.0,29080.0
22831182,200419022,0,0,0,,7:48:40,7:48:40,28120.0,28120.0
22831182,200419008,1,0,0,,7:49:30,7:49:30,28170.0,28170.0
22831182,200419020,2,0,0,,7:50:20,7:50:20,28220.0,28220.0
22831182,200419014,3,0,0,,7:51:30,7:51:30,28290.0,28290.0
22831182,200419019,4,0,0,,7:52:10,7:52:10,28330.0,28330.0
22831182,200419036,5,0,0,,7:53:30,7:53:30,28410.0,28410.0
22831182,200405014,6,0,0,,7:56:30,7:56:30,28590.0,28590.0
22831182,200405020,7,0,0,,8:00:00,8:00:00,28800.0,28800.0
22831182,200405045,8,0,0,,8:04:10,8:04:10,29050.0,29050.0
22831182,200403022,9,0,0,,8:05:30,8:05:30,29130.0,29130.0
22831182,200403002,10,0,0,,8:06:30,8:06:30,29190.0,29190.0
22831182,200403001,11,0,0,,8:07:20,8:07:20,29240.0,29240.0
22831182,200403010,12,0,0,,8:08:20,8:08:20,29300.0,29300.0
22831182,200403023,13,0,0,,8:10:00,8:10:00,29400.0,29400.0
22831182,200403019,14,0,0,,8:11:20,8:11:20,29480.0,29480.0
22831182,200403016,15,0,0,,8:12:30,8:12:30,29550.0,29550.0
22831182,200901019,16,0,0,,8:13:30,8:13:30,29610.0,29610.0
22831182,200901022,17,0,0,,8:14:10,8:14:10,29650.0,29650.0
22831182,200901025,18,0,0,,8:15:00,8:15:00,29700.0,29700.0
22831182,200901018,19,0,0,,8:15:50,8:15:50,29750.0,29750.0
22831182,200901013,20,0,0,,8:17:20,8:17:20,29840.0,29840.0
22831182,200901017,21,0,0,,8:19:20,8:19:20,29960.0,29960.0
22831182,200901008,22,0,0,,8:20:50,8:20:50,30050.0,30050.0
22831182,200901026,23,0,0,,8:22:00,8:22:00,30120.0,30120.0
22831182,200101022,24,0,0,,8:22:40,8:22:40,30160.0,30160.0
22831182,200101011,25,0,0,,8:23:50,8:23:50,30230.0,30230.0
22831182,200101019,26,0,0,,8:24:40,8:24:40,30280.0,30280.0
22831181,200419022,0,0,0,,8:08:40,8:08:40,29320.0,29320.0
22831181,200419008,1,0,0,,8:09:30,8:09:30,29370.0,29370.0
22831181,200419020,2,0,0,,8:10:20,8:10:20,29420.0,29420.0
22831181,200419014,3,0,0,,8:11:30,8:11:30,29490.0,29490.0
22831181,200419019,4,0,0,,8:12:10,8:12:10,29530.0,29530.0
22831181,200419036,5,0,0,,8:13:30,8:13:30,29610.0,29610.0
22831181,200405014,6,0,0,,8:16:30,8:16:30,29790.0,29790.0
22831181,200405020,7,0,0,,8:20:00,8:20:00,30000.0,30000.0
22831181,200405045,8,0,0,,8:24:10,8:24:10,30250.0,30250.0
22831181,200403022,9,0,0,,8:25:30,8:25:30,30330.0,30330.0
22831181,200403002,10,0,0,,8:26:30,8:26:30,30390.0,30390.0
22831181,200403001,11,0,0,,8:27:20,8:27:20,30440.0,30440.0
22831181,200403010,12,0,0,,8:28:20,8:28:20,30500.0,30500.0
22831181,200403023,13,0,0,,8:30:00,8:30:00,30600.0,30600.0
22831181,200403019,14,0,0,,8:31:20,8:31:20,30680.0,30680.0
22831181,200403016,15,0,0,,8:32:30,8:32:30,30750.0,30750.0
22831181,200901019,16,0,0,,8:33:30,8:33:30,30810.0,30810.0
22831181,200901022,17,0,0,,8:34:10,8:34:10,30850.0,30850.0
22831181,200901025,18,0,0,,8:35:00,8:35:00,30900.0,30900.0
22831181,200901018,19,0,0,,8:35:50,8:35:50,30950.0,30950.0
22831181,200901013,20,0,0,,8:37:20,8:37:20,31040.0,31040.0
22831181,200901017,21,0,0,,8:39:20,8:39:20,31160.0,31160.0
22831181,200901008,22,0,0,,8:40:50,8:40:50,31250.0,31250.0
22831181,200901026,23,0,0,,8:42:00,8:42:00,31320.0,31320.0
22831181,200101022,24,0,0,,8:42:40,8:42:40,31360.0,31360.0
22831181,200101011,25,0,0,,8:43:50,8:43:50,31430.0,31430.0
22831181,200101019,26,0,0,,8:44:40,8:44:40,31480.0,31480.0
22831180,200419022,0,0,0,,8:28:40,8:28:40,30520.0,30520.0
22831180,200419008,1,0,0,,8:29:30,8:29:30,30570.0,30570.0
22831180,200419020,2,0,0,,8:30:20,8:30:20,30620.0,30620.0
22831180,200419014,3,0,0,,8:31:30,8:31:30,30690.0,30690.0
22831180,200419019,4,0,0,,8:32:10,8:32:10,30730.0,30730.0
22831180,200419036,5,0,0,,8:33:30,8:33:30,30810.0,30810.0
22831180,200405014,6,0,0,,8:36:30,8:36:30,30990.0,30990.0
22831180,200405020,7,0,0,,8:40:00,8:40:00,31200.0,31200.0
22831180,200405045,8,0,0,,8:44:10,8:44:10,31450.0,31450.0
22831180,200403022,9,0,0,,8:45:30,8:45:30,31530.0,31530.0
22831180,200403002,10,0,0,,8:46:30,8:46:30,31590.0,31590.0
22831180,200403001,11,0,0,,8:47:20,8:47:20,31640.0,31640.0
22831180,200403010,12,0,0,,8:48:20,8:48:20,31700.0,31700.0
22831180,200403023,13,0,0,,8:50:00,8:50:00,31800.0,31800.0
22831180,200403019,14,0,0,,8:51:20,8:51:20,31880.0,31880.0
22831180,200403016,15,0,0,,8:52:30,8:52:30,31950.0,31950.0
22831180,200901019,16,0,0,,8:53:30,8:53:30,32010.0,32010.0
22831180,200901022,17,0,0,,8:54:10,8:54:10,32050.0,32050.0
22831180,200901025,18,0,0,,8:55:00,8:55:00,32100.0,32100.0
22831180,200901018,19,0,0,,8:55:50,8:55:50,32150.0,32150.0
22831180,200901013,20,0,0,,8:57:20,8:57:20,32240.0,32240.0
22831180,200901017,21,0,0,,8:59:20,8:59:20,32360.0,32360.0
22831179,200419022,0,0,0,,8:48:40,8:48:40,31720.0,31720.0
22831179,200419008,1,0,0,,8:49:30,8:49:30,31770.0,31770.0
22831179,200419020,2,0,0,,8:50:20,8:50:20,31820.0,31820.0
22831179,200419014,3,0,0,,8:51:30,8:51:30,31890.0,31890.0
22831179,200419019,4,0,0,,8:52:10,8:52:10,31930.0,31930.0
22831179,200419036,5,0,0,,8:53:30,8:53:30,32010.0,32010.0
22831179,200405014,6,0,0,,8:56:30,8:56:30,32190.0,32190.0
22831179,200405020,7,0,0,,9:00:00,9:00:00,32400.0,32400.0
22828066,200405039,23,0,0,,7:00:40,7:00:40,25240.0,25240.0
22828066,200405036,24,0,0,,7:04:00,7:04:00,25440.0,25440.0
22828066,200404026,25,0,0,,7:09:30,7:09:30,25770.0,25770.0
22828066,200404035,26,0,0,,7:10:50,7:10:50,25850.0,25850.0
22828066,200404038,27,0,0,,7:11:40,7:11:40,25900.0,25900.0
22828066,200404019,28,0,0,,7:12:20,7:12:20,25940.0,25940.0
22828066,200404006,29,0,0,,7:13:10,7:13:10,25990.0,25990.0
22828066,200404004,30,0,0,,7:13:40,7:13:40,26020.0,26020.0
22826929,200417050,26,0,0,,7:01:00,7:01:00,25260.0,25260.0
22826929,200508016,27,0,0,,7:06:20,7:06:20,25580.0,25580.0
22826929,200508015,28,0,0,,7:08:10,7:08:10,25690.0,25690.0
22826929,200501001,29,0,0,,7:10:30,7:10:30,25830.0,25830.0
22826928,200405020,15,0,0,,7:02:30,7:02:30,25350.0,25350.0
22826928,200405014,16,0,0,,7:05:10,7:05:10,25510.0,25510.0
22826928,200417047,17,0,0,,7:07:30,7:07:30,25650.0,25650.0
22826928,200417007,18,0,0,,7:10:00,7:10:00,25800.0,25800.0
22826928,200417016,19,0,0,,7:11:50,7:11:50,25910.0,25910.0
22826928,200417005,20,0,0,,7:13:10,7:13:10,25990.0,25990.0
22826928,200417019,21,0,0,,7:15:00,7:15:00,26100.0,26100.0
22826928,200417039,22,0,0,,7:16:30,7:16:30,26190.0,26190.0
22826928,200417060,23,0,0,,7:17:30,7:17:30,26250.0,26250.0
22826928,200417022,24,0,0,,7:18:30,7:18:30,26310.0,26310.0
22826928,200417025,25,0,0,,7:19:00,7:19:00,26340.0,26340.0
22826928,200417050,26,0,0,,7:21:00,7:21:00,26460.0,26460.0
22826928,200508016,27,0,0,,7:26:20,7:26:20,26780.0,26780.0
22826928,200508015,28,0,0,,7:28:10,7:28:10,26890.0,26890.0
22826928,200501001,29,0,0,,7:30:30,7:30:30,27030.0,27030.0
22826927,200102002,2,0,0,,7:02:50,7:02:50,25370.0,25370.0
22826927,200102001,3,0,0,,7:03:50,7:03:50,25430.0,25430.0
22826927,200102004,4,0,0,,7:05:20,7:05:20,25520.0,25520.0
22826927,200420010,5,0,0,,7:06:40,7:06:40,25600.0,25600.0
22826927,200420013,6,0,0,,7:07:20,7:07:20,25640.0,25640.0
22826927,200420014,7,0,0,,7:08:20,7:08:20,25700.0,25700.0
22826927,200420008,8,0,0,,7:09:40,7:09:40,25780.0,25780.0
22826927,200420011,9,0,0,,7:10:40,7:10:40,25840.0,25840.0
22826927,200403013,10,0,0,,7:12:00,7:12:00,25920.0,25920.0
22826927,200420012,11,0,0,,7:13:10,7:13:10,25990.0,25990.0
22826927,200403007,12,0,0,,7:14:10,7:14:10,26050.0,26050.0
22826927,200403006,13,0,0,,7:15:10,7:15:10,26110.0,26110.0
22826927,200403020,14,0,0,,7:17:20,7:17:20,26240.0,26240.0
22826927,200405020,15,0,0,,7:20:00,7:20:00,26400.0,26400.0
22826927,200405014,16,0,0,,7:22:40,7:22:40,26560.0,26560.0
22826927,200417047,17,0,0,,7:25:00,7:25:00,26700.0,26700.0
22826927,200417007,18,0,0,,7:27:30,7:27:30,26850.0,26850.0
22826927,200417016,19,0,0,,7:29:20,7:29:20,26960.0,26960.0
22826927,200417005,20,0,0,,7:30:40,7:30:40,27040.0,27040.0
22826927,200417019,21,0,0,,7:32:30,7:32:30,27150.0,27150.0
22826927,200417039,22,0,0,,7:34:00,7:34:00,27240.0,27240.0
22826927,200417060,23,0,0,,7:35:00,7:35:00,27300.0,27300.0
22826927,200417022,24,0,0,,7:36:00,7:36:00,27360.0,27360.0
22826927,200417025,25,0,0,,7:36:30,7:36:30,27390.0,27390.0
22826927,200417050,26,0,0,,7:38:30,7:38:30,27510.0,27510.0
22826927,200508016,27,0,0,,7:43:50,7:43:50,27830.0,27830.0
22826927,200508015,28,0,0,,7:45:40,7:45:40,27940.0,27940.0
22826927,200501001,29,0,0,,7:48:00,7:48:00,28080.0,28080.0
22826926,200101008,0,0,0,,7:12:20,7:12:20,25940.0,25940.0
22826926,200101004,1,0,0,,7:14:10,7:14:10,26050.0,26050.0
22826926,200102002,2,0,0,,7:17:50,7:17:50,26270.0,26270.0
22826926,200102001,3,0,0,,7:18:50,7:18:50,26330.0,26330.0
22826926,200102004,4,0,0,,7:20:20,7:20:20,26420.0,26420.0
22826926,200420010,5,0,0,,7:21:40,7:21:40,26500.0,26500.0
22826926,200420013,6,0,0,,7:22:20,7:22:20,26540.0,26540.0
22826926,200420014,7,0,0,,7:23:20,7:23:20,26600.0,26600.0
22826926,200420008,8,0,0,,7:24:40,7:24:40,26680.0,26680.0
22826926,200420011,9,0,0,,7:25:40,7:25:40,26740.0,26740.0
22826926,200403013,10,0,0,,7:27:00,7:27:00,26820.0,26820.0
22826926,200420012,11,0,0,,7:28:10,7:28:10,26890.0,26890.0
22826926,200403007,12,0,0,,7:29:10,7:29:10,26950.0,26950.0
22826926,200403006,13,0,0,,7:30:10,7:30:10,27010.0,27010.0
22826926,200403020,14,0,0,,7:32:20,7:32:20,27140.0,27140.0
22826926,200405020,15,0,0,,7:35:00,7:35:00,27300.0,27300.0
22826926,200405014,16,0,0,,7:37:40,7:37:40,27460.0,27460.0
22826926,200417047,17,0,0,,7:40:00,7:40:00,27600.0,27600.0
22826926,200417007,18,0,0,,7:42:30,7:42:30,27750.0,27750.0
22826926,200417016,19,0,0,,7:44:20,7:44:20,27860.0,27860.0
22826926,200417005,20,0,0,,7:45:40,7:45:40,27940.0,27940.0
22826926,200417019,21,0,0,,7:47:30,7:47:30,28050.0,28050.0
22826926,200417039,22,0,0,,7:49:00,7:49:00,28140.0,28140.0
22826926,200417060,23,0,0,,7:50:00,7:50:00,28200.0,28200.0
22826926,200417022,24,0,0,,7:51:00,7:51:00,28260.0,28260.0
22826926,200417025,25,0,0,,7:51:30,7:51:30,28290.0,28290.0
22826926,200417050,26,0,0,,7:53:30,7:53:30,28410.0,28410.0
22826926,200508016,27,0,0,,7:58:50,7:58:50,28730.0,28730.0
22826926,200508015,28,0,0,,8:00:40,8:00:40,28840.0,28840.0
22826926,200501001,29,0,0,,8:03:00,8:03:00,28980.0,28980.0
22826925,200101008,0,0,0,,7:27:20,7:27:20,26840.0,26840.0
22826925,200101004,1,0,0,,7:29:10,7:29:10,26950.0,26950.0
22826925,200102002,2,0,0,,7:32:50,7:32:50,27170.0,27170.0
22826925,200102001,3,0,0,,7:33:50,7:33:50,27230.0,27230.0
22826925,200102004,4,0,0,,7:35:20,7:35:20,27320.0,27320.0
22826925,200420010,5,0,0,,7:36:40,7:36:40,27400.0,27400.0
22826925,200420013,6,0,0,,7:37:20,7:37:20,27440.0,27440.0
22826925,200420014,7,0,0,,7:38:20,7:38:20,27500.0,27500.0
22826925,200420008,8,0,0,,7:39:40,7:39:40,27580.0,27580.0
22826925,200420011,9,0,0,,7:40:40,7:40:40,27640.0,27640.0
22826925,200403013,10,0,0,,7:42:00,7:42:00,27720.0,27720.0
22826925,200420012,11,0,0,,7:43:10,7:43:10,27790.0,27790.0
22826925,200403007,12,0,0,,7:44:10,7:44:10,27850.0,27850.0
22826925,200403006,13,0,0,,7:45:10,7:45:10,27910.0,27910.0
22826925,200403020,14,0,0,,7:47:20,7:47:20,28040.0,28040.0
22826925,200405020,15,0,0,,7:50:00,7:50:00,28200.0,28200.0
22826925,200405014,16,0,0,,7:52:40,7:52:40,28360.0,28360.0
22826925,200417047,17,0,0,,7:55:00,7:55:00,28500.0,28500.0
22826925,200417007,18,0,0,,7:57:30,7:57:30,28650.0,28650.0
22826925,200417016,19,0,0,,7:59:20,7:59:20,28760.0,28760.0
22826925,200417005,20,0,0,,8:00:40,8:00:40,28840.0,28840.0
22826925,200417019,21,0,0,,8:02:30,8:02:30,28950.0,28950.0
22826925,200417039,22,0,0,,8:04:00,8:04:00,29040.0,29040.0
22826925,200417060,23,0,0,,8:05:00,8:05:00,29100.0,29100.0
22826925,200417022,24,0,0,,8:06:00,8:06:00,29160.0,29160.0
22826925,200417025,25,0,0,,8:06:30,8:06:30,29190.0,29190.0
22826925,200417050,26,0,0,,8:08:30,8:08:30,29310.0,29310.0
22826925,200508016,27,0,0,,8:13:50,8:13:50,29630.0,29630.0
22826925,200508015,28,0,0,,8:15:40,8:15:40,29740.0,29740.0
22826925,200501001,29,0,0,,8:18:00,8:18:00,29880.0,29880.0
22826924,200101008,0,0,0,,7:37:20,7:37:20,27440.0,27440.0
22826924,200101004,1,0,0,,7:39:10,7:39:10,27550.0,27550.0
22826924,200102002,2,0,0,,7:42:50,7:42:50,27770.0,27770.0
22826924,200102001,3,0,0,,7:43:50,7:43:50,27830.0,27830.0
22826924,200102004,4,0,0,,7:45:20,7:45:20,27920.0,27920.0
22826924,200420010,5,0,0,,7:46:40,7:46:40,28000.0,28000.0
22826924,200420013,6,0,0,,7:47:20,7:47:20,28040.0,28040.0
22826924,200420014,7,0,0,,7:48:20,7:48:20,28100.0,28100.0
22826924,200420008,8,0,0,,7:49:40,7:49:40,28180.0,28180.0
22826924,200420011,9,0,0,,7:50:40,7:50:40,28240.0,28240.0
22826924,200403013,10,0,0,,7:52:00,7:52:00,28320.0,28320.0
22826924,200420012,11,0,0,,7:53:10,7:53:10,28390.0,28390.0
22826924,200403007,12,0,0,,7:54:10,7:54:10,28450.0,28450.0
22826924,200403006,13,0,0,,7:55:10,7:55:10,28510.0,28510.0
22826924,200403020,14,0,0,,7:57:20,7:57:20,28640.0,28640.0
22826924,200405020,15,0,0,,8:00:00,8:00:00,28800.0,28800.0
22826924,200405014,16,0,0,,8:02:40,8:02:40,28960.0,28960.0
22826924,200417047,17,0,0,,8:05:00,8:05:00,29100.0,29100.0
22826924,200417007,18,0,0,,8:07:30,8:07:30,29250.0,29250.0
22826924,200417016,19,0,0,,8:09:20,8:09:20,29360.0,29360.0
22826924,200417005,20,0,0,,8:10:40,8:10:40,29440.0,29440.0
22826924,200417019,21,0,0,,8:12:30,8:12:30,29550.0,29550.0
22826924,200417039,22,0,0,,8:14:00,8:14:00,29640.0,29640.0
22826924,200417060,23,0,0,,8:15:00,8:15:00,29700.0,29700.0
22826924,200417022,24,0,0,,8:16:00,8:16:00,29760.0,29760.0
22826924,200417025,25,0,0,,8:16:30,8:16:30,29790.0,29790.0
22826924,200417050,26,0,0,,8:18:30,8:18:30,29910.0,29910.0
22826924,200508016,27,0,0,,8:23:50,8:23:50,30230.0,30230.0
22826924,200508015,28,0,0,,8:25:40,8:25:40,30340.0,30340.0
22826924,200501001,29,0,0,,8:28:00,8:28:00,30480.0,30480.0
22826923,200101008,0,0,0,,7:47:20,7:47:20,28040.0,28040.0
22826923,200101004,1,0,0,,7:49:10,7:49:10,28150.0,28150.0
22826923,200102002,2,0,0,,7:52:50,7:52:50,28370.0,28370.0
22826923,200102001,3,0,0,,7:53:50,7:53:50,28430.0,28430.0
22826923,200102004,4,0,0,,7:55:20,7:55:20,28520.0,28520.0
22826923,200420010,5,0,0,,7:56:40,7:56:40,28600.0,28600.0
22826923,200420013,6,0,0,,7:57:20,7:57:20,28640.0,28640.0
22826923,200420014,7,0,0,,7:58:20,7:58:20,28700.0,28700.0
22826923,200420008,8,0,0,,7:59:40,7:59:40,28780.0,28780.0
22826923,200420011,9,0,0,,8:00:40,8:00:40,28840.0,28840.0
22826923,200403013,10,0,0,,8:02:00,8:02:00,28920.0,28920.0
22826923,200420012,11,0,0,,8:03:10,8:03:10,28990.0,28990.0
22826923,200403007,12,0,0,,8:04:10,8:04:10,29050.0,29050.0
22826923,200403006,13,0,0,,8:05:10,8:05:10,29110.0,29110.0
22826923,200403020,14,0,0,,8:07:20,8:07:20,29240.0,29240.0
22826923,200405020,15,0,0,,8:10:00,8:10:00,29400.0,29400.0
22826923,200405014,16,0,0,,8:12:40,8:12:40,29560.0,29560.0
22826923,200417047,17,0,0,,8:15:00,8:15:00,29700.0,29700.0
22826923,200417007,18,0,0,,8:17:30,8:17:30,29850.0,29850.0
22826923,200417016,19,0,0,,8:19:20,8:19:20,29960.0,29960.0
22826923,200417005,20,0,0,,8:20:40,8:20:40,30040.0,30040.0
22826923,200417019,21,0,0,,8:22:30,8:22:30,30150.0,30150.0
22826923,200417039,22,0,0,,8:24:00,8:24:00,30240.0,30240.0
22826923,200417060,23,0,0,,8:25:00,8:25:00,30300.0,30300.0
22826923,200417022,24,0,0,,8:26:00,8:26:00,30360.0,30360.0
22826923,200417025,25,0,0,,8:26:30,8:26:30,30390.0,30390.0
22826923,200417050,26,0,0,,8:28:30,8:28:30,30510.0,30510.0
22826923,200508016,27,0,0,,8:33:50,8:33:50,30830.0,30830.0
22826923,200508015,28,0,0,,8:35:40,8:35:40,30940.0,30940.0
22826923,200501001,29,0,0,,8:38:00,8:38:00,31080.0,31080.0
22826922,200101008,0,0,0,,7:57:20,7:57:20,28640.0,28640.0
22826922,200101004,1,0,0,,7:59:10,7:59:10,28750.0,28750.0
22826922,200102002,2,0,0,,8:02:50,8:02:50,28970.0,28970.0
22826922,200102001,3,0,0,,8:03:50,8:03:50,29030.0,29030.0
22826922,200102004,4,0,0,,8:05:20,8:05:20,29120.0,29120.0
22826922,200420010,5,0,0,,8:06:40,8:06:40,29200.0,29200.0
22826922,200420013,6,0,0,,8:07:20,8:07:20,29240.0,29240.0
22826922,200420014,7,0,0,,8:08:20,8:08:20,29300.0,29300.0
22826922,200420008,8,0,0,,8:09:40,8:09:40,29380.0,29380.0
22826922,200420011,9,0,0,,8:10:40,8:10:40,29440.0,29440.0
22826922,200403013,10,0,0,,8:12:00,8:12:00,29520.0,29520.0
22826922,200420012,11,0,0,,8:13:10,8:13:10,29590.0,29590.0
22826922,200403007,12,0,0,,8:14:10,8:14:10,29650.0,29650.0
22826922,200403006,13,0,0,,8:15:10,8:15:10,29710.0,29710.0
22826922,200403020,14,0,0,,8:17:20,8:17:20,29840.0,29840.0
22826922,200405020,15,0,0,,8:20:00,8:20:00,30000.0,30000.0
22826922,200405014,16,0,0,,8:22:40,8:22:40,30160.0,30160.0
22826922,200417047,17,0,0,,8:25:00,8:25:00,30300.0,30300.0
22826922,200417007,18,0,0,,8:27:30,8:27:30,30450.0,30450.0
22826922,200417016,19,0,0,,8:29:20,8:29:20,30560.0,30560.0
22826922,200417005,20,0,0,,8:30:40,8:30:40,30640.0,30640.0
22826922,200417019,21,0,0,,8:32:30,8:32:30,30750.0,30750.0
22826922,200417039,22,0,0,,8:34:00,8:34:00,30840.0,30840.0
22826922,200417060,23,0,0,,8:35:00,8:35:00,30900.0,30900.0
22826922,200417022,24,0,0,,8:36:00,8:36:00,30960.0,30960.0
22826922,200417025,25,0,0,,8:36:30,8:36:30,30990.0,30990.0
22826922,200417050,26,0,0,,8:38:30,8:38:30,31110.0,31110.0
22826922,200508016,27,0,0,,8:43:50,8:43:50,31430.0,31430.0
22826922,200508015,28,0,0,,8:45:40,8:45:40,31540.0,31540.0
22826922,200501001,29,0,0,,8:48:00,8:48:00,31680.0,31680.0
22826921,200101008,0,0,0,,8:12:20,8:12:20,29540.0,29540.0
22826921,200101004,1,0,0,,8:14:10,8:14:10,29650.0,29650.0
22826921,200102002,2,0,0,,8:17:50,8:17:50,29870.0,29870.0
22826921,200102001,3,0,0,,8:18:50,8:18:50,29930.0,29930.0
22826921,200102004,4,0,0,,8:20:20,8:20:20,30020.0,30020.0
22826921,200420010,5,0,0,,8:21:40,8:21:40,30100.0,30100.0
22826921,200420013,6,0,0,,8:22:20,8:22:20,30140.0,30140.0
22826921,200420014,7,0,0,,8:23:20,8:23:20,30200.0,30200.0
22826921,200420008,8,0,0,,8:24:40,8:24:40,30280.0,30280.0
22826921,200420011,9,0,0,,8:25:40,8:25:40,30340.0,30340.0
22826921,200403013,10,0,0,,8:27:00,8:27:00,30420.0,30420.0
22826921,200420012,11,0,0,,8:28:10,8:28:10,30490.0,30490.0
22826921,200403007,12,0,0,,8:29:10,8:29:10,30550.0,30550.0
22826921,200403006,13,0,0,,8:30:10,8:30:10,30610.0,30610.0
22826921,200403020,14,0,0,,8:32:20,8:32:20,30740.0,30740.0
22826921,200405020,15,0,0,,8:35:00,8:35:00,30900.0,30900.0
22826921,200405014,16,0,0,,8:37:40,8:37:40,31060.0,31060.0
22826921,200417047,17,0,0,,8:40:00,8:40:00,31200.0,31200.0
22826921,200417007,18,0,0,,8:42:30,8:42:30,31350.0,31350.0
22826921,200417016,19,0,0,,8:44:20,8:44:20,31460.0,31460.0
22826921,200417005,20,0,0,,8:45:40,8:45:40,31540.0,31540.0
22826921,200417019,21,0,0,,8:47:30,8:47:30,31650.0,31650.0
22826921,200417039,22,0,0,,8:49:00,8:49:00,31740.0,31740.0
22826921,200417060,23,0,0,,8:50:00,8:50:00,31800.0,31800.0
22826921,200417022,24,0,0,,8:51:00,8:51:00,31860.0,31860.0
22826921,200417025,25,0,0,,8:51:30,8:51:30,31890.0,31890.0
22826921,200417050,26,0,0,,8:53:30,8:53:30,32010.0,32010.0
22826921,200508016,27,0,0,,8:58:50,8:58:50,32330.0,32330.0
22826920,200101008,0,0,0,,8:27:20,8:27:20,30440.0,30440.0
22826920,200101004,1,0,0,,8:29:10,8:29:10,30550.0,30550.0
22826920,200102002,2,0,0,,8:32:50,8:32:50,30770.0,30770.0
22826920,200102001,3,0,0,,8:33:50,8:33:50,30830.0,30830.0
22826920,200102004,4,0,0,,8:35:20,8:35:20,30920.0,30920.0
22826920,200420010,5,0,0,,8:36:40,8:36:40,31000.0,31000.0
22826920,200420013,6,0,0,,8:37:20,8:37:20,31040.0,31040.0
22826920,200420014,7,0,0,,8:38:20,8:38:20,31100.0,31100.0
22826920,200420008,8,0,0,,8:39:40,8:39:40,31180.0,31180.0
22826920,200420011,9,0,0,,8:40:40,8:40:40,31240.0,31240.0
22826920,200403013,10,0,0,,8:42:00,8:42:00,31320.0,31320.0
22826920,200420012,11,0,0,,8:43:10,8:43:10,31390.0,31390.0
22826920,200403007,12,0,0,,8:44:10,8:44:10,31450.0,31450.0
22826920,200403006,13,0,0,,8:45:10,8:45:10,31510.0,31510.0
22826920,200403020,14,0,0,,8:47:20,8:47:20,31640.0,31640.0
22826920,200405020,15,0,0,,8:50:00,8:50:00,31800.0,31800.0
22826920,200405014,16,0,0,,8:52:40,8:52:40,31960.0,31960.0
22826920,200417047,17,0,0,,8:55:00,8:55:00,32100.0,32100.0
22826920,200417007,18,0,0,,8:57:30,8:57:30,32250.0,32250.0
22826920,200417016,19,0,0,,8:59:20,8:59:20,32360.0,32360.0
22826919,200101008,0,0,0,,8:42:20,8:42:20,31340.0,31340.0
22826919,200101004,1,0,0,,8:44:10,8:44:10,31450.0,31450.0
22826919,200102002,2,0,0,,8:47:50,8:47:50,31670.0,31670.0
22826919,200102001,3,0,0,,8:48:50,8:48:50,31730.0,31730.0
22826919,200102004,4,0,0,,8:50:20,8:50:20,31820.0,31820.0
22826919,200420010,5,0,0,,8:51:40,8:51:40,31900.0,31900.0
22826919,200420013,6,0,0,,8:52:20,8:52:20,31940.0,31940.0
22826919,200420014,7,0,0,,8:53:20,8:53:20,32000.0,32000.0
22826919,200420008,8,0,0,,8:54:40,8:54:40,32080.0,32080.0
22826919,200420011,9,0,0,,8:55:40,8:55:40,32140.0,32140.0
22826919,200403013,10,0,0,,8:57:00,8:57:00,32220.0,32220.0
22826919,200420012,11,0,0,,8:58:10,8:58:10,32290.0,32290.0
22826919,200403007,12,0,0,,8:59:10,8:59:10,32350.0,32350.0
22826918,200101008,0,0,0,,8:59:50,8:59:50,32390.0,32390.0
22824058,200405025,17,0,0,,7:00:30,7:00:30,25230.0,25230.0
22824058,200403020,18,0,0,,7:01:40,7:01:40,25300.0,25300.0
22824058,200403006,19,0,0,,7:04:00,7:04:00,25440.0,25440.0
22824058,200403007,20,0,0,,7:04:50,7:04:50,25490.0,25490.0
22824058,200420012,21,0,0,,7:05:30,7:05:30,25530.0,25530.0
22824058,200403013,22,0,0,,7:06:20,7:06:20,25580.0,25580.0
22824058,200420011,23,0,0,,7:07:30,7:07:30,25650.0,25650.0
22824058,200420008,24,0,0,,7:08:30,7:08:30,25710.0,25710.0
22824058,200420014,25,0,0,,7:09:30,7:09:30,25770.0,25770.0
22824058,200420013,26,0,0,,7:10:10,7:10:10,25810.0,25810.0
22824058,200420010,27,0,0,,7:11:00,7:11:00,25860.0,25860.0
22824058,200101006,28,0,0,,7:12:30,7:12:30,25950.0,25950.0
22824058,200101014,29,0,0,,7:13:30,7:13:30,26010.0,26010.0
22824058,200101012,30,0,0,,7:14:30,7:14:30,26070.0,26070.0
22824058,200101010,31,0,0,,7:15:40,7:15:40,26140.0,26140.0
22824058,200101008,32,0,0,,7:17:20,7:17:20,26240.0,26240.0
22824057,200404032,8,0,0,,7:00:00,7:00:00,25200.0,25200.0
22824057,200404027,9,0,0,,7:01:40,7:01:40,25300.0,25300.0
22824057,200404037,10,0,0,,7:02:50,7:02:50,25370.0,25370.0
22824057,200404026,11,0,0,,7:04:30,7:04:30,25470.0,25470.0
22824057,200404013,12,0,0,,7:06:00,7:06:00,25560.0,25560.0
22824057,200404036,13,0,0,,7:07:00,7:07:00,25620.0,25620.0
22824057,200404017,14,0,0,,7:08:00,7:08:00,25680.0,25680.0
22824057,200405039,15,0,0,,7:09:10,7:09:10,25750.0,25750.0
22824057,200405013,16,0,0,,7:12:10,7:12:10,25930.0,25930.0
22824057,200405025,17,0,0,,7:15:30,7:15:30,26130.0,26130.0
22824057,200403020,18,0,0,,7:16:40,7:16:40,26200.0,26200.0
22824057,200403006,19,0,0,,7:19:00,7:19:00,26340.0,26340.0
22824057,200403007,20,0,0,,7:19:50,7:19:50,26390.0,26390.0
22824057,200420012,21,0,0,,7:20:30,7:20:30,26430.0,26430.0
22824057,200403013,22,0,0,,7:21:20,7:21:20,26480.0,26480.0
22824057,200420011,23,0,0,,7:22:30,7:22:30,26550.0,26550.0
22824057,200420008,24,0,0,,7:23:30,7:23:30,26610.0,26610.0
22824057,200420014,25,0,0,,7:24:30,7:24:30,26670.0,26670.0
22824057,200420013,26,0,0,,7:25:10,7:25:10,26710.0,26710.0
22824057,200420010,27,0,0,,7:26:00,7:26:00,26760.0,26760.0
22824057,200101006,28,0,0,,7:27:30,7:27:30,26850.0,26850.0
22824057,200101014,29,0,0,,7:28:30,7:28:30,26910.0,26910.0
22824057,200101012,30,0,0,,7:29:30,7:29:30,26970.0,26970.0
22824057,200101010,31,0,0,,7:30:40,7:30:40,27040.0,27040.0
22824057,200101008,32,0,0,,7:32:20,7:32:20,27140.0,27140.0
22824056,200412031,1,0,0,,7:01:30,7:01:30,25290.0,25290.0
22824056,200412018,2,0,0,,7:02:20,7:02:20,25340.0,25340.0
22824056,200412004,3,0,0,,7:03:30,7:03:30,25410.0,25410.0
22824056,200412023,4,0,0,,7:05:00,7:05:00,25500.0,25500.0
22824056,200412021,5,0,0,,7:08:00,7:08:00,25680.0,25680.0
22824056,200304012,6,0,0,,7:09:00,7:09:00,25740.0,25740.0
22824056,200304016,7,0,0,,7:10:20,7:10:20,25820.0,25820.0
22824056,200404032,8,0,0,,7:15:00,7:15:00,26100.0,26100.0
22824056,200404027,9,0,0,,7:16:40,7:16:40,26200.0,26200.0
22824056,200404037,10,0,0,,7:17:50,7:17:50,26270.0,26270.0
22824056,200404026,11,0,0,,7:19:30,7:19:30,26370.0,26370.0
22824056,200404013,12,0,0,,7:21:00,7:21:00,26460.0,26460.0
22824056,200404036,13,0,0,,7:22:00,7:22:00,26520.0,26520.0
22824056,200404017,14,0,0,,7:23:00,7:23:00,26580.0,26580.0
22824056,200405039,15,0,0,,7:24:10,7:24:10,26650.0,26650.0
22824056,200405013,16,0,0,,7:27:10,7:27:10,26830.0,26830.0
22824056,200405025,17,0,0,,7:30:30,7:30:30,27030.0,27030.0
22824056,200403020,18,0,0,,7:31:40,7:31:40,27100.0,27100.0
22824056,200403006,19,0,0,,7:34:00,7:34:00,27240.0,27240.0
22824056,200403007,20,0,0,,7:34:50,7:34:50,27290.0,27290.0
22824056,200420012,21,0,0,,7:35:30,7:35:30,27330.0,27330.0
22824056,200403013,22,0,0,,7:36:20,7:36:20,27380.0,27380.0
22824056,200420011,23,0,0,,7:37:30,7:37:30,27450.0,27450.0
22824056,200420008,24,0,0,,7:38:30,7:38:30,27510.0,27510.0
22824056,200420014,25,0,0,,7:39:30,7:39:30,27570.0,27570.0
22824056,200420013,26,0,0,,7:40:10,7:40:10,27610.0,27610.0
22824056,200420010,27,0,0,,7:41:00,7:41:00,27660.0,27660.0
22824056,200101006,28,0,0,,7:42:30,7:42:30,27750.0,27750.0
22824056,200101014,29,0,0,,7:43:30,7:43:30,27810.0,27810.0
22824056,200101012,30,0,0,,7:44:30,7:44:30,27870.0,27870.0
22824056,200101010,31,0,0,,7:45:40,7:45:40,27940.0,27940.0
22824056,200101008,32,0,0,,7:47:20,7:47:20,28040.0,28040.0
22824055,200412031,0,0,0,,7:14:30,7:14:30,26070.0,26070.0
22824055,200412031,1,0,0,,7:16:30,7:16:30,26190.0,26190.0
22824055,200412018,2,0,0,,7:17:20,7:17:20,26240.0,26240.0
22824055,200412004,3,0,0,,7:18:30,7:18:30,26310.0,26310.0
22824055,200412023,4,0,0,,7:20:00,7:20:00,26400.0,26400.0
22824055,200412021,5,0,0,,7:23:00,7:23:00,26580.0,26580.0
22824055,200304012,6,0,0,,7:24:00,7:24:00,26640.0,26640.0
22824055,200304016,7,0,0,,7:25:20,7:25:20,26720.0,26720.0
22824055,200404032,8,0,0,,7:30:00,7:30:00,27000.0,27000.0
22824055,200404027,9,0,0,,7:31:40,7:31:40,27100.0,27100.0
22824055,200404037,10,0,0,,7:32:50,7:32:50,27170.0,27170.0
22824055,200404026,11,0,0,,7:34:30,7:34:30,27270.0,27270.0
22824055,200404013,12,0,0,,7:36:00,7:36:00,27360.0,27360.0
22824055,200404036,13,0,0,,7:37:00,7:37:00,27420.0,27420.0
22824055,200404017,14,0,0,,7:38:00,7:38:00,27480.0,27480.0
22824055,200405039,15,0,0,,7:39:10,7:39:10,27550.0,27550.0
22824055,200405013,16,0,0,,7:42:10,7:42:10,27730.0,27730.0
22824055,200405025,17,0,0,,7:45:30,7:45:30,27930.0,27930.0
22824055,200403020,18,0,0,,7:46:40,7:46:40,28000.0,28000.0
22824055,200403006,19,0,0,,7:49:00,7:49:00,28140.0,28140.0
22824055,200403007,20,0,0,,7:49:50,7:49:50,28190.0,28190.0
22824055,200420012,21,0,0,,7:50:30,7:50:30,28230.0,28230.0
22824055,200403013,22,0,0,,7:51:20,7:51:20,28280.0,28280.0
22824055,200420011,23,0,0,,7:52:30,7:52:30,28350.0,28350.0
22824055,200420008,24,0,0,,7:53:30,7:53:30,28410.0,28410.0
22824055,200420014,25,0,0,,7:54:30,7:54:30,28470.0,28470.0
22824055,200420013,26,0,0,,7:55:10,7:55:10,28510.0,28510.0
22824055,200420010,27,0,0,,7:56:00,7:56:00,28560.0,28560.0
22824055,200101006,28,0,0,,7:57:30,7:57:30,28650.0,28650.0
22824055,200101014,29,0,0,,7:58:30,7:58:30,28710.0,28710.0
22824055,200101012,30,0,0,,7:59:30,7:59:30,28770.0,28770.0
22824055,200101010,31,0,0,,8:00:40,8:00:40,28840.0,28840.0
22824055,200101008,32,0,0,,8:02:20,8:02:20,28940.0,28940.0
22824054,200412031,0,0,0,,7:29:30,7:29:30,26970.0,26970.0
22824054,200412031,1,0,0,,7:31:30,7:31:30,27090.0,27090.0
22824054,200412018,2,0,0,,7:32:20,7:32:20,27140.0,27140.0
22824054,200412004,3,0,0,,7:33:30,7:33:30,27210.0,27210.0
22824054,200412023,4,0,0,,7:35:00,7:35:00,27300.0,27300.0
22824054,200412021,5,0,0,,7:38:00,7:38:00,27480.0,27480.0
22824054,200304012,6,0,0,,7:39:00,7:39:00,27540.0,27540.0
22824054,200304016,7,0,0,,7:40:20,7:40:20,27620.0,27620.0
22824054,200404032,8,0,0,,7:45:00,7:45:00,27900.0,27900.0
22824054,200404027,9,0,0,,7:46:40,7:46:40,28000.0,28000.0
22824054,200404037,10,0,0,,7:47:50,7:47:50,28070.0,28070.0
22824054,200404026,11,0,0,,7:49:30,7:49:30,28170.0,28170.0
22824054,200404013,12,0,0,,7:51:00,7:51:00,28260.0,28260.0
22824054,200404036,13,0,0,,7:52:00,7:52:00,28320.0,28320.0
22824054,200404017,14,0,0,,7:53:00,7:53:00,28380.0,28380.0
22824054,200405039,15,0,0,,7:54:10,7:54:10,28450.0,28450.0
22824054,200405013,16,0,0,,7:57:10,7:57:10,28630.0,28630.0
22824054,200405025,17,0,0,,8:00:30,8:00:30,28830.0,28830.0
22824054,200403020,18,0,0,,8:01:40,8:01:40,28900.0,28900.0
22824054,200403006,19,0,0,,8:04:00,8:04:00,29040.0,29040.0
22824054,200403007,20,0,0,,8:04:50,8:04:50,29090.0,29090.0
22824054,200420012,21,0,0,,8:05:30,8:05:30,29130.0,29130.0
22824054,200403013,22,0,0,,8:06:20,8:06:20,29180.0,29180.0
22824054,200420011,23,0,0,,8:07:30,8:07:30,29250.0,29250.0
22824054,200420008,24,0,0,,8:08:30,8:08:30,29310.0,29310.0
22824054,200420014,25,0,0,,8:09:30,8:09:30,29370.0,29370.0
22824054,200420013,26,0,0,,8:10:10,8:10:10,29410.0,29410.0
22824054,200420010,27,0,0,,8:11:00,8:11:00,29460.0,29460.0
22824054,200101006,28,0,0,,8:12:30,8:12:30,29550.0,29550.0
22824054,200101014,29,0,0,,8:13:30,8:13:30,29610.0,29610.0
22824054,200101012,30,0,0,,8:14:30,8:14:30,29670.0,29670.0
22824054,200101010,31,0,0,,8:15:40,8:15:40,29740.0,29740.0
22824054,200101008,32,0,0,,8:17:20,8:17:20,29840.0,29840.0
22824053,200412031,0,0,0,,7:44:30,7:44:30,27870.0,27870.0
22824053,200412031,1,0,0,,7:46:30,7:46:30,27990.0,27990.0
22824053,200412018,2,0,0,,7:47:20,7:47:20,28040.0,28040.0
22824053,200412004,3,0,0,,7:48:30,7:48:30,28110.0,28110.0
22824053,200412023,4,0,0,,7:50:00,7:50:00,28200.0,28200.0
22824053,200412021,5,0,0,,7:53:00,7:53:00,28380.0,28380.0
22824053,200304012,6,0,0,,7:54:00,7:54:00,28440.0,28440.0
22824053,200304016,7,0,0,,7:55:20,7:55:20,28520.0,28520.0
22824053,200404032,8,0,0,,8:00:00,8:00:00,28800.0,28800.0
22824053,200404027,9,0,0,,8:01:40,8:01:40,28900.0,28900.0
22824053,200404037,10,0,0,,8:02:50,8:02:50,28970.0,28970.0
22824053,200404026,11,0,0,,8:04:30,8:04:30,29070.0,29070.0
22824053,200404013,12,0,0,,8:06:00,8:06:00,29160.0,29160.0
22824053,200404036,13,0,0,,8:07:00,8:07:00,29220.0,29220.0
22824053,200404017,14,0,0,,8:08:00,8:08:00,29280.0,29280.0
22824053,200405039,15,0,0,,8:09:10,8:09:10,29350.0,29350.0
22824053,200405013,16,0,0,,8:12:10,8:12:10,29530.0,29530.0
22824053,200405025,17,0,0,,8:15:30,8:15:30,29730.0,29730.0
22824053,200403020,18,0,0,,8:16:40,8:16:40,29800.0,29800.0
22824053,200403006,19,0,0,,8:19:00,8:19:00,29940.0,29940.0
22824053,200403007,20,0,0,,8:19:50,8:19:50,29990.0,29990.0
22824053,200420012,21,0,0,,8:20:30,8:20:30,30030.0,30030.0
22824053,200403013,22,0,0,,8:21:20,8:21:20,30080.0,30080.0
22824053,200420011,23,0,0,,8:22:30,8:22:30,30150.0,30150.0
22824053,200420008,24,0,0,,8:23:30,8:23:30,30210.0,30210.0
22824053,200420014,25,0,0,,8:24:30,8:24:30,30270.0,30270.0
22824053,200420013,26,0,0,,8:25:10,8:25:10,30310.0,30310.0
22824053,200420010,27,0,0,,8:26:00,8:26:00,30360.0,30360.0
22824053,200101006,28,0,0,,8:27:30,8:27:30,30450.0,30450.0
22824053,200101014,29,0,0,,8:28:30,8:28:30,30510.0,30510.0
22824053,200101012,30,0,0,,8:29:30,8:29:30,30570.0,30570.0
22824053,200101010,31,0,0,,8:30:40,8:30:40,30640.0,30640.0
22824053,200101008,32,0,0,,8:32:20,8:32:20,30740.0,30740.0
22824052,200412031,0,0,0,,7:59:30,7:59:30,28770.0,28770.0
22824052,200412031,1,0,0,,8:01:30,8:01:30,28890.0,28890.0
22824052,200412018,2,0,0,,8:02:20,8:02:20,28940.0,28940.0
22824052,200412004,3,0,0,,8:03:30,8:03:30,29010.0,29010.0
22824052,200412023,4,0,0,,8:05:00,8:05:00,29100.0,29100.0
22824052,200412021,5,0,0,,8:08:00,8:08:00,29280.0,29280.0
22824052,200304012,6,0,0,,8:09:00,8:09:00,29340.0,29340.0
22824052,200304016,7,0,0,,8:10:20,8:10:20,29420.0,29420.0
22824052,200404032,8,0,0,,8:15:00,8:15:00,29700.0,29700.0
22824052,200404027,9,0,0,,8:16:40,8:16:40,29800.0,29800.0
22824052,200404037,10,0,0,,8:17:50,8:17:50,29870.0,29870.0
22824052,200404026,11,0,0,,8:19:30,8:19:30,29970.0,29970.0
22824052,200404013,12,0,0,,8:21:00,8:21:00,30060.0,30060.0
22824052,200404036,13,0,0,,8:22:00,8:22:00,30120.0,30120.0
22824052,200404017,14,0,0,,8:23:00,8:23:00,30180.0,30180.0
22824052,200405039,15,0,0,,8:24:10,8:24:10,30250.0,30250.0
22824052,200405013,16,0,0,,8:27:10,8:27:10,30430.0,30430.0
22824052,200405025,17,0,0,,8:30:30,8:30:30,30630.0,30630.0
22824052,200403020,18,0,0,,8:31:40,8:31:40,30700.0,30700.0
22824052,200403006,19,0,0,,8:34:00,8:34:00,30840.0,30840.0
22824052,200403007,20,0,0,,8:34:50,8:34:50,30890.0,30890.0
22824052,200420012,21,0,0,,8:35:30,8:35:30,30930.0,30930.0
22824052,200403013,22,0,0,,8:36:20,8:36:20,30980.0,30980.0
22824052,200420011,23,0,0,,8:37:30,8:37:30,31050.0,31050.0
22824052,200420008,24,0,0,,8:38:30,8:38:30,31110.0,31110.0
22824052,200420014,25,0,0,,8:39:30,8:39:30,31170.0,31170.0
22824052,200420013,26,0,0,,8:40:10,8:40:10,31210.0,31210.0
22824052,200420010,27,0,0,,8:41:00,8:41:00,31260.0,31260.0
22824052,200101006,28,0,0,,8:42:30,8:42:30,31350.0,31350.0
22824052,200101014,29,0,0,,8:43:30,8:43:30,31410.0,31410.0
22824052,200101012,30,0,0,,8:44:30,8:44:30,31470.0,31470.0
22824052,200101010,31,0,0,,8:45:40,8:45:40,31540.0,31540.0
22824052,200101008,32,0,0,,8:47:20,8:47:20,31640.0,31640.0
22824051,200412031,0,0,0,,8:14:30,8:14:30,29670.0,29670.0
22824051,200412031,1,0,0,,8:16:30,8:16:30,29790.0,29790.0
22824051,200412018,2,0,0,,8:17:20,8:17:20,29840.0,29840.0
22824051,200412004,3,0,0,,8:18:30,8:18:30,29910.0,29910.0
22824051,200412023,4,0,0,,8:20:00,8:20:00,30000.0,30000.0
22824051,200412021,5,0,0,,8:23:00,8:23:00,30180.0,30180.0
22824051,200304012,6,0,0,,8:24:00,8:24:00,30240.0,30240.0
22824051,200304016,7,0,0,,8:25:20,8:25:20,30320.0,30320.0
22824051,200404032,8,0,0,,8:30:00,8:30:00,30600.0,30600.0
22824051,200404027,9,0,0,,8:31:40,8:31:40,30700.0,30700.0
22824051,200404037,10,0,0,,8:32:50,8:32:50,30770.0,30770.0
22824051,200404026,11,0,0,,8:34:30,8:34:30,30870.0,30870.0
22824051,200404013,12,0,0,,8:36:00,8:36:00,30960.0,30960.0
22824051,200404036,13,0,0,,8:37:00,8:37:00,31020.0,31020.0
22824051,200404017,14,0,0,,8:38:00,8:38:00,31080.0,31080.0
22824051,200405039,15,0,0,,8:39:10,8:39:10,31150.0,31150.0
22824051,200405013,16,0,0,,8:42:10,8:42:10,31330.0,31330.0
22824051,200405025,17,0,0,,8:45:30,8:45:30,31530.0,31530.0
22824051,200403020,18,0,0,,8:46:40,8:46:40,31600.0,31600.0
22824051,200403006,19,0,0,,8:49:00,8:49:00,31740.0,31740.0
22824051,200403007,20,0,0,,8:49:50,8:49:50,31790.0,31790.0
22824051,200420012,21,0,0,,8:50:30,8:50:30,31830.0,31830.0
22824051,200403013,22,0,0,,8:51:20,8:51:20,31880.0,31880.0
22824051,200420011,23,0,0,,8:52:30,8:52:30,31950.0,31950.0
22824051,200420008,24,0,0,,8:53:30,8:53:30,32010.0,32010.0
22824051,200420014,25,0,0,,8:54:30,8:54:30,32070.0,32070.0
22824051,200420013,26,0,0,,8:55:10,8:55:10,32110.0,32110.0
22824051,200420010,27,0,0,,8:56:00,8:56:00,32160.0,32160.0
22824051,200101006,28,0,0,,8:57:30,8:57:30,32250.0,32250.0
22824051,200101014,29,0,0,,8:58:30,8:58:30,32310.0,32310.0
22824051,200101012,30,0,0,,8:59:30,8:59:30,32370.0,32370.0
22824050,200412031,0,0,0,,8:29:30,8:29:30,30570.0,30570.0
22824050,200412031,1,0,0,,8:31:30,8:31:30,30690.0,30690.0
22824050,200412018,2,0,0,,8:32:20,8:32:20,30740.0,30740.0
22824050,200412004,3,0,0,,8:33:30,8:33:30,30810.0,30810.0
22824050,200412023,4,0,0,,8:35:00,8:35:00,30900.0,30900.0
22824050,200412021,5,0,0,,8:38:00,8:38:00,31080.0,31080.0
22824050,200304012,6,0,0,,8:39:00,8:39:00,31140.0,31140.0
22824050,200304016,7,0,0,,8:40:20,8:40:20,31220.0,31220.0
22824050,200404032,8,0,0,,8:45:00,8:45:00,31500.0,31500.0
22824050,200404027,9,0,0,,8:46:40,8:46:40,31600.0,31600.0
22824050,200404037,10,0,0,,8:47:50,8:47:50,31670.0,31670.0
22824050,200404026,11,0,0,,8:49:30,8:49:30,31770.0,31770.0
22824050,200404013,12,0,0,,8:51:00,8:51:00,31860.0,31860.0
22824050,200404036,13,0,0,,8:52:00,8:52:00,31920.0,31920.0
22824050,200404017,14,0,0,,8:53:00,8:53:00,31980.0,31980.0
22824050,200405039,15,0,0,,8:54:10,8:54:10,32050.0,32050.0
22824050,200405013,16,0,0,,8:57:10,8:57:10,32230.0,32230.0
22824049,200412031,0,0,0,,8:47:10,8:47:10,31630.0,31630.0
22824049,200412031,1,0,0,,8:49:10,8:49:10,31750.0,31750.0
22824049,200412018,2,0,0,,8:50:00,8:50:00,31800.0,31800.0
22824049,200412004,3,0,0,,8:51:10,8:51:10,31870.0,31870.0
22824049,200412023,4,0,0,,8:52:40,8:52:40,31960.0,31960.0
22824049,200412021,5,0,0,,8:55:40,8:55:40,32140.0,32140.0
22824049,200304012,6,0,0,,8:56:40,8:56:40,32200.0,32200.0
22824049,200304016,7,0,0,,8:58:00,8:58:00,32280.0,32280.0
22823925,200412031,32,0,0,,7:00:40,7:00:40,25240.0,25240.0
22823925,200412031,33,0,0,,7:02:20,7:02:20,25340.0,25340.0
22823924,200404036,19,0,0,,7:00:30,7:00:30,25230.0,25230.0
22823924,200404013,20,0,0,,7:01:40,7:01:40,25300.0,25300.0
22823924,200404026,21,0,0,,7:03:30,7:03:30,25410.0,25410.0
22823924,200404037,22,0,0,,7:04:50,7:04:50,25490.0,25490.0
22823924,200404027,23,0,0,,7:06:10,7:06:10,25570.0,25570.0
22823924,200404032,24,0,0,,7:07:50,7:07:50,25670.0,25670.0
22823924,200304016,25,0,0,,7:12:00,7:12:00,25920.0,25920.0
22823924,200304012,26,0,0,,7:13:30,7:13:30,26010.0,26010.0
22823924,200412021,27,0,0,,7:14:40,7:14:40,26080.0,26080.0
22823924,200412024,28,0,0,,7:16:50,7:16:50,26210.0,26210.0
22823924,200412023,29,0,0,,7:17:30,7:17:30,26250.0,26250.0
22823924,200412004,30,0,0,,7:18:20,7:18:20,26300.0,26300.0
22823924,200412018,31,0,0,,7:19:50,7:19:50,26390.0,26390.0
22823924,200412031,32,0,0,,7:20:40,7:20:40,26440.0,26440.0
22823924,200412031,33,0,0,,7:22:20,7:22:20,26540.0,26540.0
22823923,200420014,7,0,0,,7:00:50,7:00:50,25250.0,25250.0
22823923,200420008,8,0,0,,7:02:10,7:02:10,25330.0,25330.0
22823923,200420011,9,0,0,,7:03:10,7:03:10,25390.0,25390.0
22823923,200403013,10,0,0,,7:04:30,7:04:30,25470.0,25470.0
22823923,200420012,11,0,0,,7:05:40,7:05:40,25540.0,25540.0
22823923,200403007,12,0,0,,7:06:40,7:06:40,25600.0,25600.0
22823923,200403006,13,0,0,,7:07:40,7:07:40,25660.0,25660.0
22823923,200403020,14,0,0,,7:09:50,7:09:50,25790.0,25790.0
22823923,200405025,15,0,0,,7:11:20,7:11:20,25880.0,25880.0
22823923,200405013,16,0,0,,7:14:30,7:14:30,26070.0,26070.0
22823923,200405039,17,0,0,,7:17:50,7:17:50,26270.0,26270.0
22823923,200404017,18,0,0,,7:19:20,7:19:20,26360.0,26360.0
22823923,200404036,19,0,0,,7:20:30,7:20:30,26430.0,26430.0
22823923,200404013,20,0,0,,7:21:40,7:21:40,26500.0,26500.0
22823923,200404026,21,0,0,,7:23:30,7:23:30,26610.0,26610.0
22823923,200404037,22,0,0,,7:24:50,7:24:50,26690.0,26690.0
22823923,200404027,23,0,0,,7:26:10,7:26:10,26770.0,26770.0
22823923,200404032,24,0,0,,7:27:50,7:27:50,26870.0,26870.0
22823923,200304016,25,0,0,,7:32:00,7:32:00,27120.0,27120.0
22823923,200304012,26,0,0,,7:33:30,7:33:30,27210.0,27210.0
22823923,200412021,27,0,0,,7:34:40,7:34:40,27280.0,27280.0
22823923,200412024,28,0,0,,7:36:50,7:36:50,27410.0,27410.0
22823923,200412023,29,0,0,,7:37:30,7:37:30,27450.0,27450.0
22823923,200412004,30,0,0,,7:38:20,7:38:20,27500.0,27500.0
22823923,200412018,31,0,0,,7:39:50,7:39:50,27590.0,27590.0
22823923,200412031,32,0,0,,7:40:40,7:40:40,27640.0,27640.0
22823923,200412031,33,0,0,,7:42:20,7:42:20,27740.0,27740.0
22823922,200101008,0,0,0,,7:06:20,7:06:20,25580.0,25580.0
22823922,200101010,1,0,0,,7:08:10,7:08:10,25690.0,25690.0
22823922,200101012,2,0,0,,7:09:30,7:09:30,25770.0,25770.0
22823922,200101014,3,0,0,,7:10:30,7:10:30,25830.0,25830.0
22823922,200101006,4,0,0,,7:11:40,7:11:40,25900.0,25900.0
22823922,200420010,5,0,0,,7:14:10,7:14:10,26050.0,26050.0
22823922,200420013,6,0,0,,7:14:50,7:14:50,26090.0,26090.0
22823922,200420014,7,0,0,,7:15:50,7:15:50,26150.0,26150.0
22823922,200420008,8,0,0,,7:17:10,7:17:10,26230.0,26230.0
22823922,200420011,9,0,0,,7:18:10,7:18:10,26290.0,26290.0
22823922,200403013,10,0,0,,7:19:30,7:19:30,26370.0,26370.0
22823922,200420012,11,0,0,,7:20:40,7:20:40,26440.0,26440.0
22823922,200403007,12,0,0,,7:21:40,7:21:40,26500.0,26500.0
22823922,200403006,13,0,0,,7:22:40,7:22:40,26560.0,26560.0
22823922,200403020,14,0,0,,7:24:50,7:24:50,26690.0,26690.0
22823922,200405025,15,0,0,,7:26:20,7:26:20,26780.0,26780.0
22823922,200405013,16,0,0,,7:29:30,7:29:30,26970.0,26970.0
22823922,200405039,17,0,0,,7:32:50,7:32:50,27170.0,27170.0
22823922,200404017,18,0,0,,7:34:20,7:34:20,27260.0,27260.0
22823922,200404036,19,0,0,,7:35:30,7:35:30,27330.0,27330.0
22823922,200404013,20,0,0,,7:36:40,7:36:40,27400.0,27400.0
22823922,200404026,21,0,0,,7:38:30,7:38:30,27510.0,27510.0
22823922,200404037,22,0,0,,7:39:50,7:39:50,27590.0,27590.0
22823922,200404027,23,0,0,,7:41:10,7:41:10,27670.0,27670.0
22823922,200404032,24,0,0,,7:42:50,7:42:50,27770.0,27770.0
22823922,200304016,25,0,0,,7:47:00,7:47:00,28020.0,28020.0
22823922,200304012,26,0,0,,7:48:30,7:48:30,28110.0,28110.0
22823922,200412021,27,0,0,,7:49:40,7:49:40,28180.0,28180.0
22823922,200412024,28,0,0,,7:51:50,7:51:50,28310.0,28310.0
22823922,200412023,29,0,0,,7:52:30,7:52:30,28350.0,28350.0
22823922,200412004,30,0,0,,7:53:20,7:53:20,28400.0,28400.0
22823922,200412018,31,0,0,,7:54:50,7:54:50,28490.0,28490.0
22823922,200412031,32,0,0,,7:55:40,7:55:40,28540.0,28540.0
22823922,200412031,33,0,0,,7:57:20,7:57:20,28640.0,28640.0
22823921,200101008,0,0,0,,7:21:20,7:21:20,26480.0,26480.0
22823921,200101010,1,0,0,,7:23:10,7:23:10,26590.0,26590.0
22823921,200101012,2,0,0,,7:24:30,7:24:30,26670.0,26670.0
22823921,200101014,3,0,0,,7:25:30,7:25:30,26730.0,26730.0
22823921,200101006,4,0,0,,7:26:40,7:26:40,26800.0,26800.0
22823921,200420010,5,0,0,,7:29:10,7:29:10,26950.0,26950.0
22823921,200420013,6,0,0,,7:29:50,7:29:50,26990.0,26990.0
22823921,200420014,7,0,0,,7:30:50,7:30:50,27050.0,27050.0
22823921,200420008,8,0,0,,7:32:10,7:32:10,27130.0,27130.0
22823921,200420011,9,0,0,,7:33:10,7:33:10,27190.0,27190.0
22823921,200403013,10,0,0,,7:34:30,7:34:30,27270.0,27270.0
22823921,200420012,11,0,0,,7:35:40,7:35:40,27340.0,27340.0
22823921,200403007,12,0,0,,7:36:40,7:36:40,27400.0,27400.0
22823921,200403006,13,0,0,,7:37:40,7:37:40,27460.0,27460.0
22823921,200403020,14,0,0,,7:39:50,7:39:50,27590.0,27590.0
22823921,200405025,15,0,0,,7:41:20,7:41:20,27680.0,27680.0
22823921,200405013,16,0,0,,7:44:30,7:44:30,27870.0,27870.0
22823921,200405039,17,0,0,,7:47:50,7:47:50,28070.0,28070.0
22823921,200404017,18,0,0,,7:49:20,7:49:20,28160.0,28160.0
22823921,200404036,19,0,0,,7:50:30,7:50:30,28230.0,28230.0
22823921,200404013,20,0,0,,7:51:40,7:51:40,28300.0,28300.0
22823921,200404026,21,0,0,,7:53:30,7:53:30,28410.0,28410.0
22823921,200404037,22,0,0,,7:54:50,7:54:50,28490.0,28490.0
22823921,200404027,23,0,0,,7:56:10,7:56:10,28570.0,28570.0
22823921,200404032,24,0,0,,7:57:50,7:57:50,28670.0,28670.0
22823921,200304016,25,0,0,,8:02:00,8:02:00,28920.0,28920.0
22823921,200304012,26,0,0,,8:03:30,8:03:30,29010.0,29010.0
22823921,200412021,27,0,0,,8:04:40,8:04:40,29080.0,29080.0
22823921,200412024,28,0,0,,8:06:50,8:06:50,29210.0,29210.0
22823921,200412023,29,0,0,,8:07:30,8:07:30,29250.0,29250.0
22823921,200412004,30,0,0,,8:08:20,8:08:20,29300.0,29300.0
22823921,200412018,31,0,0,,8:09:50,8:09:50,29390.0,29390.0
22823921,200412031,32,0,0,,8:10:40,8:10:40,29440.0,29440.0
22823921,200412031,33,0,0,,8:12:20,8:12:20,29540.0,29540.0
22823920,200101008,0,0,0,,7:36:20,7:36:20,27380.0,27380.0
22823920,200101010,1,0,0,,7:38:10,7:38:10,27490.0,27490.0
22823920,200101012,2,0,0,,7:39:30,7:39:30,27570.0,27570.0
22823920,200101014,3,0,0,,7:40:30,7:40:30,27630.0,27630.0
22823920,200101006,4,0,0,,7:41:40,7:41:40,27700.0,27700.0
22823920,200420010,5,0,0,,7:44:10,7:44:10,27850.0,27850.0
22823920,200420013,6,0,0,,7:44:50,7:44:50,27890.0,27890.0
22823920,200420014,7,0,0,,7:45:50,7:45:50,27950.0,27950.0
22823920,200420008,8,0,0,,7:47:10,7:47:10,28030.0,28030.0
22823920,200420011,9,0,0,,7:48:10,7:48:10,28090.0,28090.0
22823920,200403013,10,0,0,,7:49:30,7:49:30,28170.0,28170.0
22823920,200420012,11,0,0,,7:50:40,7:50:40,28240.0,28240.0
22823920,200403007,12,0,0,,7:51:40,7:51:40,28300.0,28300.0
22823920,200403006,13,0,0,,7:52:40,7:52:40,28360.0,28360.0
22823920,200403020,14,0,0,,7:54:50,7:54:50,28490.0,28490.0
22823920,200405025,15,0,0,,7:56:20,7:56:20,28580.0,28580.0
22823920,200405013,16,0,0,,7:59:30,7:59:30,28770.0,28770.0
22823920,200405039,17,0,0,,8:02:50,8:02:50,28970.0,28970.0
22823920,200404017,18,0,0,,8:04:20,8:04:20,29060.0,29060.0
22823920,200404036,19,0,0,,8:05:30,8:05:30,29130.0,29130.0
22823920,200404013,20,0,0,,8:06:40,8:06:40,29200.0,29200.0
22823920,200404026,21,0,0,,8:08:30,8:08:30,29310.0,29310.0
22823920,200404037,22,0,0,,8:09:50,8:09:50,29390.0,29390.0
22823920,200404027,23,0,0,,8:11:10,8:11:10,29470.0,29470.0
22823920,200404032,24,0,0,,8:12:50,8:12:50,29570.0,29570.0
22823920,200304016,25,0,0,,8:17:00,8:17:00,29820.0,29820.0
22823920,200304012,26,0,0,,8:18:30,8:18:30,29910.0,29910.0
22823920,200412021,27,0,0,,8:19:40,8:19:40,29980.0,29980.0
22823920,200412024,28,0,0,,8:21:50,8:21:50,30110.0,30110.0
22823920,200412023,29,0,0,,8:22:30,8:22:30,30150.0,30150.0
22823920,200412004,30,0,0,,8:23:20,8:23:20,30200.0,30200.0
22823920,200412018,31,0,0,,8:24:50,8:24:50,30290.0,30290.0
22823920,200412031,32,0,0,,8:25:40,8:25:40,30340.0,30340.0
22823920,200412031,33,0,0,,8:27:20,8:27:20,30440.0,30440.0
22823919,200101008,0,0,0,,7:51:20,7:51:20,28280.0,28280.0
22823919,200101010,1,0,0,,7:53:10,7:53:10,28390.0,28390.0
22823919,200101012,2,0,0,,7:54:30,7:54:30,28470.0,28470.0
22823919,200101014,3,0,0,,7:55:30,7:55:30,28530.0,28530.0
22823919,200101006,4,0,0,,7:56:40,7:56:40,28600.0,28600.0
22823919,200420010,5,0,0,,7:59:10,7:59:10,28750.0,28750.0
22823919,200420013,6,0,0,,7:59:50,7:59:50,28790.0,28790.0
22823919,200420014,7,0,0,,8:00:50,8:00:50,28850.0,28850.0
22823919,200420008,8,0,0,,8:02:10,8:02:10,28930.0,28930.0
22823919,200420011,9,0,0,,8:03:10,8:03:10,28990.0,28990.0
22823919,200403013,10,0,0,,8:04:30,8:04:30,29070.0,29070.0
22823919,200420012,11,0,0,,8:05:40,8:05:40,29140.0,29140.0
22823919,200403007,12,0,0,,8:06:40,8:06:40,29200.0,29200.0
22823919,200403006,13,0,0,,8:07:40,8:07:40,29260.0,29260.0
22823919,200403020,14,0,0,,8:09:50,8:09:50,29390.0,29390.0
22823919,200405025,15,0,0,,8:11:20,8:11:20,29480.0,29480.0
22823919,200405013,16,0,0,,8:14:30,8:14:30,29670.0,29670.0
22823919,200405039,17,0,0,,8:17:50,8:17:50,29870.0,29870.0
22823919,200404017,18,0,0,,8:19:20,8:19:20,29960.0,29960.0
22823919,200404036,19,0,0,,8:20:30,8:20:30,30030.0,30030.0
22823919,200404013,20,0,0,,8:21:40,8:21:40,30100.0,30100.0
22823919,200404026,21,0,0,,8:23:30,8:23:30,30210.0,30210.0
22823919,200404037,22,0,0,,8:24:50,8:24:50,30290.0,30290.0
22823919,200404027,23,0,0,,8:26:10,8:26:10,30370.0,30370.0
22823919,200404032,24,0,0,,8:27:50,8:27:50,30470.0,30470.0
22823919,200304016,25,0,0,,8:32:00,8:32:00,30720.0,30720.0
22823919,200304012,26,0,0,,8:33:30,8:33:30,30810.0,30810.0
22823919,200412021,27,0,0,,8:34:40,8:34:40,30880.0,30880.0
22823919,200412024,28,0,0,,8:36:50,8:36:50,31010.0,31010.0
22823919,200412023,29,0,0,,8:37:30,8:37:30,31050.0,31050.0
22823919,200412004,30,0,0,,8:38:20,8:38:20,31100.0,31100.0
22823919,200412018,31,0,0,,8:39:50,8:39:50,31190.0,31190.0
22823919,200412031,32,0,0,,8:40:40,8:40:40,31240.0,31240.0
22823919,200412031,33,0,0,,8:42:20,8:42:20,31340.0,31340.0
22823918,200101008,0,0,0,,8:06:20,8:06:20,29180.0,29180.0
22823918,200101010,1,0,0,,8:08:10,8:08:10,29290.0,29290.0
22823918,200101012,2,0,0,,8:09:30,8:09:30,29370.0,29370.0
22823918,200101014,3,0,0,,8:10:30,8:10:30,29430.0,29430.0
22823918,200101006,4,0,0,,8:11:40,8:11:40,29500.0,29500.0
22823918,200420010,5,0,0,,8:14:10,8:14:10,29650.0,29650.0
22823918,200420013,6,0,0,,8:14:50,8:14:50,29690.0,29690.0
22823918,200420014,7,0,0,,8:15:50,8:15:50,29750.0,29750.0
22823918,200420008,8,0,0,,8:17:10,8:17:10,29830.0,29830.0
22823918,200420011,9,0,0,,8:18:10,8:18:10,29890.0,29890.0
22823918,200403013,10,0,0,,8:19:30,8:19:30,29970.0,29970.0
22823918,200420012,11,0,0,,8:20:40,8:20:40,30040.0,30040.0
22823918,200403007,12,0,0,,8:21:40,8:21:40,30100.0,30100.0
22823918,200403006,13,0,0,,8:22:40,8:22:40,30160.0,30160.0
22823918,200403020,14,0,0,,8:24:50,8:24:50,30290.0,30290.0
22823918,200405025,15,0,0,,8:26:20,8:26:20,30380.0,30380.0
22823918,200405013,16,0,0,,8:29:30,8:29:30,30570.0,30570.0
22823918,200405039,17,0,0,,8:32:50,8:32:50,30770.0,30770.0
22823918,200404017,18,0,0,,8:34:20,8:34:20,30860.0,30860.0
22823918,200404036,19,0,0,,8:35:30,8:35:30,30930.0,30930.0
22823918,200404013,20,0,0,,8:36:40,8:36:40,31000.0,31000.0
22823918,200404026,21,0,0,,8:38:30,8:38:30,31110.0,31110.0
22823918,200404037,22,0,0,,8:39:50,8:39:50,31190.0,31190.0
22823918,200404027,23,0,0,,8:41:10,8:41:10,31270.0,31270.0
22823918,200404032,24,0,0,,8:42:50,8:42:50,31370.0,31370.0
22823918,200304016,25,0,0,,8:47:00,8:47:00,31620.0,31620.0
22823918,200304012,26,0,0,,8:48:30,8:48:30,31710.0,31710.0
22823918,200412021,27,0,0,,8:49:40,8:49:40,31780.0,31780.0
22823918,200412024,28,0,0,,8:51:50,8:51:50,31910.0,31910.0
22823918,200412023,29,0,0,,8:52:30,8:52:30,31950.0,31950.0
22823918,200412004,30,0,0,,8:53:20,8:53:20,32000.0,32000.0
22823918,200412018,31,0,0,,8:54:50,8:54:50,32090.0,32090.0
22823918,200412031,32,0,0,,8:55:40,8:55:40,32140.0,32140.0
22823918,200412031,33,0,0,,8:57:20,8:57:20,32240.0,32240.0
22823917,200101008,0,0,0,,8:21:20,8:21:20,30080.0,30080.0
22823917,200101010,1,0,0,,8:23:10,8:23:10,30190.0,30190.0
22823917,200101012,2,0,0,,8:24:30,8:24:30,30270.0,30270.0
22823917,200101014,3,0,0,,8:25:30,8:25:30,30330.0,30330.0
22823917,200101006,4,0,0,,8:26:40,8:26:40,30400.0,30400.0
22823917,200420010,5,0,0,,8:29:10,8:29:10,30550.0,30550.0
22823917,200420013,6,0,0,,8:29:50,8:29:50,30590.0,30590.0
22823917,200420014,7,0,0,,8:30:50,8:30:50,30650.0,30650.0
22823917,200420008,8,0,0,,8:32:10,8:32:10,30730.0,30730.0
22823917,200420011,9,0,0,,8:33:10,8:33:10,30790.0,30790.0
22823917,200403013,10,0,0,,8:34:30,8:34:30,30870.0,30870.0
22823917,200420012,11,0,0,,8:35:40,8:35:40,30940.0,30940.0
22823917,200403007,12,0,0,,8:36:40,8:36:40,31000.0,31000.0
22823917,200403006,13,0,0,,8:37:40,8:37:40,31060.0,31060.0
22823917,200403020,14,0,0,,8:39:50,8:39:50,31190.0,31190.0
22823917,200405025,15,0,0,,8:41:20,8:41:20,31280.0,31280.0
22823917,200405013,16,0,0,,8:44:30,8:44:30,31470.0,31470.0
22823917,200405039,17,0,0,,8:47:50,8:47:50,31670.0,31670.0
22823917,200404017,18,0,0,,8:49:20,8:49:20,31760.0,31760.0
22823917,200404036,19,0,0,,8:50:30,8:50:30,31830.0,31830.0
22823917,200404013,20,0,0,,8:51:40,8:51:40,31900.0,31900.0
22823917,200404026,21,0,0,,8:53:30,8:53:30,32010.0,32010.0
22823917,200404037,22,0,0,,8:54:50,8:54:50,32090.0,32090.0
22823917,200404027,23,0,0,,8:56:10,8:56:10,32170.0,32170.0
22823917,200404032,24,0,0,,8:57:50,8:57:50,32270.0,32270.0
22823916,200101008,0,0,0,,8:36:20,8:36:20,30980.0,30980.0
22823916,200101010,1,0,0,,8:38:10,8:38:10,31090.0,31090.0
22823916,200101012,2,0,0,,8:39:30,8:39:30,31170.0,31170.0
22823916,200101014,3,0,0,,8:40:30,8:40:30,31230.0,31230.0
22823916,200101006,4,0,0,,8:41:40,8:41:40,31300.0,31300.0
22823916,200420010,5,0,0,,8:44:10,8:44:10,31450.0,31450.0
22823916,200420013,6,0,0,,8:44:50,8:44:50,31490.0,31490.0
22823916,200420014,7,0,0,,8:45:50,8:45:50,31550.0,31550.0
22823916,200420008,8,0,0,,8:47:10,8:47:10,31630.0,31630.0
22823916,200420011,9,0,0,,8:48:10,8:48:10,31690.0,31690.0
22823916,200403013,10,0,0,,8:49:30,8:49:30,31770.0,31770.0
22823916,200420012,11,0,0,,8:50:40,8:50:40,31840.0,31840.0
22823916,200403007,12,0,0,,8:51:40,8:51:40,31900.0,31900.0
22823916,200403006,13,0,0,,8:52:40,8:52:40,31960.0,31960.0
22823916,200403020,14,0,0,,8:54:50,8:54:50,32090.0,32090.0
22823916,200405025,15,0,0,,8:56:20,8:56:20,32180.0,32180.0
22823916,200405013,16,0,0,,8:59:30,8:59:30,32370.0,32370.0
22823915,200101008,0,0,0,,8:51:20,8:51:20,31880.0,31880.0
22823915,200101010,1,0,0,,8:53:10,8:53:10,31990.0,31990.0
22823915,200101012,2,0,0,,8:54:30,8:54:30,32070.0,32070.0
22823915,200101014,3,0,0,,8:55:30,8:55:30,32130.0,32130.0
22823915,200101006,4,0,0,,8:56:40,8:56:40,32200.0,32200.0
22823915,200420010,5,0,0,,8:59:10,8:59:10,32350.0,32350.0
22823915,200420013,6,0,0,,8:59:50,8:59:50,32390.0,32390.0
22821252,200405036,14,0,0,,7:00:10,7:00:10,25210.0,25210.0
22821252,200405001,15,0,0,,7:02:30,7:02:30,25350.0,25350.0
22821252,200405013,16,0,0,,7:05:00,7:05:00,25500.0,25500.0
22821252,200405020,17,0,0,,7:08:00,7:08:00,25680.0,25680.0
22821252,200405014,18,0,0,,7:10:40,7:10:40,25840.0,25840.0
22821252,200419026,19,0,0,,7:12:50,7:12:50,25970.0,25970.0
22821252,200419037,20,0,0,,7:14:00,7:14:00,26040.0,26040.0
22821252,200419001,21,0,0,,7:14:40,7:14:40,26080.0,26080.0
22821252,200410005,22,0,0,,7:16:10,7:16:10,26170.0,26170.0
22821252,200410003,23,0,0,,7:17:40,7:17:40,26260.0,26260.0
22821252,200426007,24,0,0,,7:18:40,7:18:40,26320.0,26320.0
22821252,200426006,25,0,0,,7:19:40,7:19:40,26380.0,26380.0
22821252,200426011,26,0,0,,7:20:50,7:20:50,26450.0,26450.0
22821252,200426004,27,0,0,,7:22:00,7:22:00,26520.0,26520.0
22821252,200409011,28,0,0,,7:23:20,7:23:20,26600.0,26600.0
22821252,200409009,29,0,0,,7:24:10,7:24:10,26650.0,26650.0
22821252,200409010,30,0,0,,7:24:40,7:24:40,26680.0,26680.0
22821251,220701006,0,0,0,,7:10:40,7:10:40,25840.0,25840.0
22821251,220701015,1,0,0,,7:12:10,7:12:10,25930.0,25930.0
22821251,220701019,2,0,0,,7:13:50,7:13:50,26030.0,26030.0
22821251,220701007,3,0,0,,7:15:10,7:15:10,26110.0,26110.0
22821251,200407010,4,0,0,,7:16:30,7:16:30,26190.0,26190.0
22821251,200407001,5,0,0,,7:17:20,7:17:20,26240.0,26240.0
22821251,200407006,6,0,0,,7:18:30,7:18:30,26310.0,26310.0
22821251,200407008,7,0,0,,7:19:40,7:19:40,26380.0,26380.0
22821251,200407007,8,0,0,,7:20:20,7:20:20,26420.0,26420.0
22821251,200407003,9,0,0,,7:21:40,7:21:40,26500.0,26500.0
22821251,200407004,10,0,0,,7:22:50,7:22:50,26570.0,26570.0
22821251,200415002,11,0,0,,7:24:10,7:24:10,26650.0,26650.0
22821251,200415006,12,0,0,,7:25:10,7:25:10,26710.0,26710.0
22821251,200415003,13,0,0,,7:26:50,7:26:50,26810.0,26810.0
22821251,200405036,14,0,0,,7:30:10,7:30:10,27010.0,27010.0
22821251,200405001,15,0,0,,7:32:30,7:32:30,27150.0,27150.0
22821251,200405013,16,0,0,,7:35:00,7:35:00,27300.0,27300.0
22821251,200405020,17,0,0,,7:38:00,7:38:00,27480.0,27480.0
22821251,200405014,18,0,0,,7:40:40,7:40:40,27640.0,27640.0
22821251,200419026,19,0,0,,7:42:50,7:42:50,27770.0,27770.0
22821251,200419037,20,0,0,,7:44:00,7:44:00,27840.0,27840.0
22821251,200419001,21,0,0,,7:44:40,7:44:40,27880.0,27880.0
22821251,200410005,22,0,0,,7:46:10,7:46:10,27970.0,27970.0
22821251,200410003,23,0,0,,7:47:40,7:47:40,28060.0,28060.0
22821251,200426007,24,0,0,,7:48:40,7:48:40,28120.0,28120.0
22821251,200426006,25,0,0,,7:49:40,7:49:40,28180.0,28180.0
22821251,200426011,26,0,0,,7:50:50,7:50:50,28250.0,28250.0
22821251,200426004,27,0,0,,7:52:00,7:52:00,28320.0,28320.0
22821251,200409011,28,0,0,,7:53:20,7:53:20,28400.0,28400.0
22821251,200409009,29,0,0,,7:54:10,7:54:10,28450.0,28450.0
22821251,200409010,30,0,0,,7:54:40,7:54:40,28480.0,28480.0
22821250,220701006,0,0,0,,7:40:40,7:40:40,27640.0,27640.0
22821250,220701015,1,0,0,,7:42:10,7:42:10,27730.0,27730.0
22821250,220701019,2,0,0,,7:43:50,7:43:50,27830.0,27830.0
22821250,220701007,3,0,0,,7:45:10,7:45:10,27910.0,27910.0
22821250,200407010,4,0,0,,7:46:30,7:46:30,27990.0,27990.0
22821250,200407001,5,0,0,,7:47:20,7:47:20,28040.0,28040.0
22821250,200407006,6,0,0,,7:48:30,7:48:30,28110.0,28110.0
22821250,200407008,7,0,0,,7:49:40,7:49:40,28180.0,28180.0
22821250,200407007,8,0,0,,7:50:20,7:50:20,28220.0,28220.0
22821250,200407003,9,0,0,,7:51:40,7:51:40,28300.0,28300.0
22821250,200407004,10,0,0,,7:52:50,7:52:50,28370.0,28370.0
22821250,200415002,11,0,0,,7:54:10,7:54:10,28450.0,28450.0
22821250,200415006,12,0,0,,7:55:10,7:55:10,28510.0,28510.0
22821250,200415003,13,0,0,,7:56:50,7:56:50,28610.0,28610.0
22821250,200405036,14,0,0,,8:00:10,8:00:10,28810.0,28810.0
22821250,200405001,15,0,0,,8:02:30,8:02:30,28950.0,28950.0
22821250,200405013,16,0,0,,8:05:00,8:05:00,29100.0,29100.0
22821250,200405020,17,0,0,,8:08:00,8:08:00,29280.0,29280.0
22821250,200405014,18,0,0,,8:10:40,8:10:40,29440.0,29440.0
22821250,200419026,19,0,0,,8:12:50,8:12:50,29570.0,29570.0
22821250,200419037,20,0,0,,8:14:00,8:14:00,29640.0,29640.0
22821250,200419001,21,0,0,,8:14:40,8:14:40,29680.0,29680.0
22821250,200410005,22,0,0,,8:16:10,8:16:10,29770.0,29770.0
22821250,200410003,23,0,0,,8:17:40,8:17:40,29860.0,29860.0
22821250,200426007,24,0,0,,8:18:40,8:18:40,29920.0,29920.0
22821250,200426006,25,0,0,,8:19:40,8:19:40,29980.0,29980.0
22821250,200426011,26,0,0,,8:20:50,8:20:50,30050.0,30050.0
22821250,200426004,27,0,0,,8:22:00,8:22:00,30120.0,30120.0
22821250,200409011,28,0,0,,8:23:20,8:23:20,30200.0,30200.0
22821250,200409009,29,0,0,,8:24:10,8:24:10,30250.0,30250.0
22821250,200409010,30,0,0,,8:24:40,8:24:40,30280.0,30280.0
22821249,220701006,0,0,0,,8:10:40,8:10:40,29440.0,29440.0
22821249,220701015,1,0,0,,8:12:10,8:12:10,29530.0,29530.0
22821249,220701019,2,0,0,,8:13:50,8:13:50,29630.0,29630.0
22821249,220701007,3,0,0,,8:15:10,8:15:10,29710.0,29710.0
22821249,200407010,4,0,0,,8:16:30,8:16:30,29790.0,29790.0
22821249,200407001,5,0,0,,8:17:20,8:17:20,29840.0,29840.0
22821249,200407006,6,0,0,,8:18:30,8:18:30,29910.0,29910.0
22821249,200407008,7,0,0,,8:19:40,8:19:40,29980.0,29980.0
22821249,200407007,8,0,0,,8:20:20,8:20:20,30020.0,30020.0
22821249,200407003,9,0,0,,8:21:40,8:21:40,30100.0,30100.0
22821249,200407004,10,0,0,,8:22:50,8:22:50,30170.0,30170.0
22821249,200415002,11,0,0,,8:24:10,8:24:10,30250.0,30250.0
22821249,200415006,12,0,0,,8:25:10,8:25:10,30310.0,30310.0
22821249,200415003,13,0,0,,8:26:50,8:26:50,30410.0,30410.0
22821249,200405036,14,0,0,,8:30:10,8:30:10,30610.0,30610.0
22821249,200405001,15,0,0,,8:32:30,8:32:30,30750.0,30750.0
22821249,200405013,16,0,0,,8:35:00,8:35:00,30900.0,30900.0
22821249,200405020,17,0,0,,8:38:00,8:38:00,31080.0,31080.0
22821249,200405014,18,0,0,,8:40:40,8:40:40,31240.0,31240.0
22821249,200419026,19,0,0,,8:42:50,8:42:50,31370.0,31370.0
22821249,200419037,20,0,0,,8:44:00,8:44:00,31440.0,31440.0
22821249,200419001,21,0,0,,8:44:40,8:44:40,31480.0,31480.0
22821249,200410005,22,0,0,,8:46:10,8:46:10,31570.0,31570.0
22821249,200410003,23,0,0,,8:47:40,8:47:40,31660.0,31660.0
22821249,200426007,24,0,0,,8:48:40,8:48:40,31720.0,31720.0
22821249,200426006,25,0,0,,8:49:40,8:49:40,31780.0,31780.0
22821249,200426011,26,0,0,,8:50:50,8:50:50,31850.0,31850.0
22821249,200426004,27,0,0,,8:52:00,8:52:00,31920.0,31920.0
22821249,200409011,28,0,0,,8:53:20,8:53:20,32000.0,32000.0
22821249,200409009,29,0,0,,8:54:10,8:54:10,32050.0,32050.0
22821249,200409010,30,0,0,,8:54:40,8:54:40,32080.0,32080.0
22821248,220701006,0,0,0,,8:40:40,8:40:40,31240.0,31240.0
22821248,220701015,1,0,0,,8:42:10,8:42:10,31330.0,31330.0
22821248,220701019,2,0,0,,8:43:50,8:43:50,31430.0,31430.0
22821248,220701007,3,0,0,,8:45:10,8:45:10,31510.0,31510.0
22821248,200407010,4,0,0,,8:46:30,8:46:30,31590.0,31590.0
22821248,200407001,5,0,0,,8:47:20,8:47:20,31640.0,31640.0
22821248,200407006,6,0,0,,8:48:30,8:48:30,31710.0,31710.0
22821248,200407008,7,0,0,,8:49:40,8:49:40,31780.0,31780.0
22821248,200407007,8,0,0,,8:50:20,8:50:20,31820.0,31820.0
22821248,200407003,9,0,0,,8:51:40,8:51:40,31900.0,31900.0
22821248,200407004,10,0,0,,8:52:50,8:52:50,31970.0,31970.0
22821248,200415002,11,0,0,,8:54:10,8:54:10,32050.0,32050.0
22821248,200415006,12,0,0,,8:55:10,8:55:10,32110.0,32110.0
22821248,200415003,13,0,0,,8:56:50,8:56:50,32210.0,32210.0
22821139,200405036,16,0,0,,7:02:00,7:02:00,25320.0,25320.0
22821139,200415003,17,0,0,,7:04:40,7:04:40,25480.0,25480.0
22821139,200415002,18,0,0,,7:06:50,7:06:50,25610.0,25610.0
22821139,200407004,19,0,0,,7:08:30,7:08:30,25710.0,25710.0
22821139,200407003,20,0,0,,7:10:10,7:10:10,25810.0,25810.0
22821139,200407007,21,0,0,,7:11:10,7:11:10,25870.0,25870.0
22821139,200407008,22,0,0,,7:12:10,7:12:10,25930.0,25930.0
22821139,200407006,23,0,0,,7:13:20,7:13:20,26000.0,26000.0
22821139,200407001,24,0,0,,7:14:20,7:14:20,26060.0,26060.0
22821139,200407010,25,0,0,,7:15:00,7:15:00,26100.0,26100.0
22821139,220701007,26,0,0,,7:16:10,7:16:10,26170.0,26170.0
22821139,220701019,27,0,0,,7:17:40,7:17:40,26260.0,26260.0
22821139,220701015,28,0,0,,7:18:50,7:18:50,26330.0,26330.0
22821139,220701013,29,0,0,,7:20:40,7:20:40,26440.0,26440.0
22821139,220701004,30,0,0,,7:21:20,7:21:20,26480.0,26480.0
22821139,220701006,31,0,0,,7:22:40,7:22:40,26560.0,26560.0
22821138,200409010,0,0,0,,7:04:00,7:04:00,25440.0,25440.0
22821138,200409009,1,0,0,,7:06:00,7:06:00,25560.0,25560.0
22821138,200409011,2,0,0,,7:07:00,7:07:00,25620.0,25620.0
22821138,200426004,3,0,0,,7:08:40,7:08:40,25720.0,25720.0
22821138,200426011,4,0,0,,7:09:50,7:09:50,25790.0,25790.0
22821138,200426006,5,0,0,,7:11:00,7:11:00,25860.0,25860.0
22821138,200426007,6,0,0,,7:12:00,7:12:00,25920.0,25920.0
22821138,200410003,7,0,0,,7:14:00,7:14:00,26040.0,26040.0
22821138,200410005,8,0,0,,7:15:10,7:15:10,26110.0,26110.0
22821138,200419001,9,0,0,,7:16:30,7:16:30,26190.0,26190.0
22821138,200419037,10,0,0,,7:17:20,7:17:20,26240.0,26240.0
22821138,200419026,11,0,0,,7:19:10,7:19:10,26350.0,26350.0
22821138,200405014,12,0,0,,7:20:30,7:20:30,26430.0,26430.0
22821138,200405020,13,0,0,,7:24:00,7:24:00,26640.0,26640.0
22821138,200405013,14,0,0,,7:27:10,7:27:10,26830.0,26830.0
22821138,200405001,15,0,0,,7:29:50,7:29:50,26990.0,26990.0
22821138,200405036,16,0,0,,7:32:00,7:32:00,27120.0,27120.0
22821138,200415003,17,0,0,,7:34:40,7:34:40,27280.0,27280.0
22821138,200415002,18,0,0,,7:36:50,7:36:50,27410.0,27410.0
22821138,200407004,19,0,0,,7:38:30,7:38:30,27510.0,27510.0
22821138,200407003,20,0,0,,7:40:10,7:40:10,27610.0,27610.0
22821138,200407007,21,0,0,,7:41:10,7:41:10,27670.0,27670.0
22821138,200407008,22,0,0,,7:42:10,7:42:10,27730.0,27730.0
22821138,200407006,23,0,0,,7:43:20,7:43:20,27800.0,27800.0
22821138,200407001,24,0,0,,7:44:20,7:44:20,27860.0,27860.0
22821138,200407010,25,0,0,,7:45:00,7:45:00,27900.0,27900.0
22821138,220701007,26,0,0,,7:46:10,7:46:10,27970.0,27970.0
22821138,220701019,27,0,0,,7:47:40,7:47:40,28060.0,28060.0
22821138,220701015,28,0,0,,7:48:50,7:48:50,28130.0,28130.0
22821138,220701013,29,0,0,,7:50:40,7:50:40,28240.0,28240.0
22821138,220701004,30,0,0,,7:51:20,7:51:20,28280.0,28280.0
22821138,220701006,31,0,0,,7:52:40,7:52:40,28360.0,28360.0
22821137,200409010,0,0,0,,7:34:00,7:34:00,27240.0,27240.0
22821137,200409009,1,0,0,,7:36:00,7:36:00,27360.0,27360.0
22821137,200409011,2,0,0,,7:37:00,7:37:00,27420.0,27420.0
22821137,200426004,3,0,0,,7:38:40,7:38:40,27520.0,27520.0
22821137,200426011,4,0,0,,7:39:50,7:39:50,27590.0,27590.0
22821137,200426006,5,0,0,,7:41:00,7:41:00,27660.0,27660.0
22821137,200426007,6,0,0,,7:42:00,7:42:00,27720.0,27720.0
22821137,200410003,7,0,0,,7:44:00,7:44:00,27840.0,27840.0
22821137,200410005,8,0,0,,7:45:10,7:45:10,27910.0,27910.0
22821137,200419001,9,0,0,,7:46:30,7:46:30,27990.0,27990.0
22821137,200419037,10,0,0,,7:47:20,7:47:20,28040.0,28040.0
22821137,200419026,11,0,0,,7:49:10,7:49:10,28150.0,28150.0
22821137,200405014,12,0,0,,7:50:30,7:50:30,28230.0,28230.0
22821137,200405020,13,0,0,,7:54:00,7:54:00,28440.0,28440.0
22821137,200405013,14,0,0,,7:57:10,7:57:10,28630.0,28630.0
22821137,200405001,15,0,0,,7:59:50,7:59:50,28790.0,28790.0
22821137,200405036,16,0,0,,8:02:00,8:02:00,28920.0,28920.0
22821137,200415003,17,0,0,,8:04:40,8:04:40,29080.0,29080.0
22821137,200415002,18,0,0,,8:06:50,8:06:50,29210.0,29210.0
22821137,200407004,19,0,0,,8:08:30,8:08:30,29310.0,29310.0
22821137,200407003,20,0,0,,8:10:10,8:10:10,29410.0,29410.0
22821137,200407007,21,0,0,,8:11:10,8:11:10,29470.0,29470.0
22821137,200407008,22,0,0,,8:12:10,8:12:10,29530.0,29530.0
22821137,200407006,23,0,0,,8:13:20,8:13:20,29600.0,29600.0
22821137,200407001,24,0,0,,8:14:20,8:14:20,29660.0,29660.0
22821137,200407010,25,0,0,,8:15:00,8:15:00,29700.0,29700.0
22821137,220701007,26,0,0,,8:16:10,8:16:10,29770.0,29770.0
22821137,220701019,27,0,0,,8:17:40,8:17:40,29860.0,29860.0
22821137,220701015,28,0,0,,8:18:50,8:18:50,29930.0,29930.0
22821137,220701013,29,0,0,,8:20:40,8:20:40,30040.0,30040.0
22821137,220701004,30,0,0,,8:21:20,8:21:20,30080.0,30080.0
22821137,220701006,31,0,0,,8:22:40,8:22:40,30160.0,30160.0
22821136,200409010,0,0,0,,8:04:00,8:04:00,29040.0,29040.0
22821136,200409009,1,0,0,,8:06:00,8:06:00,29160.0,29160.0
22821136,200409011,2,0,0,,8:07:00,8:07:00,29220.0,29220.0
22821136,200426004,3,0,0,,8:08:40,8:08:40,29320.0,29320.0
22821136,200426011,4,0,0,,8:09:50,8:09:50,29390.0,29390.0
22821136,200426006,5,0,0,,8:11:00,8:11:00,29460.0,29460.0
22821136,200426007,6,0,0,,8:12:00,8:12:00,29520.0,29520.0
22821136,200410003,7,0,0,,8:14:00,8:14:00,29640.0,29640.0
22821136,200410005,8,0,0,,8:15:10,8:15:10,29710.0,29710.0
22821136,200419001,9,0,0,,8:16:30,8:16:30,29790.0,29790.0
22821136,200419037,10,0,0,,8:17:20,8:17:20,29840.0,29840.0
22821136,200419026,11,0,0,,8:19:10,8:19:10,29950.0,29950.0
22821136,200405014,12,0,0,,8:20:30,8:20:30,30030.0,30030.0
22821136,200405020,13,0,0,,8:24:00,8:24:00,30240.0,30240.0
22821136,200405013,14,0,0,,8:27:10,8:27:10,30430.0,30430.0
22821136,200405001,15,0,0,,8:29:50,8:29:50,30590.0,30590.0
22821136,200405036,16,0,0,,8:32:00,8:32:00,30720.0,30720.0
22821136,200415003,17,0,0,,8:34:40,8:34:40,30880.0,30880.0
22821136,200415002,18,0,0,,8:36:50,8:36:50,31010.0,31010.0
22821136,200407004,19,0,0,,8:38:30,8:38:30,31110.0,31110.0
22821136,200407003,20,0,0,,8:40:10,8:40:10,31210.0,31210.0
22821136,200407007,21,0,0,,8:41:10,8:41:10,31270.0,31270.0
22821136,200407008,22,0,0,,8:42:10,8:42:10,31330.0,31330.0
22821136,200407006,23,0,0,,8:43:20,8:43:20,31400.0,31400.0
22821136,200407001,24,0,0,,8:44:20,8:44:20,31460.0,31460.0
22821136,200407010,25,0,0,,8:45:00,8:45:00,31500.0,31500.0
22821136,220701007,26,0,0,,8:46:10,8:46:10,31570.0,31570.0
22821136,220701019,27,0,0,,8:47:40,8:47:40,31660.0,31660.0
22821136,220701015,28,0,0,,8:48:50,8:48:50,31730.0,31730.0
22821136,220701013,29,0,0,,8:50:40,8:50:40,31840.0,31840.0
22821136,220701004,30,0,0,,8:51:20,8:51:20,31880.0,31880.0
22821136,220701006,31,0,0,,8:52:40,8:52:40,31960.0,31960.0
22821135,200409010,0,0,0,,8:34:00,8:34:00,30840.0,30840.0
22821135,200409009,1,0,0,,8:36:00,8:36:00,30960.0,30960.0
22821135,200409011,2,0,0,,8:37:00,8:37:00,31020.0,31020.0
22821135,200426004,3,0,0,,8:38:40,8:38:40,31120.0,31120.0
22821135,200426011,4,0,0,,8:39:50,8:39:50,31190.0,31190.0
22821135,200426006,5,0,0,,8:41:00,8:41:00,31260.0,31260.0
22821135,200426007,6,0,0,,8:42:00,8:42:00,31320.0,31320.0
22821135,200410003,7,0,0,,8:44:00,8:44:00,31440.0,31440.0
22821135,200410005,8,0,0,,8:45:10,8:45:10,31510.0,31510.0
22821135,200419001,9,0,0,,8:46:30,8:46:30,31590.0,31590.0
22821135,200419037,10,0,0,,8:47:20,8:47:20,31640.0,31640.0
22821135,200419026,11,0,0,,8:49:10,8:49:10,31750.0,31750.0
22821135,200405014,12,0,0,,8:50:30,8:50:30,31830.0,31830.0
22821135,200405020,13,0,0,,8:54:00,8:54:00,32040.0,32040.0
22821135,200405013,14,0,0,,8:57:10,8:57:10,32230.0,32230.0
22821135,200405001,15,0,0,,8:59:50,8:59:50,32390.0,32390.0
22813484,200410005,18,0,0,,7:00:40,7:00:40,25240.0,25240.0
22813484,200410003,19,0,0,,7:02:10,7:02:10,25330.0,25330.0
22813484,200410004,20,0,0,,7:03:50,7:03:50,25430.0,25430.0
22813484,200409007,21,0,0,,7:05:10,7:05:10,25510.0,25510.0
22813484,200402005,22,0,0,,7:05:50,7:05:50,25550.0,25550.0
22813484,200402003,23,0,0,,7:07:50,7:07:50,25670.0,25670.0
22813484,200402004,24,0,0,,7:08:50,7:08:50,25730.0,25730.0
22813483,200304005,1,0,0,,7:01:40,7:01:40,25300.0,25300.0
22813483,200304002,2,0,0,,7:02:50,7:02:50,25370.0,25370.0
22813483,200304015,3,0,0,,7:04:10,7:04:10,25450.0,25450.0
22813483,200404032,4,0,0,,7:07:20,7:07:20,25640.0,25640.0
22813483,200404027,5,0,0,,7:09:00,7:09:00,25740.0,25740.0
22813483,200404037,6,0,0,,7:10:10,7:10:10,25810.0,25810.0
22813483,200404026,7,0,0,,7:11:50,7:11:50,25910.0,25910.0
22813483,200404013,8,0,0,,7:13:20,7:13:20,26000.0,26000.0
22813483,200404036,9,0,0,,7:14:20,7:14:20,26060.0,26060.0
22813483,200404017,10,0,0,,7:15:20,7:15:20,26120.0,26120.0
22813483,200405039,11,0,0,,7:16:30,7:16:30,26190.0,26190.0
22813483,200405013,12,0,0,,7:19:30,7:19:30,26370.0,26370.0
22813483,200405020,13,0,0,,7:22:30,7:22:30,26550.0,26550.0
22813483,200405014,14,0,0,,7:25:10,7:25:10,26710.0,26710.0
22813483,200419026,15,0,0,,7:27:20,7:27:20,26840.0,26840.0
22813483,200419037,16,0,0,,7:28:30,7:28:30,26910.0,26910.0
22813483,200419001,17,0,0,,7:29:10,7:29:10,26950.0,26950.0
22813483,200410005,18,0,0,,7:30:40,7:30:40,27040.0,27040.0
22813483,200410003,19,0,0,,7:32:10,7:32:10,27130.0,27130.0
22813483,200410004,20,0,0,,7:33:50,7:33:50,27230.0,27230.0
22813483,200409007,21,0,0,,7:35:10,7:35:10,27310.0,27310.0
22813483,200402005,22,0,0,,7:35:50,7:35:50,27350.0,27350.0
22813483,200402003,23,0,0,,7:37:50,7:37:50,27470.0,27470.0
22813483,200402004,24,0,0,,7:38:50,7:38:50,27530.0,27530.0
22813482,200304013,0,0,0,,7:29:50,7:29:50,26990.0,26990.0
22813482,200304005,1,0,0,,7:31:40,7:31:40,27100.0,27100.0
22813482,200304002,2,0,0,,7:32:50,7:32:50,27170.0,27170.0
22813482,200304015,3,0,0,,7:34:10,7:34:10,27250.0,27250.0
22813482,200404032,4,0,0,,7:37:20,7:37:20,27440.0,27440.0
22813482,200404027,5,0,0,,7:39:00,7:39:00,27540.0,27540.0
22813482,200404037,6,0,0,,7:40:10,7:40:10,27610.0,27610.0
22813482,200404026,7,0,0,,7:41:50,7:41:50,27710.0,27710.0
22813482,200404013,8,0,0,,7:43:20,7:43:20,27800.0,27800.0
22813482,200404036,9,0,0,,7:44:20,7:44:20,27860.0,27860.0
22813482,200404017,10,0,0,,7:45:20,7:45:20,27920.0,27920.0
22813482,200405039,11,0,0,,7:46:30,7:46:30,27990.0,27990.0
22813482,200405013,12,0,0,,7:49:30,7:49:30,28170.0,28170.0
22813482,200405020,13,0,0,,7:52:30,7:52:30,28350.0,28350.0
22813482,200405014,14,0,0,,7:55:10,7:55:10,28510.0,28510.0
22813482,200419026,15,0,0,,7:57:20,7:57:20,28640.0,28640.0
22813482,200419037,16,0,0,,7:58:30,7:58:30,28710.0,28710.0
22813482,200419001,17,0,0,,7:59:10,7:59:10,28750.0,28750.0
22813482,200410005,18,0,0,,8:00:40,8:00:40,28840.0,28840.0
22813482,200410003,19,0,0,,8:02:10,8:02:10,28930.0,28930.0
22813482,200410004,20,0,0,,8:03:50,8:03:50,29030.0,29030.0
22813482,200409007,21,0,0,,8:05:10,8:05:10,29110.0,29110.0
22813482,200402005,22,0,0,,8:05:50,8:05:50,29150.0,29150.0
22813482,200402003,23,0,0,,8:07:50,8:07:50,29270.0,29270.0
22813482,200402004,24,0,0,,8:08:50,8:08:50,29330.0,29330.0
22813481,200304013,0,0,0,,7:59:50,7:59:50,28790.0,28790.0
22813481,200304005,1,0,0,,8:01:40,8:01:40,28900.0,28900.0
22813481,200304002,2,0,0,,8:02:50,8:02:50,28970.0,28970.0
22813481,200304015,3,0,0,,8:04:10,8:04:10,29050.0,29050.0
22813481,200404032,4,0,0,,8:07:20,8:07:20,29240.0,29240.0
22813481,200404027,5,0,0,,8:09:00,8:09:00,29340.0,29340.0
22813481,200404037,6,0,0,,8:10:10,8:10:10,29410.0,29410.0
22813481,200404026,7,0,0,,8:11:50,8:11:50,29510.0,29510.0
22813481,200404013,8,0,0,,8:13:20,8:13:20,29600.0,29600.0
22813481,200404036,9,0,0,,8:14:20,8:14:20,29660.0,29660.0
22813481,200404017,10,0,0,,8:15:20,8:15:20,29720.0,29720.0
22813481,200405039,11,0,0,,8:16:30,8:16:30,29790.0,29790.0
22813481,200405013,12,0,0,,8:19:30,8:19:30,29970.0,29970.0
22813481,200405020,13,0,0,,8:22:30,8:22:30,30150.0,30150.0
22813481,200405014,14,0,0,,8:25:10,8:25:10,30310.0,30310.0
22813481,200419026,15,0,0,,8:27:20,8:27:20,30440.0,30440.0
22813481,200419037,16,0,0,,8:28:30,8:28:30,30510.0,30510.0
22813481,200419001,17,0,0,,8:29:10,8:29:10,30550.0,30550.0
22813481,200410005,18,0,0,,8:30:40,8:30:40,30640.0,30640.0
22813481,200410003,19,0,0,,8:32:10,8:32:10,30730.0,30730.0
22813481,200410004,20,0,0,,8:33:50,8:33:50,30830.0,30830.0
22813481,200409007,21,0,0,,8:35:10,8:35:10,30910.0,30910.0
22813481,200402005,22,0,0,,8:35:50,8:35:50,30950.0,30950.0
22813481,200402003,23,0,0,,8:37:50,8:37:50,31070.0,31070.0
22813481,200402004,24,0,0,,8:38:50,8:38:50,31130.0,31130.0
22813480,200304013,0,0,0,,8:29:50,8:29:50,30590.0,30590.0
22813480,200304005,1,0,0,,8:31:40,8:31:40,30700.0,30700.0
22813480,200304002,2,0,0,,8:32:50,8:32:50,30770.0,30770.0
22813480,200304015,3,0,0,,8:34:10,8:34:10,30850.0,30850.0
22813480,200404032,4,0,0,,8:37:20,8:37:20,31040.0,31040.0
22813480,200404027,5,0,0,,8:39:00,8:39:00,31140.0,31140.0
22813480,200404037,6,0,0,,8:40:10,8:40:10,31210.0,31210.0
22813480,200404026,7,0,0,,8:41:50,8:41:50,31310.0,31310.0
22813480,200404013,8,0,0,,8:43:20,8:43:20,31400.0,31400.0
22813480,200404036,9,0,0,,8:44:20,8:44:20,31460.0,31460.0
22813480,200404017,10,0,0,,8:45:20,8:45:20,31520.0,31520.0
22813480,200405039,11,0,0,,8:46:30,8:46:30,31590.0,31590.0
22813480,200405013,12,0,0,,8:49:30,8:49:30,31770.0,31770.0
22813480,200405020,13,0,0,,8:52:30,8:52:30,31950.0,31950.0
22813480,200405014,14,0,0,,8:55:10,8:55:10,32110.0,32110.0
22813480,200419026,15,0,0,,8:57:20,8:57:20,32240.0,32240.0
22813480,200419037,16,0,0,,8:58:30,8:58:30,32310.0,32310.0
22813480,200419001,17,0,0,,8:59:10,8:59:10,32350.0,32350.0
22813479,200304013,0,0,0,,8:59:50,8:59:50,32390.0,32390.0
22813039,200404037,18,0,0,,7:00:30,7:00:30,25230.0,25230.0
22813039,200404027,19,0,0,,7:01:50,7:01:50,25310.0,25310.0
22813039,200404032,20,0,0,,7:03:30,7:03:30,25410.0,25410.0
22813039,200304015,21,0,0,,7:06:30,7:06:30,25590.0,25590.0
22813039,200304002,22,0,0,,7:07:40,7:07:40,25660.0,25660.0
22813039,200304005,23,0,0,,7:08:40,7:08:40,25720.0,25720.0
22813039,200304013,24,0,0,,7:09:10,7:09:10,25750.0,25750.0
22813038,200402003,1,0,0,,7:00:30,7:00:30,25230.0,25230.0
22813038,200402005,2,0,0,,7:02:30,7:02:30,25350.0,25350.0
22813038,200409007,3,0,0,,7:03:20,7:03:20,25400.0,25400.0
22813038,200410004,4,0,0,,7:04:50,7:04:50,25490.0,25490.0
22813038,200410003,5,0,0,,7:07:00,7:07:00,25620.0,25620.0
22813038,200410005,6,0,0,,7:08:10,7:08:10,25690.0,25690.0
22813038,200419001,7,0,0,,7:09:30,7:09:30,25770.0,25770.0
22813038,200419037,8,0,0,,7:10:20,7:10:20,25820.0,25820.0
22813038,200419026,9,0,0,,7:12:10,7:12:10,25930.0,25930.0
22813038,200405014,10,0,0,,7:13:30,7:13:30,26010.0,26010.0
22813038,200405020,11,0,0,,7:17:00,7:17:00,26220.0,26220.0
22813038,200405013,12,0,0,,7:20:10,7:20:10,26410.0,26410.0
22813038,200405039,13,0,0,,7:23:30,7:23:30,26610.0,26610.0
22813038,200404017,14,0,0,,7:25:00,7:25:00,26700.0,26700.0
22813038,200404036,15,0,0,,7:26:10,7:26:10,26770.0,26770.0
22813038,200404013,16,0,0,,7:27:20,7:27:20,26840.0,26840.0
22813038,200404026,17,0,0,,7:29:10,7:29:10,26950.0,26950.0
22813038,200404037,18,0,0,,7:30:30,7:30:30,27030.0,27030.0
22813038,200404027,19,0,0,,7:31:50,7:31:50,27110.0,27110.0
22813038,200404032,20,0,0,,7:33:30,7:33:30,27210.0,27210.0
22813038,200304015,21,0,0,,7:36:30,7:36:30,27390.0,27390.0
22813038,200304002,22,0,0,,7:37:40,7:37:40,27460.0,27460.0
22813038,200304005,23,0,0,,7:38:40,7:38:40,27520.0,27520.0
22813038,200304013,24,0,0,,7:39:10,7:39:10,27550.0,27550.0
22813037,200402004,0,0,0,,7:29:10,7:29:10,26950.0,26950.0
22813037,200402003,1,0,0,,7:30:30,7:30:30,27030.0,27030.0
22813037,200402005,2,0,0,,7:32:30,7:32:30,27150.0,27150.0
22813037,200409007,3,0,0,,7:33:20,7:33:20,27200.0,27200.0
22813037,200410004,4,0,0,,7:34:50,7:34:50,27290.0,27290.0
22813037,200410003,5,0,0,,7:37:00,7:37:00,27420.0,27420.0
22813037,200410005,6,0,0,,7:38:10,7:38:10,27490.0,27490.0
22813037,200419001,7,0,0,,7:39:30,7:39:30,27570.0,27570.0
22813037,200419037,8,0,0,,7:40:20,7:40:20,27620.0,27620.0
22813037,200419026,9,0,0,,7:42:10,7:42:10,27730.0,27730.0
22813037,200405014,10,0,0,,7:43:30,7:43:30,27810.0,27810.0
22813037,200405020,11,0,0,,7:47:00,7:47:00,28020.0,28020.0
22813037,200405013,12,0,0,,7:50:10,7:50:10,28210.0,28210.0
22813037,200405039,13,0,0,,7:53:30,7:53:30,28410.0,28410.0
22813037,200404017,14,0,0,,7:55:00,7:55:00,28500.0,28500.0
22813037,200404036,15,0,0,,7:56:10,7:56:10,28570.0,28570.0
22813037,200404013,16,0,0,,7:57:20,7:57:20,28640.0,28640.0
22813037,200404026,17,0,0,,7:59:10,7:59:10,28750.0,28750.0
22813037,200404037,18,0,0,,8:00:30,8:00:30,28830.0,28830.0
22813037,200404027,19,0,0,,8:01:50,8:01:50,28910.0,28910.0
22813037,200404032,20,0,0,,8:03:30,8:03:30,29010.0,29010.0
22813037,200304015,21,0,0,,8:06:30,8:06:30,29190.0,29190.0
22813037,200304002,22,0,0,,8:07:40,8:07:40,29260.0,29260.0
22813037,200304005,23,0,0,,8:08:40,8:08:40,29320.0,29320.0
22813037,200304013,24,0,0,,8:09:10,8:09:10,29350.0,29350.0
22813036,200402004,0,0,0,,7:59:10,7:59:10,28750.0,28750.0
22813036,200402003,1,0,0,,8:00:30,8:00:30,28830.0,28830.0
22813036,200402005,2,0,0,,8:02:30,8:02:30,28950.0,28950.0
22813036,200409007,3,0,0,,8:03:20,8:03:20,29000.0,29000.0
22813036,200410004,4,0,0,,8:04:50,8:04:50,29090.0,29090.0
22813036,200410003,5,0,0,,8:07:00,8:07:00,29220.0,29220.0
22813036,200410005,6,0,0,,8:08:10,8:08:10,29290.0,29290.0
22813036,200419001,7,0,0,,8:09:30,8:09:30,29370.0,29370.0
22813036,200419037,8,0,0,,8:10:20,8:10:20,29420.0,29420.0
22813036,200419026,9,0,0,,8:12:10,8:12:10,29530.0,29530.0
22813036,200405014,10,0,0,,8:13:30,8:13:30,29610.0,29610.0
22813036,200405020,11,0,0,,8:17:00,8:17:00,29820.0,29820.0
22813036,200405013,12,0,0,,8:20:10,8:20:10,30010.0,30010.0
22813036,200405039,13,0,0,,8:23:30,8:23:30,30210.0,30210.0
22813036,200404017,14,0,0,,8:25:00,8:25:00,30300.0,30300.0
22813036,200404036,15,0,0,,8:26:10,8:26:10,30370.0,30370.0
22813036,200404013,16,0,0,,8:27:20,8:27:20,30440.0,30440.0
22813036,200404026,17,0,0,,8:29:10,8:29:10,30550.0,30550.0
22813036,200404037,18,0,0,,8:30:30,8:30:30,30630.0,30630.0
22813036,200404027,19,0,0,,8:31:50,8:31:50,30710.0,30710.0
22813036,200404032,20,0,0,,8:33:30,8:33:30,30810.0,30810.0
22813036,200304015,21,0,0,,8:36:30,8:36:30,30990.0,30990.0
22813036,200304002,22,0,0,,8:37:40,8:37:40,31060.0,31060.0
22813036,200304005,23,0,0,,8:38:40,8:38:40,31120.0,31120.0
22813036,200304013,24,0,0,,8:39:10,8:39:10,31150.0,31150.0
22813035,200402004,0,0,0,,8:29:10,8:29:10,30550.0,30550.0
22813035,200402003,1,0,0,,8:30:30,8:30:30,30630.0,30630.0
22813035,200402005,2,0,0,,8:32:30,8:32:30,30750.0,30750.0
22813035,200409007,3,0,0,,8:33:20,8:33:20,30800.0,30800.0
22813035,200410004,4,0,0,,8:34:50,8:34:50,30890.0,30890.0
22813035,200410003,5,0,0,,8:37:00,8:37:00,31020.0,31020.0
22813035,200410005,6,0,0,,8:38:10,8:38:10,31090.0,31090.0
22813035,200419001,7,0,0,,8:39:30,8:39:30,31170.0,31170.0
22813035,200419037,8,0,0,,8:40:20,8:40:20,31220.0,31220.0
22813035,200419026,9,0,0,,8:42:10,8:42:10,31330.0,31330.0
22813035,200405014,10,0,0,,8:43:30,8:43:30,31410.0,31410.0
22813035,200405020,11,0,0,,8:47:00,8:47:00,31620.0,31620.0
22813035,200405013,12,0,0,,8:50:10,8:50:10,31810.0,31810.0
22813035,200405039,13,0,0,,8:53:30,8:53:30,32010.0,32010.0
22813035,200404017,14,0,0,,8:55:00,8:55:00,32100.0,32100.0
22813035,200404036,15,0,0,,8:56:10,8:56:10,32170.0,32170.0
22813035,200404013,16,0,0,,8:57:20,8:57:20,32240.0,32240.0
22813035,200404026,17,0,0,,8:59:10,8:59:10,32350.0,32350.0
22813034,200402004,0,0,0,,8:59:10,8:59:10,32350.0,32350.0
22801895,200415002,11,0,0,,7:01:00,7:01:00,25260.0,25260.0
22801895,200415017,12,0,0,,7:04:40,7:04:40,25480.0,25480.0
22801895,200415009,13,0,0,,7:05:50,7:05:50,25550.0,25550.0
22801895,200420009,14,0,0,,7:08:10,7:08:10,25690.0,25690.0
22801895,200420002,15,0,0,,7:09:10,7:09:10,25750.0,25750.0
22801895,200420008,16,0,0,,7:10:20,7:10:20,25820.0,25820.0
22801895,200420016,17,0,0,,7:11:30,7:11:30,25890.0,25890.0
22801895,200403019,18,0,0,,7:13:00,7:13:00,25980.0,25980.0
22801895,200403003,19,0,0,,7:13:50,7:13:50,26030.0,26030.0
22801895,200403009,20,0,0,,7:15:20,7:15:20,26120.0,26120.0
22801895,200405008,21,0,0,,7:16:00,7:16:00,26160.0,26160.0
22801894,200304009,0,0,0,,7:00:00,7:00:00,25200.0,25200.0
22801894,200304016,1,0,0,,7:02:40,7:02:40,25360.0,25360.0
22801894,200304012,2,0,0,,7:04:10,7:04:10,25450.0,25450.0
22801894,200412021,3,0,0,,7:05:20,7:05:20,25520.0,25520.0
22801894,200412024,4,0,0,,7:07:30,7:07:30,25650.0,25650.0
22801894,200412023,5,0,0,,7:08:10,7:08:10,25690.0,25690.0
22801894,200412004,6,0,0,,7:09:00,7:09:00,25740.0,25740.0
22801894,200412022,7,0,0,,7:09:50,7:09:50,25790.0,25790.0
22801894,200412006,8,0,0,,7:11:00,7:11:00,25860.0,25860.0
22801894,200412028,9,0,0,,7:12:50,7:12:50,25970.0,25970.0
22801894,200412009,10,0,0,,7:14:40,7:14:40,26080.0,26080.0
22801894,200415002,11,0,0,,7:16:00,7:16:00,26160.0,26160.0
22801894,200415017,12,0,0,,7:19:40,7:19:40,26380.0,26380.0
22801894,200415009,13,0,0,,7:20:50,7:20:50,26450.0,26450.0
22801894,200420009,14,0,0,,7:23:10,7:23:10,26590.0,26590.0
22801894,200420002,15,0,0,,7:24:10,7:24:10,26650.0,26650.0
22801894,200420008,16,0,0,,7:25:20,7:25:20,26720.0,26720.0
22801894,200420016,17,0,0,,7:26:30,7:26:30,26790.0,26790.0
22801894,200403019,18,0,0,,7:28:00,7:28:00,26880.0,26880.0
22801894,200403003,19,0,0,,7:28:50,7:28:50,26930.0,26930.0
22801894,200403009,20,0,0,,7:30:20,7:30:20,27020.0,27020.0
22801894,200405008,21,0,0,,7:31:00,7:31:00,27060.0,27060.0
22801893,200304009,0,0,0,,7:15:00,7:15:00,26100.0,26100.0
22801893,200304016,1,0,0,,7:17:40,7:17:40,26260.0,26260.0
22801893,200304012,2,0,0,,7:19:10,7:19:10,26350.0,26350.0
22801893,200412021,3,0,0,,7:20:20,7:20:20,26420.0,26420.0
22801893,200412024,4,0,0,,7:22:30,7:22:30,26550.0,26550.0
22801893,200412023,5,0,0,,7:23:10,7:23:10,26590.0,26590.0
22801893,200412004,6,0,0,,7:24:00,7:24:00,26640.0,26640.0
22801893,200412022,7,0,0,,7:24:50,7:24:50,26690.0,26690.0
22801893,200412006,8,0,0,,7:26:00,7:26:00,26760.0,26760.0
22801893,200412028,9,0,0,,7:27:50,7:27:50,26870.0,26870.0
22801893,200412009,10,0,0,,7:29:40,7:29:40,26980.0,26980.0
22801893,200415002,11,0,0,,7:31:00,7:31:00,27060.0,27060.0
22801893,200415017,12,0,0,,7:34:40,7:34:40,27280.0,27280.0
22801893,200415009,13,0,0,,7:35:50,7:35:50,27350.0,27350.0
22801893,200420009,14,0,0,,7:38:10,7:38:10,27490.0,27490.0
22801893,200420002,15,0,0,,7:39:10,7:39:10,27550.0,27550.0
22801893,200420008,16,0,0,,7:40:20,7:40:20,27620.0,27620.0
22801893,200420016,17,0,0,,7:41:30,7:41:30,27690.0,27690.0
22801893,200403019,18,0,0,,7:43:00,7:43:00,27780.0,27780.0
22801893,200403003,19,0,0,,7:43:50,7:43:50,27830.0,27830.0
22801893,200403009,20,0,0,,7:45:20,7:45:20,27920.0,27920.0
22801893,200405008,21,0,0,,7:46:00,7:46:00,27960.0,27960.0
22801892,200304009,0,0,0,,7:30:00,7:30:00,27000.0,27000.0
22801892,200304016,1,0,0,,7:32:40,7:32:40,27160.0,27160.0
22801892,200304012,2,0,0,,7:34:10,7:34:10,27250.0,27250.0
22801892,200412021,3,0,0,,7:35:20,7:35:20,27320.0,27320.0
22801892,200412024,4,0,0,,7:37:30,7:37:30,27450.0,27450.0
22801892,200412023,5,0,0,,7:38:10,7:38:10,27490.0,27490.0
22801892,200412004,6,0,0,,7:39:00,7:39:00,27540.0,27540.0
22801892,200412022,7,0,0,,7:39:50,7:39:50,27590.0,27590.0
22801892,200412006,8,0,0,,7:41:00,7:41:00,27660.0,27660.0
22801892,200412028,9,0,0,,7:42:50,7:42:50,27770.0,27770.0
22801892,200412009,10,0,0,,7:44:40,7:44:40,27880.0,27880.0
22801892,200415002,11,0,0,,7:46:00,7:46:00,27960.0,27960.0
22801892,200415017,12,0,0,,7:49:40,7:49:40,28180.0,28180.0
22801892,200415009,13,0,0,,7:50:50,7:50:50,28250.0,28250.0
22801892,200420009,14,0,0,,7:53:10,7:53:10,28390.0,28390.0
22801892,200420002,15,0,0,,7:54:10,7:54:10,28450.0,28450.0
22801892,200420008,16,0,0,,7:55:20,7:55:20,28520.0,28520.0
22801892,200420016,17,0,0,,7:56:30,7:56:30,28590.0,28590.0
22801892,200403019,18,0,0,,7:58:00,7:58:00,28680.0,28680.0
22801892,200403003,19,0,0,,7:58:50,7:58:50,28730.0,28730.0
22801892,200403009,20,0,0,,8:00:20,8:00:20,28820.0,28820.0
22801892,200405008,21,0,0,,8:01:00,8:01:00,28860.0,28860.0
22801891,200304009,0,0,0,,7:45:00,7:45:00,27900.0,27900.0
22801891,200304016,1,0,0,,7:47:40,7:47:40,28060.0,28060.0
22801891,200304012,2,0,0,,7:49:10,7:49:10,28150.0,28150.0
22801891,200412021,3,0,0,,7:50:20,7:50:20,28220.0,28220.0
22801891,200412024,4,0,0,,7:52:30,7:52:30,28350.0,28350.0
22801891,200412023,5,0,0,,7:53:10,7:53:10,28390.0,28390.0
22801891,200412004,6,0,0,,7:54:00,7:54:00,28440.0,28440.0
22801891,200412022,7,0,0,,7:54:50,7:54:50,28490.0,28490.0
22801891,200412006,8,0,0,,7:56:00,7:56:00,28560.0,28560.0
22801891,200412028,9,0,0,,7:57:50,7:57:50,28670.0,28670.0
22801891,200412009,10,0,0,,7:59:40,7:59:40,28780.0,28780.0
22801891,200415002,11,0,0,,8:01:00,8:01:00,28860.0,28860.0
22801891,200415017,12,0,0,,8:04:40,8:04:40,29080.0,29080.0
22801891,200415009,13,0,0,,8:05:50,8:05:50,29150.0,29150.0
22801891,200420009,14,0,0,,8:08:10,8:08:10,29290.0,29290.0
22801891,200420002,15,0,0,,8:09:10,8:09:10,29350.0,29350.0
22801891,200420008,16,0,0,,8:10:20,8:10:20,29420.0,29420.0
22801891,200420016,17,0,0,,8:11:30,8:11:30,29490.0,29490.0
22801891,200403019,18,0,0,,8:13:00,8:13:00,29580.0,29580.0
22801891,200403003,19,0,0,,8:13:50,8:13:50,29630.0,29630.0
22801891,200403009,20,0,0,,8:15:20,8:15:20,29720.0,29720.0
22801891,200405008,21,0,0,,8:16:00,8:16:00,29760.0,29760.0
22801890,200304009,0,0,0,,8:00:00,8:00:00,28800.0,28800.0
22801890,200304016,1,0,0,,8:02:40,8:02:40,28960.0,28960.0
22801890,200304012,2,0,0,,8:04:10,8:04:10,29050.0,29050.0
22801890,200412021,3,0,0,,8:05:20,8:05:20,29120.0,29120.0
22801890,200412024,4,0,0,,8:07:30,8:07:30,29250.0,29250.0
22801890,200412023,5,0,0,,8:08:10,8:08:10,29290.0,29290.0
22801890,200412004,6,0,0,,8:09:00,8:09:00,29340.0,29340.0
22801890,200412022,7,0,0,,8:09:50,8:09:50,29390.0,29390.0
22801890,200412006,8,0,0,,8:11:00,8:11:00,29460.0,29460.0
22801890,200412028,9,0,0,,8:12:50,8:12:50,29570.0,29570.0
22801890,200412009,10,0,0,,8:14:40,8:14:40,29680.0,29680.0
22801890,200415002,11,0,0,,8:16:00,8:16:00,29760.0,29760.0
22801890,200415017,12,0,0,,8:19:40,8:19:40,29980.0,29980.0
22801890,200415009,13,0,0,,8:20:50,8:20:50,30050.0,30050.0
22801890,200420009,14,0,0,,8:23:10,8:23:10,30190.0,30190.0
22801890,200420002,15,0,0,,8:24:10,8:24:10,30250.0,30250.0
22801890,200420008,16,0,0,,8:25:20,8:25:20,30320.0,30320.0
22801890,200420016,17,0,0,,8:26:30,8:26:30,30390.0,30390.0
22801890,200403019,18,0,0,,8:28:00,8:28:00,30480.0,30480.0
22801890,200403003,19,0,0,,8:28:50,8:28:50,30530.0,30530.0
22801890,200403009,20,0,0,,8:30:20,8:30:20,30620.0,30620.0
22801890,200405008,21,0,0,,8:31:00,8:31:00,30660.0,30660.0
22801889,200304009,0,0,0,,8:15:00,8:15:00,29700.0,29700.0
22801889,200304016,1,0,0,,8:17:40,8:17:40,29860.0,29860.0
22801889,200304012,2,0,0,,8:19:10,8:19:10,29950.0,29950.0
22801889,200412021,3,0,0,,8:20:20,8:20:20,30020.0,30020.0
22801889,200412024,4,0,0,,8:22:30,8:22:30,30150.0,30150.0
22801889,200412023,5,0,0,,8:23:10,8:23:10,30190.0,30190.0
22801889,200412004,6,0,0,,8:24:00,8:24:00,30240.0,30240.0
22801889,200412022,7,0,0,,8:24:50,8:24:50,30290.0,30290.0
22801889,200412006,8,0,0,,8:26:00,8:26:00,30360.0,30360.0
22801889,200412028,9,0,0,,8:27:50,8:27:50,30470.0,30470.0
22801889,200412009,10,0,0,,8:29:40,8:29:40,30580.0,30580.0
22801889,200415002,11,0,0,,8:31:00,8:31:00,30660.0,30660.0
22801889,200415017,12,0,0,,8:34:40,8:34:40,30880.0,30880.0
22801889,200415009,13,0,0,,8:35:50,8:35:50,30950.0,30950.0
22801889,200420009,14,0,0,,8:38:10,8:38:10,31090.0,31090.0
22801889,200420002,15,0,0,,8:39:10,8:39:10,31150.0,31150.0
22801889,200420008,16,0,0,,8:40:20,8:40:20,31220.0,31220.0
22801889,200420016,17,0,0,,8:41:30,8:41:30,31290.0,31290.0
22801889,200403019,18,0,0,,8:43:00,8:43:00,31380.0,31380.0
22801889,200403003,19,0,0,,8:43:50,8:43:50,31430.0,31430.0
22801889,200403009,20,0,0,,8:45:20,8:45:20,31520.0,31520.0
22801889,200405008,21,0,0,,8:46:00,8:46:00,31560.0,31560.0
22801888,200304009,0,0,0,,8:30:00,8:30:00,30600.0,30600.0
22801888,200304016,1,0,0,,8:32:40,8:32:40,30760.0,30760.0
22801888,200304012,2,0,0,,8:34:10,8:34:10,30850.0,30850.0
22801888,200412021,3,0,0,,8:35:20,8:35:20,30920.0,30920.0
22801888,200412024,4,0,0,,8:37:30,8:37:30,31050.0,31050.0
22801888,200412023,5,0,0,,8:38:10,8:38:10,31090.0,31090.0
22801888,200412004,6,0,0,,8:39:00,8:39:00,31140.0,31140.0
22801888,200412022,7,0,0,,8:39:50,8:39:50,31190.0,31190.0
22801888,200412006,8,0,0,,8:41:00,8:41:00,31260.0,31260.0
22801888,200412028,9,0,0,,8:42:50,8:42:50,31370.0,31370.0
22801888,200412009,10,0,0,,8:44:40,8:44:40,31480.0,31480.0
22801888,200415002,11,0,0,,8:46:00,8:46:00,31560.0,31560.0
22801888,200415017,12,0,0,,8:49:40,8:49:40,31780.0,31780.0
22801888,200415009,13,0,0,,8:50:50,8:50:50,31850.0,31850.0
22801888,200420009,14,0,0,,8:53:10,8:53:10,31990.0,31990.0
22801888,200420002,15,0,0,,8:54:10,8:54:10,32050.0,32050.0
22801888,200420008,16,0,0,,8:55:20,8:55:20,32120.0,32120.0
22801888,200420016,17,0,0,,8:56:30,8:56:30,32190.0,32190.0
22801888,200403019,18,0,0,,8:58:00,8:58:00,32280.0,32280.0
22801888,200403003,19,0,0,,8:58:50,8:58:50,32330.0,32330.0
22801887,200304009,0,0,0,,8:45:00,8:45:00,31500.0,31500.0
22801887,200304016,1,0,0,,8:47:40,8:47:40,31660.0,31660.0
22801887,200304012,2,0,0,,8:49:10,8:49:10,31750.0,31750.0
22801887,200412021,3,0,0,,8:50:20,8:50:20,31820.0,31820.0
22801887,200412024,4,0,0,,8:52:30,8:52:30,31950.0,31950.0
22801887,200412023,5,0,0,,8:53:10,8:53:10,31990.0,31990.0
22801887,200412004,6,0,0,,8:54:00,8:54:00,32040.0,32040.0
22801887,200412022,7,0,0,,8:54:50,8:54:50,32090.0,32090.0
22801887,200412006,8,0,0,,8:56:00,8:56:00,32160.0,32160.0
22801887,200412028,9,0,0,,8:57:50,8:57:50,32270.0,32270.0
22801887,200412009,10,0,0,,8:59:40,8:59:40,32380.0,32380.0
22801886,200304009,0,0,0,,9:00:00,9:00:00,32400.0,32400.0
22801502,200412009,11,0,0,,7:00:30,7:00:30,25230.0,25230.0
22801502,200412028,12,0,0,,7:02:10,7:02:10,25330.0,25330.0
22801502,900000011,13,0,0,,7:03:50,7:03:50,25430.0,25430.0
22801502,200412022,14,0,0,,7:04:30,7:04:30,25470.0,25470.0
22801502,200412004,15,0,0,,7:05:20,7:05:20,25520.0,25520.0
22801502,200412023,16,0,0,,7:06:50,7:06:50,25610.0,25610.0
22801502,200412021,17,0,0,,7:09:50,7:09:50,25790.0,25790.0
22801502,200304012,18,0,0,,7:10:50,7:10:50,25850.0,25850.0
22801502,200304016,19,0,0,,7:12:10,7:12:10,25930.0,25930.0
22801502,200304009,20,0,0,,7:14:50,7:14:50,26090.0,26090.0
22801501,200403009,1,0,0,,7:00:30,7:00:30,25230.0,25230.0
22801501,200403003,2,0,0,,7:01:50,7:01:50,25310.0,25310.0
22801501,200403019,3,0,0,,7:03:10,7:03:10,25390.0,25390.0
22801501,200420016,4,0,0,,7:04:20,7:04:20,25460.0,25460.0
22801501,200420008,5,0,0,,7:05:40,7:05:40,25540.0,25540.0
22801501,200420002,6,0,0,,7:06:10,7:06:10,25570.0,25570.0
22801501,200420009,7,0,0,,7:07:40,7:07:40,25660.0,25660.0
22801501,200415009,8,0,0,,7:10:10,7:10:10,25810.0,25810.0
22801501,200415017,9,0,0,,7:11:10,7:11:10,25870.0,25870.0
22801501,200415002,10,0,0,,7:13:30,7:13:30,26010.0,26010.0
22801501,200412009,11,0,0,,7:15:30,7:15:30,26130.0,26130.0
22801501,200412028,12,0,0,,7:17:10,7:17:10,26230.0,26230.0
22801501,900000011,13,0,0,,7:18:50,7:18:50,26330.0,26330.0
22801501,200412022,14,0,0,,7:19:30,7:19:30,26370.0,26370.0
22801501,200412004,15,0,0,,7:20:20,7:20:20,26420.0,26420.0
22801501,200412023,16,0,0,,7:21:50,7:21:50,26510.0,26510.0
22801501,200412021,17,0,0,,7:24:50,7:24:50,26690.0,26690.0
22801501,200304012,18,0,0,,7:25:50,7:25:50,26750.0,26750.0
22801501,200304016,19,0,0,,7:27:10,7:27:10,26830.0,26830.0
22801501,200304009,20,0,0,,7:29:50,7:29:50,26990.0,26990.0
22801500,200405008,0,0,0,,7:13:20,7:13:20,26000.0,26000.0
22801500,200403009,1,0,0,,7:15:30,7:15:30,26130.0,26130.0
22801500,200403003,2,0,0,,7:16:50,7:16:50,26210.0,26210.0
22801500,200403019,3,0,0,,7:18:10,7:18:10,26290.0,26290.0
22801500,200420016,4,0,0,,7:19:20,7:19:20,26360.0,26360.0
22801500,200420008,5,0,0,,7:20:40,7:20:40,26440.0,26440.0
22801500,200420002,6,0,0,,7:21:10,7:21:10,26470.0,26470.0
22801500,200420009,7,0,0,,7:22:40,7:22:40,26560.0,26560.0
22801500,200415009,8,0,0,,7:25:10,7:25:10,26710.0,26710.0
22801500,200415017,9,0,0,,7:26:10,7:26:10,26770.0,26770.0
22801500,200415002,10,0,0,,7:28:30,7:28:30,26910.0,26910.0
22801500,200412009,11,0,0,,7:30:30,7:30:30,27030.0,27030.0
22801500,200412028,12,0,0,,7:32:10,7:32:10,27130.0,27130.0
22801500,900000011,13,0,0,,7:33:50,7:33:50,27230.0,27230.0
22801500,200412022,14,0,0,,7:34:30,7:34:30,27270.0,27270.0
22801500,200412004,15,0,0,,7:35:20,7:35:20,27320.0,27320.0
22801500,200412023,16,0,0,,7:36:50,7:36:50,27410.0,27410.0
22801500,200412021,17,0,0,,7:39:50,7:39:50,27590.0,27590.0
22801500,200304012,18,0,0,,7:40:50,7:40:50,27650.0,27650.0
22801500,200304016,19,0,0,,7:42:10,7:42:10,27730.0,27730.0
22801500,200304009,20,0,0,,7:44:50,7:44:50,27890.0,27890.0
22801499,200405008,0,0,0,,7:28:20,7:28:20,26900.0,26900.0
22801499,200403009,1,0,0,,7:30:30,7:30:30,27030.0,27030.0
22801499,200403003,2,0,0,,7:31:50,7:31:50,27110.0,27110.0
22801499,200403019,3,0,0,,7:33:10,7:33:10,27190.0,27190.0
22801499,200420016,4,0,0,,7:34:20,7:34:20,27260.0,27260.0
22801499,200420008,5,0,0,,7:35:40,7:35:40,27340.0,27340.0
22801499,200420002,6,0,0,,7:36:10,7:36:10,27370.0,27370.0
22801499,200420009,7,0,0,,7:37:40,7:37:40,27460.0,27460.0
22801499,200415009,8,0,0,,7:40:10,7:40:10,27610.0,27610.0
22801499,200415017,9,0,0,,7:41:10,7:41:10,27670.0,27670.0
22801499,200415002,10,0,0,,7:43:30,7:43:30,27810.0,27810.0
22801499,200412009,11,0,0,,7:45:30,7:45:30,27930.0,27930.0
22801499,200412028,12,0,0,,7:47:10,7:47:10,28030.0,28030.0
22801499,900000011,13,0,0,,7:48:50,7:48:50,28130.0,28130.0
22801499,200412022,14,0,0,,7:49:30,7:49:30,28170.0,28170.0
22801499,200412004,15,0,0,,7:50:20,7:50:20,28220.0,28220.0
22801499,200412023,16,0,0,,7:51:50,7:51:50,28310.0,28310.0
22801499,200412021,17,0,0,,7:54:50,7:54:50,28490.0,28490.0
22801499,200304012,18,0,0,,7:55:50,7:55:50,28550.0,28550.0
22801499,200304016,19,0,0,,7:57:10,7:57:10,28630.0,28630.0
22801499,200304009,20,0,0,,7:59:50,7:59:50,28790.0,28790.0
22801498,200405008,0,0,0,,7:43:20,7:43:20,27800.0,27800.0
22801498,200403009,1,0,0,,7:45:30,7:45:30,27930.0,27930.0
22801498,200403003,2,0,0,,7:46:50,7:46:50,28010.0,28010.0
22801498,200403019,3,0,0,,7:48:10,7:48:10,28090.0,28090.0
22801498,200420016,4,0,0,,7:49:20,7:49:20,28160.0,28160.0
22801498,200420008,5,0,0,,7:50:40,7:50:40,28240.0,28240.0
22801498,200420002,6,0,0,,7:51:10,7:51:10,28270.0,28270.0
22801498,200420009,7,0,0,,7:52:40,7:52:40,28360.0,28360.0
22801498,200415009,8,0,0,,7:55:10,7:55:10,28510.0,28510.0
22801498,200415017,9,0,0,,7:56:10,7:56:10,28570.0,28570.0
22801498,200415002,10,0,0,,7:58:30,7:58:30,28710.0,28710.0
22801498,200412009,11,0,0,,8:00:30,8:00:30,28830.0,28830.0
22801498,200412028,12,0,0,,8:02:10,8:02:10,28930.0,28930.0
22801498,900000011,13,0,0,,8:03:50,8:03:50,29030.0,29030.0
22801498,200412022,14,0,0,,8:04:30,8:04:30,29070.0,29070.0
22801498,200412004,15,0,0,,8:05:20,8:05:20,29120.0,29120.0
22801498,200412023,16,0,0,,8:06:50,8:06:50,29210.0,29210.0
22801498,200412021,17,0,0,,8:09:50,8:09:50,29390.0,29390.0
22801498,200304012,18,0,0,,8:10:50,8:10:50,29450.0,29450.0
22801498,200304016,19,0,0,,8:12:10,8:12:10,29530.0,29530.0
22801498,200304009,20,0,0,,8:14:50,8:14:50,29690.0,29690.0
22801497,200405008,0,0,0,,7:58:20,7:58:20,28700.0,28700.0
22801497,200403009,1,0,0,,8:00:30,8:00:30,28830.0,28830.0
22801497,200403003,2,0,0,,8:01:50,8:01:50,28910.0,28910.0
22801497,200403019,3,0,0,,8:03:10,8:03:10,28990.0,28990.0
22801497,200420016,4,0,0,,8:04:20,8:04:20,29060.0,29060.0
22801497,200420008,5,0,0,,8:05:40,8:05:40,29140.0,29140.0
22801497,200420002,6,0,0,,8:06:10,8:06:10,29170.0,29170.0
22801497,200420009,7,0,0,,8:07:40,8:07:40,29260.0,29260.0
22801497,200415009,8,0,0,,8:10:10,8:10:10,29410.0,29410.0
22801497,200415017,9,0,0,,8:11:10,8:11:10,29470.0,29470.0
22801497,200415002,10,0,0,,8:13:30,8:13:30,29610.0,29610.0
22801497,200412009,11,0,0,,8:15:30,8:15:30,29730.0,29730.0
22801497,200412028,12,0,0,,8:17:10,8:17:10,29830.0,29830.0
22801497,900000011,13,0,0,,8:18:50,8:18:50,29930.0,29930.0
22801497,200412022,14,0,0,,8:19:30,8:19:30,29970.0,29970.0
22801497,200412004,15,0,0,,8:20:20,8:20:20,30020.0,30020.0
22801497,200412023,16,0,0,,8:21:50,8:21:50,30110.0,30110.0
22801497,200412021,17,0,0,,8:24:50,8:24:50,30290.0,30290.0
22801497,200304012,18,0,0,,8:25:50,8:25:50,30350.0,30350.0
22801497,200304016,19,0,0,,8:27:10,8:27:10,30430.0,30430.0
22801497,200304009,20,0,0,,8:29:50,8:29:50,30590.0,30590.0
22801496,200405008,0,0,0,,8:13:20,8:13:20,29600.0,29600.0
22801496,200403009,1,0,0,,8:15:30,8:15:30,29730.0,29730.0
22801496,200403003,2,0,0,,8:16:50,8:16:50,29810.0,29810.0
22801496,200403019,3,0,0,,8:18:10,8:18:10,29890.0,29890.0
22801496,200420016,4,0,0,,8:19:20,8:19:20,29960.0,29960.0
22801496,200420008,5,0,0,,8:20:40,8:20:40,30040.0,30040.0
22801496,200420002,6,0,0,,8:21:10,8:21:10,30070.0,30070.0
22801496,200420009,7,0,0,,8:22:40,8:22:40,30160.0,30160.0
22801496,200415009,8,0,0,,8:25:10,8:25:10,30310.0,30310.0
22801496,200415017,9,0,0,,8:26:10,8:26:10,30370.0,30370.0
22801496,200415002,10,0,0,,8:28:30,8:28:30,30510.0,30510.0
22801496,200412009,11,0,0,,8:30:30,8:30:30,30630.0,30630.0
22801496,200412028,12,0,0,,8:32:10,8:32:10,30730.0,30730.0
22801496,900000011,13,0,0,,8:33:50,8:33:50,30830.0,30830.0
22801496,200412022,14,0,0,,8:34:30,8:34:30,30870.0,30870.0
22801496,200412004,15,0,0,,8:35:20,8:35:20,30920.0,30920.0
22801496,200412023,16,0,0,,8:36:50,8:36:50,31010.0,31010.0
22801496,200412021,17,0,0,,8:39:50,8:39:50,31190.0,31190.0
22801496,200304012,18,0,0,,8:40:50,8:40:50,31250.0,31250.0
22801496,200304016,19,0,0,,8:42:10,8:42:10,31330.0,31330.0
22801496,200304009,20,0,0,,8:44:50,8:44:50,31490.0,31490.0
22801495,200405008,0,0,0,,8:28:20,8:28:20,30500.0,30500.0
22801495,200403009,1,0,0,,8:30:30,8:30:30,30630.0,30630.0
22801495,200403003,2,0,0,,8:31:50,8:31:50,30710.0,30710.0
22801495,200403019,3,0,0,,8:33:10,8:33:10,30790.0,30790.0
22801495,200420016,4,0,0,,8:34:20,8:34:20,30860.0,30860.0
22801495,200420008,5,0,0,,8:35:40,8:35:40,30940.0,30940.0
22801495,200420002,6,0,0,,8:36:10,8:36:10,30970.0,30970.0
22801495,200420009,7,0,0,,8:37:40,8:37:40,31060.0,31060.0
22801495,200415009,8,0,0,,8:40:10,8:40:10,31210.0,31210.0
22801495,200415017,9,0,0,,8:41:10,8:41:10,31270.0,31270.0
22801495,200415002,10,0,0,,8:43:30,8:43:30,31410.0,31410.0
22801495,200412009,11,0,0,,8:45:30,8:45:30,31530.0,31530.0
22801495,200412028,12,0,0,,8:47:10,8:47:10,31630.0,31630.0
22801495,900000011,13,0,0,,8:48:50,8:48:50,31730.0,31730.0
22801495,200412022,14,0,0,,8:49:30,8:49:30,31770.0,31770.0
22801495,200412004,15,0,0,,8:50:20,8:50:20,31820.0,31820.0
22801495,200412023,16,0,0,,8:51:50,8:51:50,31910.0,31910.0
22801495,200412021,17,0,0,,8:54:50,8:54:50,32090.0,32090.0
22801495,200304012,18,0,0,,8:55:50,8:55:50,32150.0,32150.0
22801495,200304016,19,0,0,,8:57:10,8:57:10,32230.0,32230.0
22801495,200304009,20,0,0,,8:59:50,8:59:50,32390.0,32390.0
22801494,200405008,0,0,0,,8:43:20,8:43:20,31400.0,31400.0
22801494,200403009,1,0,0,,8:45:30,8:45:30,31530.0,31530.0
22801494,200403003,2,0,0,,8:46:50,8:46:50,31610.0,31610.0
22801494,200403019,3,0,0,,8:48:10,8:48:10,31690.0,31690.0
22801494,200420016,4,0,0,,8:49:20,8:49:20,31760.0,31760.0
22801494,200420008,5,0,0,,8:50:40,8:50:40,31840.0,31840.0
22801494,200420002,6,0,0,,8:51:10,8:51:10,31870.0,31870.0
22801494,200420009,7,0,0,,8:52:40,8:52:40,31960.0,31960.0
22801494,200415009,8,0,0,,8:55:10,8:55:10,32110.0,32110.0
22801494,200415017,9,0,0,,8:56:10,8:56:10,32170.0,32170.0
22801494,200415002,10,0,0,,8:58:30,8:58:30,32310.0,32310.0
22801493,200405008,0,0,0,,8:58:20,8:58:20,32300.0,32300.0
22799214,200423003,24,0,0,,7:00:20,7:00:20,25220.0,25220.0
22799214,200423007,25,0,0,,7:01:20,7:01:20,25280.0,25280.0
22799214,200423001,26,0,0,,7:01:40,7:01:40,25300.0,25300.0
22799214,200423002,27,0,0,,7:02:20,7:02:20,25340.0,25340.0
22799214,200410003,28,0,0,,7:04:10,7:04:10,25450.0,25450.0
22799214,200409005,29,0,0,,7:05:40,7:05:40,25540.0,25540.0
22799214,200409011,30,0,0,,7:07:20,7:07:20,25640.0,25640.0
22799214,200409003,31,0,0,,7:08:40,7:08:40,25720.0,25720.0
22799214,200409014,32,0,0,,7:10:10,7:10:10,25810.0,25810.0
22799213,200412016,12,0,0,,7:00:10,7:00:10,25210.0,25210.0
22799213,200412020,13,0,0,,7:01:40,7:01:40,25300.0,25300.0
22799213,200412007,14,0,0,,7:02:40,7:02:40,25360.0,25360.0
22799213,200405003,15,0,0,,7:03:50,7:03:50,25430.0,25430.0
22799213,200405036,16,0,0,,7:07:00,7:07:00,25620.0,25620.0
22799213,200405001,17,0,0,,7:09:20,7:09:20,25760.0,25760.0
22799213,200413001,18,0,0,,7:13:00,7:13:00,25980.0,25980.0
22799213,200408006,19,0,0,,7:15:40,7:15:40,26140.0,26140.0
22799213,200408008,20,0,0,,7:16:20,7:16:20,26180.0,26180.0
22799213,200408001,21,0,0,,7:17:30,7:17:30,26250.0,26250.0
22799213,200408007,22,0,0,,7:18:20,7:18:20,26300.0,26300.0
22799213,200423005,23,0,0,,7:19:30,7:19:30,26370.0,26370.0
22799213,200423003,24,0,0,,7:20:20,7:20:20,26420.0,26420.0
22799213,200423007,25,0,0,,7:21:20,7:21:20,26480.0,26480.0
22799213,200423001,26,0,0,,7:21:40,7:21:40,26500.0,26500.0
22799213,200423002,27,0,0,,7:22:20,7:22:20,26540.0,26540.0
22799213,200410003,28,0,0,,7:24:10,7:24:10,26650.0,26650.0
22799213,200409005,29,0,0,,7:25:40,7:25:40,26740.0,26740.0
22799213,200409011,30,0,0,,7:27:20,7:27:20,26840.0,26840.0
22799213,200409003,31,0,0,,7:28:40,7:28:40,26920.0,26920.0
22799213,200409014,32,0,0,,7:30:10,7:30:10,27010.0,27010.0
22799212,200404007,0,0,0,,7:03:20,7:03:20,25400.0,25400.0
22799212,200404037,1,0,0,,7:04:30,7:04:30,25470.0,25470.0
22799212,200404027,2,0,0,,7:05:50,7:05:50,25550.0,25550.0
22799212,200404032,3,0,0,,7:07:30,7:07:30,25650.0,25650.0
22799212,200412025,4,0,0,,7:11:30,7:11:30,25890.0,25890.0
22799212,200412026,5,0,0,,7:12:40,7:12:40,25960.0,25960.0
22799212,200412008,6,0,0,,7:14:10,7:14:10,26050.0,26050.0
22799212,200412013,7,0,0,,7:15:20,7:15:20,26120.0,26120.0
22799212,200412011,8,0,0,,7:16:30,7:16:30,26190.0,26190.0
22799212,200412001,9,0,0,,7:17:00,7:17:00,26220.0,26220.0
22799212,200412003,10,0,0,,7:17:50,7:17:50,26270.0,26270.0
22799212,200412005,11,0,0,,7:18:50,7:18:50,26330.0,26330.0
22799212,200412016,12,0,0,,7:20:10,7:20:10,26410.0,26410.0
22799212,200412020,13,0,0,,7:21:40,7:21:40,26500.0,26500.0
22799212,200412007,14,0,0,,7:22:40,7:22:40,26560.0,26560.0
22799212,200405003,15,0,0,,7:23:50,7:23:50,26630.0,26630.0
22799212,200405036,16,0,0,,7:27:00,7:27:00,26820.0,26820.0
22799212,200405001,17,0,0,,7:29:20,7:29:20,26960.0,26960.0
22799212,200413001,18,0,0,,7:33:00,7:33:00,27180.0,27180.0
22799212,200408006,19,0,0,,7:35:40,7:35:40,27340.0,27340.0
22799212,200408008,20,0,0,,7:36:20,7:36:20,27380.0,27380.0
22799212,200408001,21,0,0,,7:37:30,7:37:30,27450.0,27450.0
22799212,200408007,22,0,0,,7:38:20,7:38:20,27500.0,27500.0
22799212,200423005,23,0,0,,7:39:30,7:39:30,27570.0,27570.0
22799212,200423003,24,0,0,,7:40:20,7:40:20,27620.0,27620.0
22799212,200423007,25,0,0,,7:41:20,7:41:20,27680.0,27680.0
22799212,200423001,26,0,0,,7:41:40,7:41:40,27700.0,27700.0
22799212,200423002,27,0,0,,7:42:20,7:42:20,27740.0,27740.0
22799212,200410003,28,0,0,,7:44:10,7:44:10,27850.0,27850.0
22799212,200409005,29,0,0,,7:45:40,7:45:40,27940.0,27940.0
22799212,200409011,30,0,0,,7:47:20,7:47:20,28040.0,28040.0
22799212,200409003,31,0,0,,7:48:40,7:48:40,28120.0,28120.0
22799212,200409014,32,0,0,,7:50:10,7:50:10,28210.0,28210.0
22799211,200404007,0,0,0,,7:23:20,7:23:20,26600.0,26600.0
22799211,200404037,1,0,0,,7:24:30,7:24:30,26670.0,26670.0
22799211,200404027,2,0,0,,7:25:50,7:25:50,26750.0,26750.0
22799211,200404032,3,0,0,,7:27:30,7:27:30,26850.0,26850.0
22799211,200412025,4,0,0,,7:31:30,7:31:30,27090.0,27090.0
22799211,200412026,5,0,0,,7:32:40,7:32:40,27160.0,27160.0
22799211,200412008,6,0,0,,7:34:10,7:34:10,27250.0,27250.0
22799211,200412013,7,0,0,,7:35:20,7:35:20,27320.0,27320.0
22799211,200412011,8,0,0,,7:36:30,7:36:30,27390.0,27390.0
22799211,200412001,9,0,0,,7:37:00,7:37:00,27420.0,27420.0
22799211,200412003,10,0,0,,7:37:50,7:37:50,27470.0,27470.0
22799211,200412005,11,0,0,,7:38:50,7:38:50,27530.0,27530.0
22799211,200412016,12,0,0,,7:40:10,7:40:10,27610.0,27610.0
22799211,200412020,13,0,0,,7:41:40,7:41:40,27700.0,27700.0
22799211,200412007,14,0,0,,7:42:40,7:42:40,27760.0,27760.0
22799211,200405003,15,0,0,,7:43:50,7:43:50,27830.0,27830.0
22799211,200405036,16,0,0,,7:47:00,7:47:00,28020.0,28020.0
22799211,200405001,17,0,0,,7:49:20,7:49:20,28160.0,28160.0
22799211,200413001,18,0,0,,7:53:00,7:53:00,28380.0,28380.0
22799211,200408006,19,0,0,,7:55:40,7:55:40,28540.0,28540.0
22799211,200408008,20,0,0,,7:56:20,7:56:20,28580.0,28580.0
22799211,200408001,21,0,0,,7:57:30,7:57:30,28650.0,28650.0
22799211,200408007,22,0,0,,7:58:20,7:58:20,28700.0,28700.0
22799211,200423005,23,0,0,,7:59:30,7:59:30,28770.0,28770.0
22799211,200423003,24,0,0,,8:00:20,8:00:20,28820.0,28820.0
22799211,200423007,25,0,0,,8:01:20,8:01:20,28880.0,28880.0
22799211,200423001,26,0,0,,8:01:40,8:01:40,28900.0,28900.0
22799211,200423002,27,0,0,,8:02:20,8:02:20,28940.0,28940.0
22799211,200410003,28,0,0,,8:04:10,8:04:10,29050.0,29050.0
22799211,200409005,29,0,0,,8:05:40,8:05:40,29140.0,29140.0
22799211,200409011,30,0,0,,8:07:20,8:07:20,29240.0,29240.0
22799211,200409003,31,0,0,,8:08:40,8:08:40,29320.0,29320.0
22799211,200409014,32,0,0,,8:10:10,8:10:10,29410.0,29410.0
22799210,200404007,0,0,0,,7:43:20,7:43:20,27800.0,27800.0
22799210,200404037,1,0,0,,7:44:30,7:44:30,27870.0,27870.0
22799210,200404027,2,0,0,,7:45:50,7:45:50,27950.0,27950.0
22799210,200404032,3,0,0,,7:47:30,7:47:30,28050.0,28050.0
22799210,200412025,4,0,0,,7:51:30,7:51:30,28290.0,28290.0
22799210,200412026,5,0,0,,7:52:40,7:52:40,28360.0,28360.0
22799210,200412008,6,0,0,,7:54:10,7:54:10,28450.0,28450.0
22799210,200412013,7,0,0,,7:55:20,7:55:20,28520.0,28520.0
22799210,200412011,8,0,0,,7:56:30,7:56:30,28590.0,28590.0
22799210,200412001,9,0,0,,7:57:00,7:57:00,28620.0,28620.0
22799210,200412003,10,0,0,,7:57:50,7:57:50,28670.0,28670.0
22799210,200412005,11,0,0,,7:58:50,7:58:50,28730.0,28730.0
22799210,200412016,12,0,0,,8:00:10,8:00:10,28810.0,28810.0
22799210,200412020,13,0,0,,8:01:40,8:01:40,28900.0,28900.0
22799210,200412007,14,0,0,,8:02:40,8:02:40,28960.0,28960.0
22799210,200405003,15,0,0,,8:03:50,8:03:50,29030.0,29030.0
22799210,200405036,16,0,0,,8:07:00,8:07:00,29220.0,29220.0
22799210,200405001,17,0,0,,8:09:20,8:09:20,29360.0,29360.0
22799210,200413001,18,0,0,,8:13:00,8:13:00,29580.0,29580.0
22799210,200408006,19,0,0,,8:15:40,8:15:40,29740.0,29740.0
22799210,200408008,20,0,0,,8:16:20,8:16:20,29780.0,29780.0
22799210,200408001,21,0,0,,8:17:30,8:17:30,29850.0,29850.0
22799210,200408007,22,0,0,,8:18:20,8:18:20,29900.0,29900.0
22799210,200423005,23,0,0,,8:19:30,8:19:30,29970.0,29970.0
22799210,200423003,24,0,0,,8:20:20,8:20:20,30020.0,30020.0
22799210,200423007,25,0,0,,8:21:20,8:21:20,30080.0,30080.0
22799210,200423001,26,0,0,,8:21:40,8:21:40,30100.0,30100.0
22799210,200423002,27,0,0,,8:22:20,8:22:20,30140.0,30140.0
22799210,200410003,28,0,0,,8:24:10,8:24:10,30250.0,30250.0
22799210,200409005,29,0,0,,8:25:40,8:25:40,30340.0,30340.0
22799210,200409011,30,0,0,,8:27:20,8:27:20,30440.0,30440.0
22799210,200409003,31,0,0,,8:28:40,8:28:40,30520.0,30520.0
22799210,200409014,32,0,0,,8:30:10,8:30:10,30610.0,30610.0
22799209,200404007,0,0,0,,8:03:20,8:03:20,29000.0,29000.0
22799209,200404037,1,0,0,,8:04:30,8:04:30,29070.0,29070.0
22799209,200404027,2,0,0,,8:05:50,8:05:50,29150.0,29150.0
22799209,200404032,3,0,0,,8:07:30,8:07:30,29250.0,29250.0
22799209,200412025,4,0,0,,8:11:30,8:11:30,29490.0,29490.0
22799209,200412026,5,0,0,,8:12:40,8:12:40,29560.0,29560.0
22799209,200412008,6,0,0,,8:14:10,8:14:10,29650.0,29650.0
22799209,200412013,7,0,0,,8:15:20,8:15:20,29720.0,29720.0
22799209,200412011,8,0,0,,8:16:30,8:16:30,29790.0,29790.0
22799209,200412001,9,0,0,,8:17:00,8:17:00,29820.0,29820.0
22799209,200412003,10,0,0,,8:17:50,8:17:50,29870.0,29870.0
22799209,200412005,11,0,0,,8:18:50,8:18:50,29930.0,29930.0
22799209,200412016,12,0,0,,8:20:10,8:20:10,30010.0,30010.0
22799209,200412020,13,0,0,,8:21:40,8:21:40,30100.0,30100.0
22799209,200412007,14,0,0,,8:22:40,8:22:40,30160.0,30160.0
22799209,200405003,15,0,0,,8:23:50,8:23:50,30230.0,30230.0
22799209,200405036,16,0,0,,8:27:00,8:27:00,30420.0,30420.0
22799209,200405001,17,0,0,,8:29:20,8:29:20,30560.0,30560.0
22799209,200413001,18,0,0,,8:33:00,8:33:00,30780.0,30780.0
22799209,200408006,19,0,0,,8:35:40,8:35:40,30940.0,30940.0
22799209,200408008,20,0,0,,8:36:20,8:36:20,30980.0,30980.0
22799209,200408001,21,0,0,,8:37:30,8:37:30,31050.0,31050.0
22799209,200408007,22,0,0,,8:38:20,8:38:20,31100.0,31100.0
22799209,200423005,23,0,0,,8:39:30,8:39:30,31170.0,31170.0
22799209,200423003,24,0,0,,8:40:20,8:40:20,31220.0,31220.0
22799209,200423007,25,0,0,,8:41:20,8:41:20,31280.0,31280.0
22799209,200423001,26,0,0,,8:41:40,8:41:40,31300.0,31300.0
22799209,200423002,27,0,0,,8:42:20,8:42:20,31340.0,31340.0
22799209,200410003,28,0,0,,8:44:10,8:44:10,31450.0,31450.0
22799209,200409005,29,0,0,,8:45:40,8:45:40,31540.0,31540.0
22799209,200409011,30,0,0,,8:47:20,8:47:20,31640.0,31640.0
22799209,200409003,31,0,0,,8:48:40,8:48:40,31720.0,31720.0
22799209,200409014,32,0,0,,8:50:10,8:50:10,31810.0,31810.0
22799208,200404007,0,0,0,,8:23:20,8:23:20,30200.0,30200.0
22799208,200404037,1,0,0,,8:24:30,8:24:30,30270.0,30270.0
22799208,200404027,2,0,0,,8:25:50,8:25:50,30350.0,30350.0
22799208,200404032,3,0,0,,8:27:30,8:27:30,30450.0,30450.0
22799208,200412025,4,0,0,,8:31:30,8:31:30,30690.0,30690.0
22799208,200412026,5,0,0,,8:32:40,8:32:40,30760.0,30760.0
22799208,200412008,6,0,0,,8:34:10,8:34:10,30850.0,30850.0
22799208,200412013,7,0,0,,8:35:20,8:35:20,30920.0,30920.0
22799208,200412011,8,0,0,,8:36:30,8:36:30,30990.0,30990.0
22799208,200412001,9,0,0,,8:37:00,8:37:00,31020.0,31020.0
22799208,200412003,10,0,0,,8:37:50,8:37:50,31070.0,31070.0
22799208,200412005,11,0,0,,8:38:50,8:38:50,31130.0,31130.0
22799208,200412016,12,0,0,,8:40:10,8:40:10,31210.0,31210.0
22799208,200412020,13,0,0,,8:41:40,8:41:40,31300.0,31300.0
22799208,200412007,14,0,0,,8:42:40,8:42:40,31360.0,31360.0
22799208,200405003,15,0,0,,8:43:50,8:43:50,31430.0,31430.0
22799208,200405036,16,0,0,,8:47:00,8:47:00,31620.0,31620.0
22799208,200405001,17,0,0,,8:49:20,8:49:20,31760.0,31760.0
22799208,200413001,18,0,0,,8:53:00,8:53:00,31980.0,31980.0
22799208,200408006,19,0,0,,8:55:40,8:55:40,32140.0,32140.0
22799208,200408008,20,0,0,,8:56:20,8:56:20,32180.0,32180.0
22799208,200408001,21,0,0,,8:57:30,8:57:30,32250.0,32250.0
22799208,200408007,22,0,0,,8:58:20,8:58:20,32300.0,32300.0
22799208,200423005,23,0,0,,8:59:30,8:59:30,32370.0,32370.0
22799207,200404007,0,0,0,,8:43:20,8:43:20,31400.0,31400.0
22799207,200404037,1,0,0,,8:44:30,8:44:30,31470.0,31470.0
22799207,200404027,2,0,0,,8:45:50,8:45:50,31550.0,31550.0
22799207,200404032,3,0,0,,8:47:30,8:47:30,31650.0,31650.0
22799207,200412025,4,0,0,,8:51:30,8:51:30,31890.0,31890.0
22799207,200412026,5,0,0,,8:52:40,8:52:40,31960.0,31960.0
22799207,200412008,6,0,0,,8:54:10,8:54:10,32050.0,32050.0
22799207,200412013,7,0,0,,8:55:20,8:55:20,32120.0,32120.0
22799207,200412011,8,0,0,,8:56:30,8:56:30,32190.0,32190.0
22799207,200412001,9,0,0,,8:57:00,8:57:00,32220.0,32220.0
22799207,200412003,10,0,0,,8:57:50,8:57:50,32270.0,32270.0
22799207,200412005,11,0,0,,8:58:50,8:58:50,32330.0,32330.0
22799128,200412026,27,0,0,,7:00:00,7:00:00,25200.0,25200.0
22799128,200412025,28,0,0,,7:01:20,7:01:20,25280.0,25280.0
22799128,200404032,29,0,0,,7:05:50,7:05:50,25550.0,25550.0
22799128,200404027,30,0,0,,7:07:30,7:07:30,25650.0,25650.0
22799128,200404033,31,0,0,,7:09:10,7:09:10,25750.0,25750.0
22799128,200404007,32,0,0,,7:09:40,7:09:40,25780.0,25780.0
22799127,200405001,15,0,0,,7:04:50,7:04:50,25490.0,25490.0
22799127,200405036,16,0,0,,7:07:00,7:07:00,25620.0,25620.0
22799127,200405003,17,0,0,,7:10:20,7:10:20,25820.0,25820.0
22799127,200412007,18,0,0,,7:11:30,7:11:30,25890.0,25890.0
22799127,200412020,19,0,0,,7:12:30,7:12:30,25950.0,25950.0
22799127,200412005,20,0,0,,7:13:40,7:13:40,26020.0,26020.0
22799127,200412016,21,0,0,,7:15:00,7:15:00,26100.0,26100.0
22799127,200412003,22,0,0,,7:16:20,7:16:20,26180.0,26180.0
22799127,200412001,23,0,0,,7:17:20,7:17:20,26240.0,26240.0
22799127,200412011,24,0,0,,7:18:00,7:18:00,26280.0,26280.0
22799127,200412013,25,0,0,,7:19:00,7:19:00,26340.0,26340.0
22799127,200412008,26,0,0,,7:20:10,7:20:10,26410.0,26410.0
22799127,200412026,27,0,0,,7:21:30,7:21:30,26490.0,26490.0
22799127,200412025,28,0,0,,7:22:50,7:22:50,26570.0,26570.0
22799127,200404032,29,0,0,,7:27:20,7:27:20,26840.0,26840.0
22799127,200404027,30,0,0,,7:29:00,7:29:00,26940.0,26940.0
22799127,200404033,31,0,0,,7:30:40,7:30:40,27040.0,27040.0
22799127,200404007,32,0,0,,7:31:10,7:31:10,27070.0,27070.0
22799126,200409014,0,0,0,,7:00:10,7:00:10,25210.0,25210.0
22799126,200409003,1,0,0,,7:02:10,7:02:10,25330.0,25330.0
22799126,200409011,2,0,0,,7:03:20,7:03:20,25400.0,25400.0
22799126,200409005,3,0,0,,7:04:30,7:04:30,25470.0,25470.0
22799126,200410003,4,0,0,,7:07:20,7:07:20,25640.0,25640.0
22799126,200423002,5,0,0,,7:09:20,7:09:20,25760.0,25760.0
22799126,200423001,6,0,0,,7:09:50,7:09:50,25790.0,25790.0
22799126,200423007,7,0,0,,7:10:20,7:10:20,25820.0,25820.0
22799126,200423003,8,0,0,,7:11:30,7:11:30,25890.0,25890.0
22799126,200423005,9,0,0,,7:12:20,7:12:20,25940.0,25940.0
22799126,200408007,10,0,0,,7:13:30,7:13:30,26010.0,26010.0
22799126,200408001,11,0,0,,7:14:50,7:14:50,26090.0,26090.0
22799126,200408008,12,0,0,,7:15:40,7:15:40,26140.0,26140.0
22799126,200408006,13,0,0,,7:16:20,7:16:20,26180.0,26180.0
22799126,200413001,14,0,0,,7:19:30,7:19:30,26370.0,26370.0
22799126,200405001,15,0,0,,7:24:50,7:24:50,26690.0,26690.0
22799126,200405036,16,0,0,,7:27:00,7:27:00,26820.0,26820.0
22799126,200405003,17,0,0,,7:30:20,7:30:20,27020.0,27020.0
22799126,200412007,18,0,0,,7:31:30,7:31:30,27090.0,27090.0
22799126,200412020,19,0,0,,7:32:30,7:32:30,27150.0,27150.0
22799126,200412005,20,0,0,,7:33:40,7:33:40,27220.0,27220.0
22799126,200412016,21,0,0,,7:35:00,7:35:00,27300.0,27300.0
22799126,200412003,22,0,0,,7:36:20,7:36:20,27380.0,27380.0
22799126,200412001,23,0,0,,7:37:20,7:37:20,27440.0,27440.0
22799126,200412011,24,0,0,,7:38:00,7:38:00,27480.0,27480.0
22799126,200412013,25,0,0,,7:39:00,7:39:00,27540.0,27540.0
22799126,200412008,26,0,0,,7:40:10,7:40:10,27610.0,27610.0
22799126,200412026,27,0,0,,7:41:30,7:41:30,27690.0,27690.0
22799126,200412025,28,0,0,,7:42:50,7:42:50,27770.0,27770.0
22799126,200404032,29,0,0,,7:47:20,7:47:20,28040.0,28040.0
22799126,200404027,30,0,0,,7:49:00,7:49:00,28140.0,28140.0
22799126,200404033,31,0,0,,7:50:40,7:50:40,28240.0,28240.0
22799126,200404007,32,0,0,,7:51:10,7:51:10,28270.0,28270.0
22799125,200409014,0,0,0,,7:20:10,7:20:10,26410.0,26410.0
22799125,200409003,1,0,0,,7:22:10,7:22:10,26530.0,26530.0
22799125,200409011,2,0,0,,7:23:20,7:23:20,26600.0,26600.0
22799125,200409005,3,0,0,,7:24:30,7:24:30,26670.0,26670.0
22799125,200410003,4,0,0,,7:27:20,7:27:20,26840.0,26840.0
22799125,200423002,5,0,0,,7:29:20,7:29:20,26960.0,26960.0
22799125,200423001,6,0,0,,7:29:50,7:29:50,26990.0,26990.0
22799125,200423007,7,0,0,,7:30:20,7:30:20,27020.0,27020.0
22799125,200423003,8,0,0,,7:31:30,7:31:30,27090.0,27090.0
22799125,200423005,9,0,0,,7:32:20,7:32:20,27140.0,27140.0
22799125,200408007,10,0,0,,7:33:30,7:33:30,27210.0,27210.0
22799125,200408001,11,0,0,,7:34:50,7:34:50,27290.0,27290.0
22799125,200408008,12,0,0,,7:35:40,7:35:40,27340.0,27340.0
22799125,200408006,13,0,0,,7:36:20,7:36:20,27380.0,27380.0
22799125,200413001,14,0,0,,7:39:30,7:39:30,27570.0,27570.0
22799125,200405001,15,0,0,,7:44:50,7:44:50,27890.0,27890.0
22799125,200405036,16,0,0,,7:47:00,7:47:00,28020.0,28020.0
22799125,200405003,17,0,0,,7:50:20,7:50:20,28220.0,28220.0
22799125,200412007,18,0,0,,7:51:30,7:51:30,28290.0,28290.0
22799125,200412020,19,0,0,,7:52:30,7:52:30,28350.0,28350.0
22799125,200412005,20,0,0,,7:53:40,7:53:40,28420.0,28420.0
22799125,200412016,21,0,0,,7:55:00,7:55:00,28500.0,28500.0
22799125,200412003,22,0,0,,7:56:20,7:56:20,28580.0,28580.0
22799125,200412001,23,0,0,,7:57:20,7:57:20,28640.0,28640.0
22799125,200412011,24,0,0,,7:58:00,7:58:00,28680.0,28680.0
22799125,200412013,25,0,0,,7:59:00,7:59:00,28740.0,28740.0
22799125,200412008,26,0,0,,8:00:10,8:00:10,28810.0,28810.0
22799125,200412026,27,0,0,,8:01:30,8:01:30,28890.0,28890.0
22799125,200412025,28,0,0,,8:02:50,8:02:50,28970.0,28970.0
22799125,200404032,29,0,0,,8:07:20,8:07:20,29240.0,29240.0
22799125,200404027,30,0,0,,8:09:00,8:09:00,29340.0,29340.0
22799125,200404033,31,0,0,,8:10:40,8:10:40,29440.0,29440.0
22799125,200404007,32,0,0,,8:11:10,8:11:10,29470.0,29470.0
22799124,200409014,0,0,0,,7:40:10,7:40:10,27610.0,27610.0
22799124,200409003,1,0,0,,7:42:10,7:42:10,27730.0,27730.0
22799124,200409011,2,0,0,,7:43:20,7:43:20,27800.0,27800.0
22799124,200409005,3,0,0,,7:44:30,7:44:30,27870.0,27870.0
22799124,200410003,4,0,0,,7:47:20,7:47:20,28040.0,28040.0
22799124,200423002,5,0,0,,7:49:20,7:49:20,28160.0,28160.0
22799124,200423001,6,0,0,,7:49:50,7:49:50,28190.0,28190.0
22799124,200423007,7,0,0,,7:50:20,7:50:20,28220.0,28220.0
22799124,200423003,8,0,0,,7:51:30,7:51:30,28290.0,28290.0
22799124,200423005,9,0,0,,7:52:20,7:52:20,28340.0,28340.0
22799124,200408007,10,0,0,,7:53:30,7:53:30,28410.0,28410.0
22799124,200408001,11,0,0,,7:54:50,7:54:50,28490.0,28490.0
22799124,200408008,12,0,0,,7:55:40,7:55:40,28540.0,28540.0
22799124,200408006,13,0,0,,7:56:20,7:56:20,28580.0,28580.0
22799124,200413001,14,0,0,,7:59:30,7:59:30,28770.0,28770.0
22799124,200405001,15,0,0,,8:04:50,8:04:50,29090.0,29090.0
22799124,200405036,16,0,0,,8:07:00,8:07:00,29220.0,29220.0
22799124,200405003,17,0,0,,8:10:20,8:10:20,29420.0,29420.0
22799124,200412007,18,0,0,,8:11:30,8:11:30,29490.0,29490.0
22799124,200412020,19,0,0,,8:12:30,8:12:30,29550.0,29550.0
22799124,200412005,20,0,0,,8:13:40,8:13:40,29620.0,29620.0
22799124,200412016,21,0,0,,8:15:00,8:15:00,29700.0,29700.0
22799124,200412003,22,0,0,,8:16:20,8:16:20,29780.0,29780.0
22799124,200412001,23,0,0,,8:17:20,8:17:20,29840.0,29840.0
22799124,200412011,24,0,0,,8:18:00,8:18:00,29880.0,29880.0
22799124,200412013,25,0,0,,8:19:00,8:19:00,29940.0,29940.0
22799124,200412008,26,0,0,,8:20:10,8:20:10,30010.0,30010.0
22799124,200412026,27,0,0,,8:21:30,8:21:30,30090.0,30090.0
22799124,200412025,28,0,0,,8:22:50,8:22:50,30170.0,30170.0
22799124,200404032,29,0,0,,8:27:20,8:27:20,30440.0,30440.0
22799124,200404027,30,0,0,,8:29:00,8:29:00,30540.0,30540.0
22799124,200404033,31,0,0,,8:30:40,8:30:40,30640.0,30640.0
22799124,200404007,32,0,0,,8:31:10,8:31:10,30670.0,30670.0
22799123,200409014,0,0,0,,8:00:10,8:00:10,28810.0,28810.0
22799123,200409003,1,0,0,,8:02:10,8:02:10,28930.0,28930.0
22799123,200409011,2,0,0,,8:03:20,8:03:20,29000.0,29000.0
22799123,200409005,3,0,0,,8:04:30,8:04:30,29070.0,29070.0
22799123,200410003,4,0,0,,8:07:20,8:07:20,29240.0,29240.0
22799123,200423002,5,0,0,,8:09:20,8:09:20,29360.0,29360.0
22799123,200423001,6,0,0,,8:09:50,8:09:50,29390.0,29390.0
22799123,200423007,7,0,0,,8:10:20,8:10:20,29420.0,29420.0
22799123,200423003,8,0,0,,8:11:30,8:11:30,29490.0,29490.0
22799123,200423005,9,0,0,,8:12:20,8:12:20,29540.0,29540.0
22799123,200408007,10,0,0,,8:13:30,8:13:30,29610.0,29610.0
22799123,200408001,11,0,0,,8:14:50,8:14:50,29690.0,29690.0
22799123,200408008,12,0,0,,8:15:40,8:15:40,29740.0,29740.0
22799123,200408006,13,0,0,,8:16:20,8:16:20,29780.0,29780.0
22799123,200413001,14,0,0,,8:19:30,8:19:30,29970.0,29970.0
22799123,200405001,15,0,0,,8:24:50,8:24:50,30290.0,30290.0
22799123,200405036,16,0,0,,8:27:00,8:27:00,30420.0,30420.0
22799123,200405003,17,0,0,,8:30:20,8:30:20,30620.0,30620.0
22799123,200412007,18,0,0,,8:31:30,8:31:30,30690.0,30690.0
22799123,200412020,19,0,0,,8:32:30,8:32:30,30750.0,30750.0
22799123,200412005,20,0,0,,8:33:40,8:33:40,30820.0,30820.0
22799123,200412016,21,0,0,,8:35:00,8:35:00,30900.0,30900.0
22799123,200412003,22,0,0,,8:36:20,8:36:20,30980.0,30980.0
22799123,200412001,23,0,0,,8:37:20,8:37:20,31040.0,31040.0
22799123,200412011,24,0,0,,8:38:00,8:38:00,31080.0,31080.0
22799123,200412013,25,0,0,,8:39:00,8:39:00,31140.0,31140.0
22799123,200412008,26,0,0,,8:40:10,8:40:10,31210.0,31210.0
22799123,200412026,27,0,0,,8:41:30,8:41:30,31290.0,31290.0
22799123,200412025,28,0,0,,8:42:50,8:42:50,31370.0,31370.0
22799123,200404032,29,0,0,,8:47:20,8:47:20,31640.0,31640.0
22799123,200404027,30,0,0,,8:49:00,8:49:00,31740.0,31740.0
22799123,200404033,31,0,0,,8:50:40,8:50:40,31840.0,31840.0
22799123,200404007,32,0,0,,8:51:10,8:51:10,31870.0,31870.0
22799122,200409014,0,0,0,,8:20:10,8:20:10,30010.0,30010.0
22799122,200409003,1,0,0,,8:22:10,8:22:10,30130.0,30130.0
22799122,200409011,2,0,0,,8:23:20,8:23:20,30200.0,30200.0
22799122,200409005,3,0,0,,8:24:30,8:24:30,30270.0,30270.0
22799122,200410003,4,0,0,,8:27:20,8:27:20,30440.0,30440.0
22799122,200423002,5,0,0,,8:29:20,8:29:20,30560.0,30560.0
22799122,200423001,6,0,0,,8:29:50,8:29:50,30590.0,30590.0
22799122,200423007,7,0,0,,8:30:20,8:30:20,30620.0,30620.0
22799122,200423003,8,0,0,,8:31:30,8:31:30,30690.0,30690.0
22799122,200423005,9,0,0,,8:32:20,8:32:20,30740.0,30740.0
22799122,200408007,10,0,0,,8:33:30,8:33:30,30810.0,30810.0
22799122,200408001,11,0,0,,8:34:50,8:34:50,30890.0,30890.0
22799122,200408008,12,0,0,,8:35:40,8:35:40,30940.0,30940.0
22799122,200408006,13,0,0,,8:36:20,8:36:20,30980.0,30980.0
22799122,200413001,14,0,0,,8:39:30,8:39:30,31170.0,31170.0
22799122,200405001,15,0,0,,8:44:50,8:44:50,31490.0,31490.0
22799122,200405036,16,0,0,,8:47:00,8:47:00,31620.0,31620.0
22799122,200405003,17,0,0,,8:50:20,8:50:20,31820.0,31820.0
22799122,200412007,18,0,0,,8:51:30,8:51:30,31890.0,31890.0
22799122,200412020,19,0,0,,8:52:30,8:52:30,31950.0,31950.0
22799122,200412005,20,0,0,,8:53:40,8:53:40,32020.0,32020.0
22799122,200412016,21,0,0,,8:55:00,8:55:00,32100.0,32100.0
22799122,200412003,22,0,0,,8:56:20,8:56:20,32180.0,32180.0
22799122,200412001,23,0,0,,8:57:20,8:57:20,32240.0,32240.0
22799122,200412011,24,0,0,,8:58:00,8:58:00,32280.0,32280.0
22799122,200412013,25,0,0,,8:59:00,8:59:00,32340.0,32340.0
22799121,200409014,0,0,0,,8:40:10,8:40:10,31210.0,31210.0
22799121,200409003,1,0,0,,8:42:10,8:42:10,31330.0,31330.0
22799121,200409011,2,0,0,,8:43:20,8:43:20,31400.0,31400.0
22799121,200409005,3,0,0,,8:44:30,8:44:30,31470.0,31470.0
22799121,200410003,4,0,0,,8:47:20,8:47:20,31640.0,31640.0
22799121,200423002,5,0,0,,8:49:20,8:49:20,31760.0,31760.0
22799121,200423001,6,0,0,,8:49:50,8:49:50,31790.0,31790.0
22799121,200423007,7,0,0,,8:50:20,8:50:20,31820.0,31820.0
22799121,200423003,8,0,0,,8:51:30,8:51:30,31890.0,31890.0
22799121,200423005,9,0,0,,8:52:20,8:52:20,31940.0,31940.0
22799121,200408007,10,0,0,,8:53:30,8:53:30,32010.0,32010.0
22799121,200408001,11,0,0,,8:54:50,8:54:50,32090.0,32090.0
22799121,200408008,12,0,0,,8:55:40,8:55:40,32140.0,32140.0
22799121,200408006,13,0,0,,8:56:20,8:56:20,32180.0,32180.0
22799121,200413001,14,0,0,,8:59:30,8:59:30,32370.0,32370.0
22796443,200403017,10,0,0,,7:00:00,7:00:00,25200.0,25200.0
22796443,200403018,11,0,0,,7:01:00,7:01:00,25260.0,25260.0
22796443,200403021,12,0,0,,7:02:10,7:02:10,25330.0,25330.0
22796443,200403009,13,0,0,,7:03:40,7:03:40,25420.0,25420.0
22796443,200901024,14,0,0,,7:05:30,7:05:30,25530.0,25530.0
22796442,200405013,7,0,0,,7:02:00,7:02:00,25320.0,25320.0
22796442,200405020,8,0,0,,7:05:00,7:05:00,25500.0,25500.0
22796442,200405045,9,0,0,,7:08:50,7:08:50,25730.0,25730.0
22796442,200403017,10,0,0,,7:10:00,7:10:00,25800.0,25800.0
22796442,200403018,11,0,0,,7:11:00,7:11:00,25860.0,25860.0
22796442,200403021,12,0,0,,7:12:10,7:12:10,25930.0,25930.0
22796442,200403009,13,0,0,,7:13:40,7:13:40,26020.0,26020.0
22796442,200901024,14,0,0,,7:15:30,7:15:30,26130.0,26130.0
22796441,200415017,2,0,0,,7:00:00,7:00:00,25200.0,25200.0
22796441,200415006,3,0,0,,7:02:10,7:02:10,25330.0,25330.0
22796441,200415003,4,0,0,,7:03:50,7:03:50,25430.0,25430.0
22796441,200405036,5,0,0,,7:07:10,7:07:10,25630.0,25630.0
22796441,200405001,6,0,0,,7:09:30,7:09:30,25770.0,25770.0
22796441,200405013,7,0,0,,7:12:00,7:12:00,25920.0,25920.0
22796441,200405020,8,0,0,,7:15:00,7:15:00,26100.0,26100.0
22796441,200405045,9,0,0,,7:18:50,7:18:50,26330.0,26330.0
22796441,200403017,10,0,0,,7:20:00,7:20:00,26400.0,26400.0
22796441,200403018,11,0,0,,7:21:00,7:21:00,26460.0,26460.0
22796441,200403021,12,0,0,,7:22:10,7:22:10,26530.0,26530.0
22796441,200403009,13,0,0,,7:23:40,7:23:40,26620.0,26620.0
22796441,200901024,14,0,0,,7:25:30,7:25:30,26730.0,26730.0
22796440,200415016,0,0,0,,7:07:50,7:07:50,25670.0,25670.0
22796440,200415009,1,0,0,,7:09:00,7:09:00,25740.0,25740.0
22796440,200415017,2,0,0,,7:10:00,7:10:00,25800.0,25800.0
22796440,200415006,3,0,0,,7:12:10,7:12:10,25930.0,25930.0
22796440,200415003,4,0,0,,7:13:50,7:13:50,26030.0,26030.0
22796440,200405036,5,0,0,,7:17:10,7:17:10,26230.0,26230.0
22796440,200405001,6,0,0,,7:19:30,7:19:30,26370.0,26370.0
22796440,200405013,7,0,0,,7:22:00,7:22:00,26520.0,26520.0
22796440,200405020,8,0,0,,7:25:00,7:25:00,26700.0,26700.0
22796440,200405045,9,0,0,,7:28:50,7:28:50,26930.0,26930.0
22796440,200403017,10,0,0,,7:30:00,7:30:00,27000.0,27000.0
22796440,200403018,11,0,0,,7:31:00,7:31:00,27060.0,27060.0
22796440,200403021,12,0,0,,7:32:10,7:32:10,27130.0,27130.0
22796440,200403009,13,0,0,,7:33:40,7:33:40,27220.0,27220.0
22796440,200901024,14,0,0,,7:35:30,7:35:30,27330.0,27330.0
22796450,200415016,0,0,0,,7:14:50,7:14:50,26090.0,26090.0
22796450,200415009,1,0,0,,7:16:00,7:16:00,26160.0,26160.0
22796450,200415017,2,0,0,,7:17:00,7:17:00,26220.0,26220.0
22796450,200415006,3,0,0,,7:19:10,7:19:10,26350.0,26350.0
22796450,200415003,4,0,0,,7:20:50,7:20:50,26450.0,26450.0
22796450,200405036,5,0,0,,7:24:10,7:24:10,26650.0,26650.0
22796450,200405001,6,0,0,,7:26:30,7:26:30,26790.0,26790.0
22796450,200405013,7,0,0,,7:29:00,7:29:00,26940.0,26940.0
22796450,200405020,8,0,0,,7:32:00,7:32:00,27120.0,27120.0
22796450,200405045,9,0,0,,7:35:50,7:35:50,27350.0,27350.0
22796450,200403017,10,0,0,,7:37:00,7:37:00,27420.0,27420.0
22796450,200403018,11,0,0,,7:38:00,7:38:00,27480.0,27480.0
22796450,200403021,12,0,0,,7:39:10,7:39:10,27550.0,27550.0
22796450,200403009,13,0,0,,7:40:40,7:40:40,27640.0,27640.0
22796450,200901024,14,0,0,,7:42:30,7:42:30,27750.0,27750.0
22796439,200415016,0,0,0,,7:22:50,7:22:50,26570.0,26570.0
22796439,200415009,1,0,0,,7:24:00,7:24:00,26640.0,26640.0
22796439,200415017,2,0,0,,7:25:00,7:25:00,26700.0,26700.0
22796439,200415006,3,0,0,,7:27:10,7:27:10,26830.0,26830.0
22796439,200415003,4,0,0,,7:28:50,7:28:50,26930.0,26930.0
22796439,200405036,5,0,0,,7:32:10,7:32:10,27130.0,27130.0
22796439,200405001,6,0,0,,7:34:30,7:34:30,27270.0,27270.0
22796439,200405013,7,0,0,,7:37:00,7:37:00,27420.0,27420.0
22796439,200405020,8,0,0,,7:40:00,7:40:00,27600.0,27600.0
22796439,200405045,9,0,0,,7:43:50,7:43:50,27830.0,27830.0
22796439,200403017,10,0,0,,7:45:00,7:45:00,27900.0,27900.0
22796439,200403018,11,0,0,,7:46:00,7:46:00,27960.0,27960.0
22796439,200403021,12,0,0,,7:47:10,7:47:10,28030.0,28030.0
22796439,200403009,13,0,0,,7:48:40,7:48:40,28120.0,28120.0
22796439,200901024,14,0,0,,7:50:30,7:50:30,28230.0,28230.0
22796438,200415016,0,0,0,,7:29:50,7:29:50,26990.0,26990.0
22796438,200415009,1,0,0,,7:31:00,7:31:00,27060.0,27060.0
22796438,200415017,2,0,0,,7:32:00,7:32:00,27120.0,27120.0
22796438,200415006,3,0,0,,7:34:10,7:34:10,27250.0,27250.0
22796438,200415003,4,0,0,,7:35:50,7:35:50,27350.0,27350.0
22796438,200405036,5,0,0,,7:39:10,7:39:10,27550.0,27550.0
22796438,200405001,6,0,0,,7:41:30,7:41:30,27690.0,27690.0
22796438,200405013,7,0,0,,7:44:00,7:44:00,27840.0,27840.0
22796438,200405020,8,0,0,,7:47:00,7:47:00,28020.0,28020.0
22796438,200405045,9,0,0,,7:50:50,7:50:50,28250.0,28250.0
22796438,200403017,10,0,0,,7:52:00,7:52:00,28320.0,28320.0
22796438,200403018,11,0,0,,7:53:00,7:53:00,28380.0,28380.0
22796438,200403021,12,0,0,,7:54:10,7:54:10,28450.0,28450.0
22796438,200403009,13,0,0,,7:55:40,7:55:40,28540.0,28540.0
22796438,200901024,14,0,0,,7:57:30,7:57:30,28650.0,28650.0
22796437,200415016,0,0,0,,7:39:50,7:39:50,27590.0,27590.0
22796437,200415009,1,0,0,,7:41:00,7:41:00,27660.0,27660.0
22796437,200415017,2,0,0,,7:42:00,7:42:00,27720.0,27720.0
22796437,200415006,3,0,0,,7:44:10,7:44:10,27850.0,27850.0
22796437,200415003,4,0,0,,7:45:50,7:45:50,27950.0,27950.0
22796437,200405036,5,0,0,,7:49:10,7:49:10,28150.0,28150.0
22796437,200405001,6,0,0,,7:51:30,7:51:30,28290.0,28290.0
22796437,200405013,7,0,0,,7:54:00,7:54:00,28440.0,28440.0
22796437,200405020,8,0,0,,7:57:00,7:57:00,28620.0,28620.0
22796437,200405045,9,0,0,,8:00:50,8:00:50,28850.0,28850.0
22796437,200403017,10,0,0,,8:02:00,8:02:00,28920.0,28920.0
22796437,200403018,11,0,0,,8:03:00,8:03:00,28980.0,28980.0
22796437,200403021,12,0,0,,8:04:10,8:04:10,29050.0,29050.0
22796437,200403009,13,0,0,,8:05:40,8:05:40,29140.0,29140.0
22796437,200901024,14,0,0,,8:07:30,8:07:30,29250.0,29250.0
22796436,200415016,0,0,0,,7:49:50,7:49:50,28190.0,28190.0
22796436,200415009,1,0,0,,7:51:00,7:51:00,28260.0,28260.0
22796436,200415017,2,0,0,,7:52:00,7:52:00,28320.0,28320.0
22796436,200415006,3,0,0,,7:54:10,7:54:10,28450.0,28450.0
22796436,200415003,4,0,0,,7:55:50,7:55:50,28550.0,28550.0
22796436,200405036,5,0,0,,7:59:10,7:59:10,28750.0,28750.0
22796436,200405001,6,0,0,,8:01:30,8:01:30,28890.0,28890.0
22796436,200405013,7,0,0,,8:04:00,8:04:00,29040.0,29040.0
22796436,200405020,8,0,0,,8:07:00,8:07:00,29220.0,29220.0
22796436,200405045,9,0,0,,8:10:50,8:10:50,29450.0,29450.0
22796436,200403017,10,0,0,,8:12:00,8:12:00,29520.0,29520.0
22796436,200403018,11,0,0,,8:13:00,8:13:00,29580.0,29580.0
22796436,200403021,12,0,0,,8:14:10,8:14:10,29650.0,29650.0
22796436,200403009,13,0,0,,8:15:40,8:15:40,29740.0,29740.0
22796436,200901024,14,0,0,,8:17:30,8:17:30,29850.0,29850.0
22796435,200415016,0,0,0,,7:59:50,7:59:50,28790.0,28790.0
22796435,200415009,1,0,0,,8:01:00,8:01:00,28860.0,28860.0
22796435,200415017,2,0,0,,8:02:00,8:02:00,28920.0,28920.0
22796435,200415006,3,0,0,,8:04:10,8:04:10,29050.0,29050.0
22796435,200415003,4,0,0,,8:05:50,8:05:50,29150.0,29150.0
22796435,200405036,5,0,0,,8:09:10,8:09:10,29350.0,29350.0
22796435,200405001,6,0,0,,8:11:30,8:11:30,29490.0,29490.0
22796435,200405013,7,0,0,,8:14:00,8:14:00,29640.0,29640.0
22796435,200405020,8,0,0,,8:17:00,8:17:00,29820.0,29820.0
22796435,200405045,9,0,0,,8:20:50,8:20:50,30050.0,30050.0
22796435,200403017,10,0,0,,8:22:00,8:22:00,30120.0,30120.0
22796435,200403018,11,0,0,,8:23:00,8:23:00,30180.0,30180.0
22796435,200403021,12,0,0,,8:24:10,8:24:10,30250.0,30250.0
22796435,200403009,13,0,0,,8:25:40,8:25:40,30340.0,30340.0
22796435,200901024,14,0,0,,8:27:30,8:27:30,30450.0,30450.0
22796434,200415016,0,0,0,,8:09:50,8:09:50,29390.0,29390.0
22796434,200415009,1,0,0,,8:11:00,8:11:00,29460.0,29460.0
22796434,200415017,2,0,0,,8:12:00,8:12:00,29520.0,29520.0
22796434,200415006,3,0,0,,8:14:10,8:14:10,29650.0,29650.0
22796434,200415003,4,0,0,,8:15:50,8:15:50,29750.0,29750.0
22796434,200405036,5,0,0,,8:19:10,8:19:10,29950.0,29950.0
22796434,200405001,6,0,0,,8:21:30,8:21:30,30090.0,30090.0
22796434,200405013,7,0,0,,8:24:00,8:24:00,30240.0,30240.0
22796434,200405020,8,0,0,,8:27:00,8:27:00,30420.0,30420.0
22796434,200405045,9,0,0,,8:30:50,8:30:50,30650.0,30650.0
22796434,200403017,10,0,0,,8:32:00,8:32:00,30720.0,30720.0
22796434,200403018,11,0,0,,8:33:00,8:33:00,30780.0,30780.0
22796434,200403021,12,0,0,,8:34:10,8:34:10,30850.0,30850.0
22796434,200403009,13,0,0,,8:35:40,8:35:40,30940.0,30940.0
22796434,200901024,14,0,0,,8:37:30,8:37:30,31050.0,31050.0
22796433,200415016,0,0,0,,8:19:50,8:19:50,29990.0,29990.0
22796433,200415009,1,0,0,,8:21:00,8:21:00,30060.0,30060.0
22796433,200415017,2,0,0,,8:22:00,8:22:00,30120.0,30120.0
22796433,200415006,3,0,0,,8:24:10,8:24:10,30250.0,30250.0
22796433,200415003,4,0,0,,8:25:50,8:25:50,30350.0,30350.0
22796433,200405036,5,0,0,,8:29:10,8:29:10,30550.0,30550.0
22796433,200405001,6,0,0,,8:31:30,8:31:30,30690.0,30690.0
22796433,200405013,7,0,0,,8:34:00,8:34:00,30840.0,30840.0
22796433,200405020,8,0,0,,8:37:00,8:37:00,31020.0,31020.0
22796433,200405045,9,0,0,,8:40:50,8:40:50,31250.0,31250.0
22796433,200403017,10,0,0,,8:42:00,8:42:00,31320.0,31320.0
22796433,200403018,11,0,0,,8:43:00,8:43:00,31380.0,31380.0
22796433,200403021,12,0,0,,8:44:10,8:44:10,31450.0,31450.0
22796433,200403009,13,0,0,,8:45:40,8:45:40,31540.0,31540.0
22796433,200901024,14,0,0,,8:47:30,8:47:30,31650.0,31650.0
22796432,200415016,0,0,0,,8:29:50,8:29:50,30590.0,30590.0
22796432,200415009,1,0,0,,8:31:00,8:31:00,30660.0,30660.0
22796432,200415017,2,0,0,,8:32:00,8:32:00,30720.0,30720.0
22796432,200415006,3,0,0,,8:34:10,8:34:10,30850.0,30850.0
22796432,200415003,4,0,0,,8:35:50,8:35:50,30950.0,30950.0
22796432,200405036,5,0,0,,8:39:10,8:39:10,31150.0,31150.0
22796432,200405001,6,0,0,,8:41:30,8:41:30,31290.0,31290.0
22796432,200405013,7,0,0,,8:44:00,8:44:00,31440.0,31440.0
22796432,200405020,8,0,0,,8:47:00,8:47:00,31620.0,31620.0
22796432,200405045,9,0,0,,8:50:50,8:50:50,31850.0,31850.0
22796432,200403017,10,0,0,,8:52:00,8:52:00,31920.0,31920.0
22796432,200403018,11,0,0,,8:53:00,8:53:00,31980.0,31980.0
22796432,200403021,12,0,0,,8:54:10,8:54:10,32050.0,32050.0
22796432,200403009,13,0,0,,8:55:40,8:55:40,32140.0,32140.0
22796432,200901024,14,0,0,,8:57:30,8:57:30,32250.0,32250.0
22796431,200415016,0,0,0,,8:39:50,8:39:50,31190.0,31190.0
22796431,200415009,1,0,0,,8:41:00,8:41:00,31260.0,31260.0
22796431,200415017,2,0,0,,8:42:00,8:42:00,31320.0,31320.0
22796431,200415006,3,0,0,,8:44:10,8:44:10,31450.0,31450.0
22796431,200415003,4,0,0,,8:45:50,8:45:50,31550.0,31550.0
22796431,200405036,5,0,0,,8:49:10,8:49:10,31750.0,31750.0
22796431,200405001,6,0,0,,8:51:30,8:51:30,31890.0,31890.0
22796431,200405013,7,0,0,,8:54:00,8:54:00,32040.0,32040.0
22796431,200405020,8,0,0,,8:57:00,8:57:00,32220.0,32220.0
22796430,200415016,0,0,0,,8:49:50,8:49:50,31790.0,31790.0
22796430,200415009,1,0,0,,8:51:00,8:51:00,31860.0,31860.0
22796430,200415017,2,0,0,,8:52:00,8:52:00,31920.0,31920.0
22796430,200415006,3,0,0,,8:54:10,8:54:10,32050.0,32050.0
22796430,200415003,4,0,0,,8:55:50,8:55:50,32150.0,32150.0
22796430,200405036,5,0,0,,8:59:10,8:59:10,32350.0,32350.0
22796429,200415016,0,0,0,,8:59:50,8:59:50,32390.0,32390.0
22795843,200405036,10,0,0,,7:00:00,7:00:00,25200.0,25200.0
22795843,200415003,11,0,0,,7:02:40,7:02:40,25360.0,25360.0
22795843,200415006,12,0,0,,7:04:10,7:04:10,25450.0,25450.0
22795843,200415012,13,0,0,,7:05:50,7:05:50,25550.0,25550.0
22795843,200415017,14,0,0,,7:07:40,7:07:40,25660.0,25660.0
22795843,200415009,15,0,0,,7:08:50,7:08:50,25730.0,25730.0
22795842,200403020,6,0,0,,7:00:30,7:00:30,25230.0,25230.0
22795842,200405025,7,0,0,,7:02:00,7:02:00,25320.0,25320.0
22795842,200405013,8,0,0,,7:05:10,7:05:10,25510.0,25510.0
22795842,200405001,9,0,0,,7:07:50,7:07:50,25670.0,25670.0
22795842,200405036,10,0,0,,7:10:00,7:10:00,25800.0,25800.0
22795842,200415003,11,0,0,,7:12:40,7:12:40,25960.0,25960.0
22795842,200415006,12,0,0,,7:14:10,7:14:10,26050.0,26050.0
22795842,200415012,13,0,0,,7:15:50,7:15:50,26150.0,26150.0
22795842,200415017,14,0,0,,7:17:40,7:17:40,26260.0,26260.0
22795842,200415009,15,0,0,,7:18:50,7:18:50,26330.0,26330.0
22795841,200901024,0,0,0,,7:00:30,7:00:30,25230.0,25230.0
22795841,200403009,1,0,0,,7:02:10,7:02:10,25330.0,25330.0
22795841,200403021,2,0,0,,7:04:10,7:04:10,25450.0,25450.0
22795841,200403018,3,0,0,,7:05:20,7:05:20,25520.0,25520.0
22795841,200403017,4,0,0,,7:06:30,7:06:30,25590.0,25590.0
22795841,200405045,5,0,0,,7:08:00,7:08:00,25680.0,25680.0
22795841,200403020,6,0,0,,7:10:30,7:10:30,25830.0,25830.0
22795841,200405025,7,0,0,,7:12:00,7:12:00,25920.0,25920.0
22795841,200405013,8,0,0,,7:15:10,7:15:10,26110.0,26110.0
22795841,200405001,9,0,0,,7:17:50,7:17:50,26270.0,26270.0
22795841,200405036,10,0,0,,7:20:00,7:20:00,26400.0,26400.0
22795841,200415003,11,0,0,,7:22:40,7:22:40,26560.0,26560.0
22795841,200415006,12,0,0,,7:24:10,7:24:10,26650.0,26650.0
22795841,200415012,13,0,0,,7:25:50,7:25:50,26750.0,26750.0
22795841,200415017,14,0,0,,7:27:40,7:27:40,26860.0,26860.0
22795841,200415009,15,0,0,,7:28:50,7:28:50,26930.0,26930.0
22795840,200901024,0,0,0,,7:10:30,7:10:30,25830.0,25830.0
22795840,200403009,1,0,0,,7:12:10,7:12:10,25930.0,25930.0
22795840,200403021,2,0,0,,7:14:10,7:14:10,26050.0,26050.0
22795840,200403018,3,0,0,,7:15:20,7:15:20,26120.0,26120.0
22795840,200403017,4,0,0,,7:16:30,7:16:30,26190.0,26190.0
22795840,200405045,5,0,0,,7:18:00,7:18:00,26280.0,26280.0
22795840,200403020,6,0,0,,7:20:30,7:20:30,26430.0,26430.0
22795840,200405025,7,0,0,,7:22:00,7:22:00,26520.0,26520.0
22795840,200405013,8,0,0,,7:25:10,7:25:10,26710.0,26710.0
22795840,200405001,9,0,0,,7:27:50,7:27:50,26870.0,26870.0
22795840,200405036,10,0,0,,7:30:00,7:30:00,27000.0,27000.0
22795840,200415003,11,0,0,,7:32:40,7:32:40,27160.0,27160.0
22795840,200415006,12,0,0,,7:34:10,7:34:10,27250.0,27250.0
22795840,200415012,13,0,0,,7:35:50,7:35:50,27350.0,27350.0
22795840,200415017,14,0,0,,7:37:40,7:37:40,27460.0,27460.0
22795840,200415009,15,0,0,,7:38:50,7:38:50,27530.0,27530.0
22795839,200901024,0,0,0,,7:20:30,7:20:30,26430.0,26430.0
22795839,200403009,1,0,0,,7:22:10,7:22:10,26530.0,26530.0
22795839,200403021,2,0,0,,7:24:10,7:24:10,26650.0,26650.0
22795839,200403018,3,0,0,,7:25:20,7:25:20,26720.0,26720.0
22795839,200403017,4,0,0,,7:26:30,7:26:30,26790.0,26790.0
22795839,200405045,5,0,0,,7:28:00,7:28:00,26880.0,26880.0
22795839,200403020,6,0,0,,7:30:30,7:30:30,27030.0,27030.0
22795839,200405025,7,0,0,,7:32:00,7:32:00,27120.0,27120.0
22795839,200405013,8,0,0,,7:35:10,7:35:10,27310.0,27310.0
22795839,200405001,9,0,0,,7:37:50,7:37:50,27470.0,27470.0
22795839,200405036,10,0,0,,7:40:00,7:40:00,27600.0,27600.0
22795839,200415003,11,0,0,,7:42:40,7:42:40,27760.0,27760.0
22795839,200415006,12,0,0,,7:44:10,7:44:10,27850.0,27850.0
22795839,200415012,13,0,0,,7:45:50,7:45:50,27950.0,27950.0
22795839,200415017,14,0,0,,7:47:40,7:47:40,28060.0,28060.0
22795839,200415009,15,0,0,,7:48:50,7:48:50,28130.0,28130.0
22795838,200901024,0,0,0,,7:30:30,7:30:30,27030.0,27030.0
22795838,200403009,1,0,0,,7:32:10,7:32:10,27130.0,27130.0
22795838,200403021,2,0,0,,7:34:10,7:34:10,27250.0,27250.0
22795838,200403018,3,0,0,,7:35:20,7:35:20,27320.0,27320.0
22795838,200403017,4,0,0,,7:36:30,7:36:30,27390.0,27390.0
22795838,200405045,5,0,0,,7:38:00,7:38:00,27480.0,27480.0
22795838,200403020,6,0,0,,7:40:30,7:40:30,27630.0,27630.0
22795838,200405025,7,0,0,,7:42:00,7:42:00,27720.0,27720.0
22795838,200405013,8,0,0,,7:45:10,7:45:10,27910.0,27910.0
22795838,200405001,9,0,0,,7:47:50,7:47:50,28070.0,28070.0
22795838,200405036,10,0,0,,7:50:00,7:50:00,28200.0,28200.0
22795838,200415003,11,0,0,,7:52:40,7:52:40,28360.0,28360.0
22795838,200415006,12,0,0,,7:54:10,7:54:10,28450.0,28450.0
22795838,200415012,13,0,0,,7:55:50,7:55:50,28550.0,28550.0
22795838,200415017,14,0,0,,7:57:40,7:57:40,28660.0,28660.0
22795838,200415009,15,0,0,,7:58:50,7:58:50,28730.0,28730.0
22795837,200901024,0,0,0,,7:40:30,7:40:30,27630.0,27630.0
22795837,200403009,1,0,0,,7:42:10,7:42:10,27730.0,27730.0
22795837,200403021,2,0,0,,7:44:10,7:44:10,27850.0,27850.0
22795837,200403018,3,0,0,,7:45:20,7:45:20,27920.0,27920.0
22795837,200403017,4,0,0,,7:46:30,7:46:30,27990.0,27990.0
22795837,200405045,5,0,0,,7:48:00,7:48:00,28080.0,28080.0
22795837,200403020,6,0,0,,7:50:30,7:50:30,28230.0,28230.0
22795837,200405025,7,0,0,,7:52:00,7:52:00,28320.0,28320.0
22795837,200405013,8,0,0,,7:55:10,7:55:10,28510.0,28510.0
22795837,200405001,9,0,0,,7:57:50,7:57:50,28670.0,28670.0
22795837,200405036,10,0,0,,8:00:00,8:00:00,28800.0,28800.0
22795837,200415003,11,0,0,,8:02:40,8:02:40,28960.0,28960.0
22795837,200415006,12,0,0,,8:04:10,8:04:10,29050.0,29050.0
22795837,200415012,13,0,0,,8:05:50,8:05:50,29150.0,29150.0
22795837,200415017,14,0,0,,8:07:40,8:07:40,29260.0,29260.0
22795837,200415009,15,0,0,,8:08:50,8:08:50,29330.0,29330.0
22795836,200901024,0,0,0,,7:50:30,7:50:30,28230.0,28230.0
22795836,200403009,1,0,0,,7:52:10,7:52:10,28330.0,28330.0
22795836,200403021,2,0,0,,7:54:10,7:54:10,28450.0,28450.0
22795836,200403018,3,0,0,,7:55:20,7:55:20,28520.0,28520.0
22795836,200403017,4,0,0,,7:56:30,7:56:30,28590.0,28590.0
22795836,200405045,5,0,0,,7:58:00,7:58:00,28680.0,28680.0
22795836,200403020,6,0,0,,8:00:30,8:00:30,28830.0,28830.0
22795836,200405025,7,0,0,,8:02:00,8:02:00,28920.0,28920.0
22795836,200405013,8,0,0,,8:05:10,8:05:10,29110.0,29110.0
22795836,200405001,9,0,0,,8:07:50,8:07:50,29270.0,29270.0
22795836,200405036,10,0,0,,8:10:00,8:10:00,29400.0,29400.0
22795836,200415003,11,0,0,,8:12:40,8:12:40,29560.0,29560.0
22795836,200415006,12,0,0,,8:14:10,8:14:10,29650.0,29650.0
22795836,200415012,13,0,0,,8:15:50,8:15:50,29750.0,29750.0
22795836,200415017,14,0,0,,8:17:40,8:17:40,29860.0,29860.0
22795836,200415009,15,0,0,,8:18:50,8:18:50,29930.0,29930.0
22795791,200901024,0,0,0,,8:00:30,8:00:30,28830.0,28830.0
22795791,200403009,1,0,0,,8:02:10,8:02:10,28930.0,28930.0
22795791,200403021,2,0,0,,8:04:10,8:04:10,29050.0,29050.0
22795791,200403018,3,0,0,,8:05:20,8:05:20,29120.0,29120.0
22795791,200403017,4,0,0,,8:06:30,8:06:30,29190.0,29190.0
22795791,200405045,5,0,0,,8:08:00,8:08:00,29280.0,29280.0
22795791,200403020,6,0,0,,8:10:30,8:10:30,29430.0,29430.0
22795791,200405025,7,0,0,,8:12:00,8:12:00,29520.0,29520.0
22795791,200405013,8,0,0,,8:15:10,8:15:10,29710.0,29710.0
22795791,200405001,9,0,0,,8:17:50,8:17:50,29870.0,29870.0
22795791,200405036,10,0,0,,8:20:00,8:20:00,30000.0,30000.0
22795791,200415003,11,0,0,,8:22:40,8:22:40,30160.0,30160.0
22795791,200415006,12,0,0,,8:24:10,8:24:10,30250.0,30250.0
22795791,200415012,13,0,0,,8:25:50,8:25:50,30350.0,30350.0
22795791,200415017,14,0,0,,8:27:40,8:27:40,30460.0,30460.0
22795791,200415009,15,0,0,,8:28:50,8:28:50,30530.0,30530.0
22795835,200901024,0,0,0,,8:10:30,8:10:30,29430.0,29430.0
22795835,200403009,1,0,0,,8:12:10,8:12:10,29530.0,29530.0
22795835,200403021,2,0,0,,8:14:10,8:14:10,29650.0,29650.0
22795835,200403018,3,0,0,,8:15:20,8:15:20,29720.0,29720.0
22795835,200403017,4,0,0,,8:16:30,8:16:30,29790.0,29790.0
22795835,200405045,5,0,0,,8:18:00,8:18:00,29880.0,29880.0
22795835,200403020,6,0,0,,8:20:30,8:20:30,30030.0,30030.0
22795835,200405025,7,0,0,,8:22:00,8:22:00,30120.0,30120.0
22795835,200405013,8,0,0,,8:25:10,8:25:10,30310.0,30310.0
22795835,200405001,9,0,0,,8:27:50,8:27:50,30470.0,30470.0
22795835,200405036,10,0,0,,8:30:00,8:30:00,30600.0,30600.0
22795835,200415003,11,0,0,,8:32:40,8:32:40,30760.0,30760.0
22795835,200415006,12,0,0,,8:34:10,8:34:10,30850.0,30850.0
22795835,200415012,13,0,0,,8:35:50,8:35:50,30950.0,30950.0
22795835,200415017,14,0,0,,8:37:40,8:37:40,31060.0,31060.0
22795835,200415009,15,0,0,,8:38:50,8:38:50,31130.0,31130.0
22795790,200901024,0,0,0,,8:20:30,8:20:30,30030.0,30030.0
22795790,200403009,1,0,0,,8:22:10,8:22:10,30130.0,30130.0
22795790,200403021,2,0,0,,8:24:10,8:24:10,30250.0,30250.0
22795790,200403018,3,0,0,,8:25:20,8:25:20,30320.0,30320.0
22795790,200403017,4,0,0,,8:26:30,8:26:30,30390.0,30390.0
22795790,200405045,5,0,0,,8:28:00,8:28:00,30480.0,30480.0
22795790,200403020,6,0,0,,8:30:30,8:30:30,30630.0,30630.0
22795790,200405025,7,0,0,,8:32:00,8:32:00,30720.0,30720.0
22795790,200405013,8,0,0,,8:35:10,8:35:10,30910.0,30910.0
22795790,200405001,9,0,0,,8:37:50,8:37:50,31070.0,31070.0
22795790,200405036,10,0,0,,8:40:00,8:40:00,31200.0,31200.0
22795790,200415003,11,0,0,,8:42:40,8:42:40,31360.0,31360.0
22795790,200415006,12,0,0,,8:44:10,8:44:10,31450.0,31450.0
22795790,200415012,13,0,0,,8:45:50,8:45:50,31550.0,31550.0
22795790,200415017,14,0,0,,8:47:40,8:47:40,31660.0,31660.0
22795790,200415009,15,0,0,,8:48:50,8:48:50,31730.0,31730.0
22795834,200901024,0,0,0,,8:30:30,8:30:30,30630.0,30630.0
22795834,200403009,1,0,0,,8:32:10,8:32:10,30730.0,30730.0
22795834,200403021,2,0,0,,8:34:10,8:34:10,30850.0,30850.0
22795834,200403018,3,0,0,,8:35:20,8:35:20,30920.0,30920.0
22795834,200403017,4,0,0,,8:36:30,8:36:30,30990.0,30990.0
22795834,200405045,5,0,0,,8:38:00,8:38:00,31080.0,31080.0
22795834,200403020,6,0,0,,8:40:30,8:40:30,31230.0,31230.0
22795834,200405025,7,0,0,,8:42:00,8:42:00,31320.0,31320.0
22795834,200405013,8,0,0,,8:45:10,8:45:10,31510.0,31510.0
22795834,200405001,9,0,0,,8:47:50,8:47:50,31670.0,31670.0
22795834,200405036,10,0,0,,8:50:00,8:50:00,31800.0,31800.0
22795834,200415003,11,0,0,,8:52:40,8:52:40,31960.0,31960.0
22795834,200415006,12,0,0,,8:54:10,8:54:10,32050.0,32050.0
22795834,200415012,13,0,0,,8:55:50,8:55:50,32150.0,32150.0
22795834,200415017,14,0,0,,8:57:40,8:57:40,32260.0,32260.0
22795834,200415009,15,0,0,,8:58:50,8:58:50,32330.0,32330.0
22795789,200901024,0,0,0,,8:40:30,8:40:30,31230.0,31230.0
22795789,200403009,1,0,0,,8:42:10,8:42:10,31330.0,31330.0
22795789,200403021,2,0,0,,8:44:10,8:44:10,31450.0,31450.0
22795789,200403018,3,0,0,,8:45:20,8:45:20,31520.0,31520.0
22795789,200403017,4,0,0,,8:46:30,8:46:30,31590.0,31590.0
22795789,200405045,5,0,0,,8:48:00,8:48:00,31680.0,31680.0
22795789,200403020,6,0,0,,8:50:30,8:50:30,31830.0,31830.0
22795789,200405025,7,0,0,,8:52:00,8:52:00,31920.0,31920.0
22795789,200405013,8,0,0,,8:55:10,8:55:10,32110.0,32110.0
22795789,200405001,9,0,0,,8:57:50,8:57:50,32270.0,32270.0
22795789,200405036,10,0,0,,9:00:00,9:00:00,32400.0,32400.0
22795833,200901024,0,0,0,,8:50:30,8:50:30,31830.0,31830.0
22795833,200403009,1,0,0,,8:52:10,8:52:10,31930.0,31930.0
22795833,200403021,2,0,0,,8:54:10,8:54:10,32050.0,32050.0
22795833,200403018,3,0,0,,8:55:20,8:55:20,32120.0,32120.0
22795833,200403017,4,0,0,,8:56:30,8:56:30,32190.0,32190.0
22795833,200405045,5,0,0,,8:58:00,8:58:00,32280.0,32280.0
22792622,200417013,21,0,0,,7:00:00,7:00:00,25200.0,25200.0
22792622,200417002,22,0,0,,7:01:00,7:01:00,25260.0,25260.0
22792622,200417036,23,0,0,,7:02:20,7:02:20,25340.0,25340.0
22792622,200417004,24,0,0,,7:03:20,7:03:20,25400.0,25400.0
22792622,200417015,25,0,0,,7:05:30,7:05:30,25530.0,25530.0
22792622,200417040,26,0,0,,7:08:20,7:08:20,25700.0,25700.0
22792622,200417023,27,0,0,,7:09:40,7:09:40,25780.0,25780.0
22792621,200405020,14,0,0,,7:02:00,7:02:00,25320.0,25320.0
22792621,200405014,15,0,0,,7:04:40,7:04:40,25480.0,25480.0
22792621,200417047,16,0,0,,7:07:00,7:07:00,25620.0,25620.0
22792621,200417007,17,0,0,,7:09:30,7:09:30,25770.0,25770.0
22792621,200417016,18,0,0,,7:11:20,7:11:20,25880.0,25880.0
22792621,200417005,19,0,0,,7:12:40,7:12:40,25960.0,25960.0
22792621,200417019,20,0,0,,7:14:30,7:14:30,26070.0,26070.0
22792621,200417013,21,0,0,,7:15:00,7:15:00,26100.0,26100.0
22792621,200417002,22,0,0,,7:16:00,7:16:00,26160.0,26160.0
22792621,200417036,23,0,0,,7:17:20,7:17:20,26240.0,26240.0
22792621,200417004,24,0,0,,7:18:20,7:18:20,26300.0,26300.0
22792621,200417015,25,0,0,,7:20:30,7:20:30,26430.0,26430.0
22792621,200417040,26,0,0,,7:23:20,7:23:20,26600.0,26600.0
22792621,200417023,27,0,0,,7:24:40,7:24:40,26680.0,26680.0
22792620,200410003,1,0,0,,7:01:00,7:01:00,25260.0,25260.0
22792620,200421003,2,0,0,,7:02:40,7:02:40,25360.0,25360.0
22792620,200421006,3,0,0,,7:03:40,7:03:40,25420.0,25420.0
22792620,200421004,4,0,0,,7:04:30,7:04:30,25470.0,25470.0
22792620,200425012,5,0,0,,7:05:10,7:05:10,25510.0,25510.0
22792620,200425006,6,0,0,,7:06:20,7:06:20,25580.0,25580.0
22792620,200425011,7,0,0,,7:07:20,7:07:20,25640.0,25640.0
22792620,200425010,8,0,0,,7:08:30,7:08:30,25710.0,25710.0
22792620,200425004,9,0,0,,7:09:10,7:09:10,25750.0,25750.0
22792620,200425003,10,0,0,,7:09:40,7:09:40,25780.0,25780.0
22792620,200425005,11,0,0,,7:10:20,7:10:20,25820.0,25820.0
22792620,200405045,12,0,0,,7:11:50,7:11:50,25910.0,25910.0
22792620,200403020,13,0,0,,7:14:20,7:14:20,26060.0,26060.0
22792620,200405020,14,0,0,,7:17:00,7:17:00,26220.0,26220.0
22792620,200405014,15,0,0,,7:19:40,7:19:40,26380.0,26380.0
22792620,200417047,16,0,0,,7:22:00,7:22:00,26520.0,26520.0
22792620,200417007,17,0,0,,7:24:30,7:24:30,26670.0,26670.0
22792620,200417016,18,0,0,,7:26:20,7:26:20,26780.0,26780.0
22792620,200417005,19,0,0,,7:27:40,7:27:40,26860.0,26860.0
22792620,200417019,20,0,0,,7:29:30,7:29:30,26970.0,26970.0
22792620,200417013,21,0,0,,7:30:00,7:30:00,27000.0,27000.0
22792620,200417002,22,0,0,,7:31:00,7:31:00,27060.0,27060.0
22792620,200417036,23,0,0,,7:32:20,7:32:20,27140.0,27140.0
22792620,200417004,24,0,0,,7:33:20,7:33:20,27200.0,27200.0
22792620,200417015,25,0,0,,7:35:30,7:35:30,27330.0,27330.0
22792620,200417040,26,0,0,,7:38:20,7:38:20,27500.0,27500.0
22792620,200417023,27,0,0,,7:39:40,7:39:40,27580.0,27580.0
22792619,200410001,0,0,0,,7:14:10,7:14:10,26050.0,26050.0
22792619,200410003,1,0,0,,7:16:00,7:16:00,26160.0,26160.0
22792619,200421003,2,0,0,,7:17:40,7:17:40,26260.0,26260.0
22792619,200421006,3,0,0,,7:18:40,7:18:40,26320.0,26320.0
22792619,200421004,4,0,0,,7:19:30,7:19:30,26370.0,26370.0
22792619,200425012,5,0,0,,7:20:10,7:20:10,26410.0,26410.0
22792619,200425006,6,0,0,,7:21:20,7:21:20,26480.0,26480.0
22792619,200425011,7,0,0,,7:22:20,7:22:20,26540.0,26540.0
22792619,200425010,8,0,0,,7:23:30,7:23:30,26610.0,26610.0
22792619,200425004,9,0,0,,7:24:10,7:24:10,26650.0,26650.0
22792619,200425003,10,0,0,,7:24:40,7:24:40,26680.0,26680.0
22792619,200425005,11,0,0,,7:25:20,7:25:20,26720.0,26720.0
22792619,200405045,12,0,0,,7:26:50,7:26:50,26810.0,26810.0
22792619,200403020,13,0,0,,7:29:20,7:29:20,26960.0,26960.0
22792619,200405020,14,0,0,,7:32:00,7:32:00,27120.0,27120.0
22792619,200405014,15,0,0,,7:34:40,7:34:40,27280.0,27280.0
22792619,200417047,16,0,0,,7:37:00,7:37:00,27420.0,27420.0
22792619,200417007,17,0,0,,7:39:30,7:39:30,27570.0,27570.0
22792619,200417016,18,0,0,,7:41:20,7:41:20,27680.0,27680.0
22792619,200417005,19,0,0,,7:42:40,7:42:40,27760.0,27760.0
22792619,200417019,20,0,0,,7:44:30,7:44:30,27870.0,27870.0
22792619,200417013,21,0,0,,7:45:00,7:45:00,27900.0,27900.0
22792619,200417002,22,0,0,,7:46:00,7:46:00,27960.0,27960.0
22792619,200417036,23,0,0,,7:47:20,7:47:20,28040.0,28040.0
22792619,200417004,24,0,0,,7:48:20,7:48:20,28100.0,28100.0
22792619,200417015,25,0,0,,7:50:30,7:50:30,28230.0,28230.0
22792619,200417040,26,0,0,,7:53:20,7:53:20,28400.0,28400.0
22792619,200417023,27,0,0,,7:54:40,7:54:40,28480.0,28480.0
22792618,200410001,0,0,0,,7:29:10,7:29:10,26950.0,26950.0
22792618,200410003,1,0,0,,7:31:00,7:31:00,27060.0,27060.0
22792618,200421003,2,0,0,,7:32:40,7:32:40,27160.0,27160.0
22792618,200421006,3,0,0,,7:33:40,7:33:40,27220.0,27220.0
22792618,200421004,4,0,0,,7:34:30,7:34:30,27270.0,27270.0
22792618,200425012,5,0,0,,7:35:10,7:35:10,27310.0,27310.0
22792618,200425006,6,0,0,,7:36:20,7:36:20,27380.0,27380.0
22792618,200425011,7,0,0,,7:37:20,7:37:20,27440.0,27440.0
22792618,200425010,8,0,0,,7:38:30,7:38:30,27510.0,27510.0
22792618,200425004,9,0,0,,7:39:10,7:39:10,27550.0,27550.0
22792618,200425003,10,0,0,,7:39:40,7:39:40,27580.0,27580.0
22792618,200425005,11,0,0,,7:40:20,7:40:20,27620.0,27620.0
22792618,200405045,12,0,0,,7:41:50,7:41:50,27710.0,27710.0
22792618,200403020,13,0,0,,7:44:20,7:44:20,27860.0,27860.0
22792618,200405020,14,0,0,,7:47:00,7:47:00,28020.0,28020.0
22792618,200405014,15,0,0,,7:49:40,7:49:40,28180.0,28180.0
22792618,200417047,16,0,0,,7:52:00,7:52:00,28320.0,28320.0
22792618,200417007,17,0,0,,7:54:30,7:54:30,28470.0,28470.0
22792618,200417016,18,0,0,,7:56:20,7:56:20,28580.0,28580.0
22792618,200417005,19,0,0,,7:57:40,7:57:40,28660.0,28660.0
22792618,200417019,20,0,0,,7:59:30,7:59:30,28770.0,28770.0
22792618,200417013,21,0,0,,8:00:00,8:00:00,28800.0,28800.0
22792618,200417002,22,0,0,,8:01:00,8:01:00,28860.0,28860.0
22792618,200417036,23,0,0,,8:02:20,8:02:20,28940.0,28940.0
22792618,200417004,24,0,0,,8:03:20,8:03:20,29000.0,29000.0
22792618,200417015,25,0,0,,8:05:30,8:05:30,29130.0,29130.0
22792618,200417040,26,0,0,,8:08:20,8:08:20,29300.0,29300.0
22792618,200417023,27,0,0,,8:09:40,8:09:40,29380.0,29380.0
22792617,200410001,0,0,0,,7:44:10,7:44:10,27850.0,27850.0
22792617,200410003,1,0,0,,7:46:00,7:46:00,27960.0,27960.0
22792617,200421003,2,0,0,,7:47:40,7:47:40,28060.0,28060.0
22792617,200421006,3,0,0,,7:48:40,7:48:40,28120.0,28120.0
22792617,200421004,4,0,0,,7:49:30,7:49:30,28170.0,28170.0
22792617,200425012,5,0,0,,7:50:10,7:50:10,28210.0,28210.0
22792617,200425006,6,0,0,,7:51:20,7:51:20,28280.0,28280.0
22792617,200425011,7,0,0,,7:52:20,7:52:20,28340.0,28340.0
22792617,200425010,8,0,0,,7:53:30,7:53:30,28410.0,28410.0
22792617,200425004,9,0,0,,7:54:10,7:54:10,28450.0,28450.0
22792617,200425003,10,0,0,,7:54:40,7:54:40,28480.0,28480.0
22792617,200425005,11,0,0,,7:55:20,7:55:20,28520.0,28520.0
22792617,200405045,12,0,0,,7:56:50,7:56:50,28610.0,28610.0
22792617,200403020,13,0,0,,7:59:20,7:59:20,28760.0,28760.0
22792617,200405020,14,0,0,,8:02:00,8:02:00,28920.0,28920.0
22792617,200405014,15,0,0,,8:04:40,8:04:40,29080.0,29080.0
22792617,200417047,16,0,0,,8:07:00,8:07:00,29220.0,29220.0
22792617,200417007,17,0,0,,8:09:30,8:09:30,29370.0,29370.0
22792617,200417016,18,0,0,,8:11:20,8:11:20,29480.0,29480.0
22792617,200417005,19,0,0,,8:12:40,8:12:40,29560.0,29560.0
22792617,200417019,20,0,0,,8:14:30,8:14:30,29670.0,29670.0
22792617,200417013,21,0,0,,8:15:00,8:15:00,29700.0,29700.0
22792617,200417002,22,0,0,,8:16:00,8:16:00,29760.0,29760.0
22792617,200417036,23,0,0,,8:17:20,8:17:20,29840.0,29840.0
22792617,200417004,24,0,0,,8:18:20,8:18:20,29900.0,29900.0
22792617,200417015,25,0,0,,8:20:30,8:20:30,30030.0,30030.0
22792617,200417040,26,0,0,,8:23:20,8:23:20,30200.0,30200.0
22792617,200417023,27,0,0,,8:24:40,8:24:40,30280.0,30280.0
22792616,200410001,0,0,0,,7:59:10,7:59:10,28750.0,28750.0
22792616,200410003,1,0,0,,8:01:00,8:01:00,28860.0,28860.0
22792616,200421003,2,0,0,,8:02:40,8:02:40,28960.0,28960.0
22792616,200421006,3,0,0,,8:03:40,8:03:40,29020.0,29020.0
22792616,200421004,4,0,0,,8:04:30,8:04:30,29070.0,29070.0
22792616,200425012,5,0,0,,8:05:10,8:05:10,29110.0,29110.0
22792616,200425006,6,0,0,,8:06:20,8:06:20,29180.0,29180.0
22792616,200425011,7,0,0,,8:07:20,8:07:20,29240.0,29240.0
22792616,200425010,8,0,0,,8:08:30,8:08:30,29310.0,29310.0
22792616,200425004,9,0,0,,8:09:10,8:09:10,29350.0,29350.0
22792616,200425003,10,0,0,,8:09:40,8:09:40,29380.0,29380.0
22792616,200425005,11,0,0,,8:10:20,8:10:20,29420.0,29420.0
22792616,200405045,12,0,0,,8:11:50,8:11:50,29510.0,29510.0
22792616,200403020,13,0,0,,8:14:20,8:14:20,29660.0,29660.0
22792616,200405020,14,0,0,,8:17:00,8:17:00,29820.0,29820.0
22792616,200405014,15,0,0,,8:19:40,8:19:40,29980.0,29980.0
22792616,200417047,16,0,0,,8:22:00,8:22:00,30120.0,30120.0
22792616,200417007,17,0,0,,8:24:30,8:24:30,30270.0,30270.0
22792616,200417016,18,0,0,,8:26:20,8:26:20,30380.0,30380.0
22792616,200417005,19,0,0,,8:27:40,8:27:40,30460.0,30460.0
22792616,200417019,20,0,0,,8:29:30,8:29:30,30570.0,30570.0
22792616,200417013,21,0,0,,8:30:00,8:30:00,30600.0,30600.0
22792616,200417002,22,0,0,,8:31:00,8:31:00,30660.0,30660.0
22792616,200417036,23,0,0,,8:32:20,8:32:20,30740.0,30740.0
22792616,200417004,24,0,0,,8:33:20,8:33:20,30800.0,30800.0
22792616,200417015,25,0,0,,8:35:30,8:35:30,30930.0,30930.0
22792616,200417040,26,0,0,,8:38:20,8:38:20,31100.0,31100.0
22792616,200417023,27,0,0,,8:39:40,8:39:40,31180.0,31180.0
22792615,200410001,0,0,0,,8:14:10,8:14:10,29650.0,29650.0
22792615,200410003,1,0,0,,8:16:00,8:16:00,29760.0,29760.0
22792615,200421003,2,0,0,,8:17:40,8:17:40,29860.0,29860.0
22792615,200421006,3,0,0,,8:18:40,8:18:40,29920.0,29920.0
22792615,200421004,4,0,0,,8:19:30,8:19:30,29970.0,29970.0
22792615,200425012,5,0,0,,8:20:10,8:20:10,30010.0,30010.0
22792615,200425006,6,0,0,,8:21:20,8:21:20,30080.0,30080.0
22792615,200425011,7,0,0,,8:22:20,8:22:20,30140.0,30140.0
22792615,200425010,8,0,0,,8:23:30,8:23:30,30210.0,30210.0
22792615,200425004,9,0,0,,8:24:10,8:24:10,30250.0,30250.0
22792615,200425003,10,0,0,,8:24:40,8:24:40,30280.0,30280.0
22792615,200425005,11,0,0,,8:25:20,8:25:20,30320.0,30320.0
22792615,200405045,12,0,0,,8:26:50,8:26:50,30410.0,30410.0
22792615,200403020,13,0,0,,8:29:20,8:29:20,30560.0,30560.0
22792615,200405020,14,0,0,,8:32:00,8:32:00,30720.0,30720.0
22792615,200405014,15,0,0,,8:34:40,8:34:40,30880.0,30880.0
22792615,200417047,16,0,0,,8:37:00,8:37:00,31020.0,31020.0
22792615,200417007,17,0,0,,8:39:30,8:39:30,31170.0,31170.0
22792615,200417016,18,0,0,,8:41:20,8:41:20,31280.0,31280.0
22792615,200417005,19,0,0,,8:42:40,8:42:40,31360.0,31360.0
22792615,200417019,20,0,0,,8:44:30,8:44:30,31470.0,31470.0
22792615,200417013,21,0,0,,8:45:00,8:45:00,31500.0,31500.0
22792615,200417002,22,0,0,,8:46:00,8:46:00,31560.0,31560.0
22792615,200417036,23,0,0,,8:47:20,8:47:20,31640.0,31640.0
22792615,200417004,24,0,0,,8:48:20,8:48:20,31700.0,31700.0
22792615,200417015,25,0,0,,8:50:30,8:50:30,31830.0,31830.0
22792615,200417040,26,0,0,,8:53:20,8:53:20,32000.0,32000.0
22792615,200417023,27,0,0,,8:54:40,8:54:40,32080.0,32080.0
22792614,200410001,0,0,0,,8:29:10,8:29:10,30550.0,30550.0
22792614,200410003,1,0,0,,8:31:00,8:31:00,30660.0,30660.0
22792614,200421003,2,0,0,,8:32:40,8:32:40,30760.0,30760.0
22792614,200421006,3,0,0,,8:33:40,8:33:40,30820.0,30820.0
22792614,200421004,4,0,0,,8:34:30,8:34:30,30870.0,30870.0
22792614,200425012,5,0,0,,8:35:10,8:35:10,30910.0,30910.0
22792614,200425006,6,0,0,,8:36:20,8:36:20,30980.0,30980.0
22792614,200425011,7,0,0,,8:37:20,8:37:20,31040.0,31040.0
22792614,200425010,8,0,0,,8:38:30,8:38:30,31110.0,31110.0
22792614,200425004,9,0,0,,8:39:10,8:39:10,31150.0,31150.0
22792614,200425003,10,0,0,,8:39:40,8:39:40,31180.0,31180.0
22792614,200425005,11,0,0,,8:40:20,8:40:20,31220.0,31220.0
22792614,200405045,12,0,0,,8:41:50,8:41:50,31310.0,31310.0
22792614,200403020,13,0,0,,8:44:20,8:44:20,31460.0,31460.0
22792614,200405020,14,0,0,,8:47:00,8:47:00,31620.0,31620.0
22792614,200405014,15,0,0,,8:49:40,8:49:40,31780.0,31780.0
22792614,200417047,16,0,0,,8:52:00,8:52:00,31920.0,31920.0
22792614,200417007,17,0,0,,8:54:30,8:54:30,32070.0,32070.0
22792614,200417016,18,0,0,,8:56:20,8:56:20,32180.0,32180.0
22792614,200417005,19,0,0,,8:57:40,8:57:40,32260.0,32260.0
22792614,200417019,20,0,0,,8:59:30,8:59:30,32370.0,32370.0
22792614,200417013,21,0,0,,9:00:00,9:00:00,32400.0,32400.0
22792613,200410001,0,0,0,,8:44:10,8:44:10,31450.0,31450.0
22792613,200410003,1,0,0,,8:46:00,8:46:00,31560.0,31560.0
22792613,200421003,2,0,0,,8:47:40,8:47:40,31660.0,31660.0
22792613,200421006,3,0,0,,8:48:40,8:48:40,31720.0,31720.0
22792613,200421004,4,0,0,,8:49:30,8:49:30,31770.0,31770.0
22792613,200425012,5,0,0,,8:50:10,8:50:10,31810.0,31810.0
22792613,200425006,6,0,0,,8:51:20,8:51:20,31880.0,31880.0
22792613,200425011,7,0,0,,8:52:20,8:52:20,31940.0,31940.0
22792613,200425010,8,0,0,,8:53:30,8:53:30,32010.0,32010.0
22792613,200425004,9,0,0,,8:54:10,8:54:10,32050.0,32050.0
22792613,200425003,10,0,0,,8:54:40,8:54:40,32080.0,32080.0
22792613,200425005,11,0,0,,8:55:20,8:55:20,32120.0,32120.0
22792613,200405045,12,0,0,,8:56:50,8:56:50,32210.0,32210.0
22792613,200403020,13,0,0,,8:59:20,8:59:20,32360.0,32360.0
22792612,200410001,0,0,0,,8:59:10,8:59:10,32350.0,32350.0
22789340,200415016,0,0,0,,8:56:10,8:56:10,32170.0,32170.0
22789340,200420009,1,0,0,,8:58:40,8:58:40,32320.0,32320.0
22789340,200420002,2,0,0,,8:59:40,8:59:40,32380.0,32380.0
22789360,221107004,19,0,0,,7:01:50,7:01:50,25310.0,25310.0
22789360,221107006,20,0,0,,7:03:00,7:03:00,25380.0,25380.0
22789360,221107007,21,0,0,,7:03:50,7:03:50,25430.0,25430.0
22789358,200415003,8,0,0,,7:00:40,7:00:40,25240.0,25240.0
22789358,200405036,9,0,0,,7:04:00,7:04:00,25440.0,25440.0
22789358,200405039,10,0,0,,7:06:30,7:06:30,25590.0,25590.0
22789358,200405046,11,0,0,,7:08:50,7:08:50,25730.0,25730.0
22789358,200412025,12,0,0,,7:12:40,7:12:40,25960.0,25960.0
22789358,200412024,13,0,0,,7:14:50,7:14:50,26090.0,26090.0
22789358,200412023,14,0,0,,7:15:30,7:15:30,26130.0,26130.0
22789358,200412004,15,0,0,,7:16:20,7:16:20,26180.0,26180.0
22789358,200412018,16,0,0,,7:17:50,7:17:50,26270.0,26270.0
22789358,200412031,17,0,0,,7:18:30,7:18:30,26310.0,26310.0
22789358,200418001,18,0,0,,7:19:50,7:19:50,26390.0,26390.0
22789358,221107004,19,0,0,,7:21:50,7:21:50,26510.0,26510.0
22789358,221107006,20,0,0,,7:23:00,7:23:00,26580.0,26580.0
22789358,221107007,21,0,0,,7:23:50,7:23:50,26630.0,26630.0
22789357,200415016,0,0,0,,7:06:10,7:06:10,25570.0,25570.0
22789357,200420009,1,0,0,,7:08:40,7:08:40,25720.0,25720.0
22789357,200420002,2,0,0,,7:09:40,7:09:40,25780.0,25780.0
22789357,200420008,3,0,0,,7:11:30,7:11:30,25890.0,25890.0
22789357,200420011,4,0,0,,7:12:30,7:12:30,25950.0,25950.0
22789357,200403013,5,0,0,,7:13:50,7:13:50,26030.0,26030.0
22789357,200420001,6,0,0,,7:15:10,7:15:10,26110.0,26110.0
22789357,200415006,7,0,0,,7:19:00,7:19:00,26340.0,26340.0
22789357,200415003,8,0,0,,7:20:40,7:20:40,26440.0,26440.0
22789357,200405036,9,0,0,,7:24:00,7:24:00,26640.0,26640.0
22789357,200405039,10,0,0,,7:26:30,7:26:30,26790.0,26790.0
22789357,200405046,11,0,0,,7:28:50,7:28:50,26930.0,26930.0
22789357,200412025,12,0,0,,7:32:40,7:32:40,27160.0,27160.0
22789357,200412024,13,0,0,,7:34:50,7:34:50,27290.0,27290.0
22789357,200412023,14,0,0,,7:35:30,7:35:30,27330.0,27330.0
22789357,200412004,15,0,0,,7:36:20,7:36:20,27380.0,27380.0
22789357,200412018,16,0,0,,7:37:50,7:37:50,27470.0,27470.0
22789357,200412031,17,0,0,,7:38:30,7:38:30,27510.0,27510.0
22789357,200418001,18,0,0,,7:39:50,7:39:50,27590.0,27590.0
22789357,221107004,19,0,0,,7:41:50,7:41:50,27710.0,27710.0
22789357,221107006,20,0,0,,7:43:00,7:43:00,27780.0,27780.0
22789357,221107007,21,0,0,,7:43:50,7:43:50,27830.0,27830.0
22789356,200415016,0,0,0,,7:26:10,7:26:10,26770.0,26770.0
22789356,200420009,1,0,0,,7:28:40,7:28:40,26920.0,26920.0
22789356,200420002,2,0,0,,7:29:40,7:29:40,26980.0,26980.0
22789356,200420008,3,0,0,,7:31:30,7:31:30,27090.0,27090.0
22789356,200420011,4,0,0,,7:32:30,7:32:30,27150.0,27150.0
22789356,200403013,5,0,0,,7:33:50,7:33:50,27230.0,27230.0
22789356,200420001,6,0,0,,7:35:10,7:35:10,27310.0,27310.0
22789356,200415006,7,0,0,,7:39:00,7:39:00,27540.0,27540.0
22789356,200415003,8,0,0,,7:40:40,7:40:40,27640.0,27640.0
22789356,200405036,9,0,0,,7:44:00,7:44:00,27840.0,27840.0
22789356,200405039,10,0,0,,7:46:30,7:46:30,27990.0,27990.0
22789356,200405046,11,0,0,,7:48:50,7:48:50,28130.0,28130.0
22789356,200412025,12,0,0,,7:52:40,7:52:40,28360.0,28360.0
22789356,200412024,13,0,0,,7:54:50,7:54:50,28490.0,28490.0
22789356,200412023,14,0,0,,7:55:30,7:55:30,28530.0,28530.0
22789356,200412004,15,0,0,,7:56:20,7:56:20,28580.0,28580.0
22789356,200412018,16,0,0,,7:57:50,7:57:50,28670.0,28670.0
22789356,200412031,17,0,0,,7:58:30,7:58:30,28710.0,28710.0
22789356,200418001,18,0,0,,7:59:50,7:59:50,28790.0,28790.0
22789356,221107004,19,0,0,,8:01:50,8:01:50,28910.0,28910.0
22789356,221107006,20,0,0,,8:03:00,8:03:00,28980.0,28980.0
22789356,221107007,21,0,0,,8:03:50,8:03:50,29030.0,29030.0
22789355,200415016,0,0,0,,7:46:10,7:46:10,27970.0,27970.0
22789355,200420009,1,0,0,,7:48:40,7:48:40,28120.0,28120.0
22789355,200420002,2,0,0,,7:49:40,7:49:40,28180.0,28180.0
22789355,200420008,3,0,0,,7:51:30,7:51:30,28290.0,28290.0
22789355,200420011,4,0,0,,7:52:30,7:52:30,28350.0,28350.0
22789355,200403013,5,0,0,,7:53:50,7:53:50,28430.0,28430.0
22789355,200420001,6,0,0,,7:55:10,7:55:10,28510.0,28510.0
22789355,200415006,7,0,0,,7:59:00,7:59:00,28740.0,28740.0
22789355,200415003,8,0,0,,8:00:40,8:00:40,28840.0,28840.0
22789355,200405036,9,0,0,,8:04:00,8:04:00,29040.0,29040.0
22789355,200405039,10,0,0,,8:06:30,8:06:30,29190.0,29190.0
22789355,200405046,11,0,0,,8:08:50,8:08:50,29330.0,29330.0
22789355,200412025,12,0,0,,8:12:40,8:12:40,29560.0,29560.0
22789355,200412024,13,0,0,,8:14:50,8:14:50,29690.0,29690.0
22789355,200412023,14,0,0,,8:15:30,8:15:30,29730.0,29730.0
22789355,200412004,15,0,0,,8:16:20,8:16:20,29780.0,29780.0
22789355,200412018,16,0,0,,8:17:50,8:17:50,29870.0,29870.0
22789355,200412031,17,0,0,,8:18:30,8:18:30,29910.0,29910.0
22789355,200418001,18,0,0,,8:19:50,8:19:50,29990.0,29990.0
22789355,221107004,19,0,0,,8:21:50,8:21:50,30110.0,30110.0
22789355,221107006,20,0,0,,8:23:00,8:23:00,30180.0,30180.0
22789355,221107007,21,0,0,,8:23:50,8:23:50,30230.0,30230.0
22789354,200415016,0,0,0,,8:06:10,8:06:10,29170.0,29170.0
22789354,200420009,1,0,0,,8:08:40,8:08:40,29320.0,29320.0
22789354,200420002,2,0,0,,8:09:40,8:09:40,29380.0,29380.0
22789354,200420008,3,0,0,,8:11:30,8:11:30,29490.0,29490.0
22789354,200420011,4,0,0,,8:12:30,8:12:30,29550.0,29550.0
22789354,200403013,5,0,0,,8:13:50,8:13:50,29630.0,29630.0
22789354,200420001,6,0,0,,8:15:10,8:15:10,29710.0,29710.0
22789354,200415006,7,0,0,,8:19:00,8:19:00,29940.0,29940.0
22789354,200415003,8,0,0,,8:20:40,8:20:40,30040.0,30040.0
22789354,200405036,9,0,0,,8:24:00,8:24:00,30240.0,30240.0
22789354,200405039,10,0,0,,8:26:30,8:26:30,30390.0,30390.0
22789354,200405046,11,0,0,,8:28:50,8:28:50,30530.0,30530.0
22789354,200412025,12,0,0,,8:32:40,8:32:40,30760.0,30760.0
22789354,200412024,13,0,0,,8:34:50,8:34:50,30890.0,30890.0
22789354,200412023,14,0,0,,8:35:30,8:35:30,30930.0,30930.0
22789354,200412004,15,0,0,,8:36:20,8:36:20,30980.0,30980.0
22789354,200412018,16,0,0,,8:37:50,8:37:50,31070.0,31070.0
22789354,200412031,17,0,0,,8:38:30,8:38:30,31110.0,31110.0
22789354,200418001,18,0,0,,8:39:50,8:39:50,31190.0,31190.0
22789354,221107004,19,0,0,,8:41:50,8:41:50,31310.0,31310.0
22789354,221107006,20,0,0,,8:43:00,8:43:00,31380.0,31380.0
22789354,221107007,21,0,0,,8:43:50,8:43:50,31430.0,31430.0
22789353,200415016,0,0,0,,8:21:10,8:21:10,30070.0,30070.0
22789353,200420009,1,0,0,,8:23:40,8:23:40,30220.0,30220.0
22789353,200420002,2,0,0,,8:24:40,8:24:40,30280.0,30280.0
22789353,200420008,3,0,0,,8:26:30,8:26:30,30390.0,30390.0
22789353,200420011,4,0,0,,8:27:30,8:27:30,30450.0,30450.0
22789353,200403013,5,0,0,,8:28:50,8:28:50,30530.0,30530.0
22789353,200420001,6,0,0,,8:30:10,8:30:10,30610.0,30610.0
22789353,200415006,7,0,0,,8:34:00,8:34:00,30840.0,30840.0
22789353,200415003,8,0,0,,8:35:40,8:35:40,30940.0,30940.0
22789353,200405036,9,0,0,,8:39:00,8:39:00,31140.0,31140.0
22789353,200405039,10,0,0,,8:41:30,8:41:30,31290.0,31290.0
22789353,200405046,11,0,0,,8:43:50,8:43:50,31430.0,31430.0
22789353,200412025,12,0,0,,8:47:40,8:47:40,31660.0,31660.0
22789353,200412024,13,0,0,,8:49:50,8:49:50,31790.0,31790.0
22789353,200412023,14,0,0,,8:50:30,8:50:30,31830.0,31830.0
22789353,200412004,15,0,0,,8:51:20,8:51:20,31880.0,31880.0
22789353,200412018,16,0,0,,8:52:50,8:52:50,31970.0,31970.0
22789353,200412031,17,0,0,,8:53:30,8:53:30,32010.0,32010.0
22789353,200418001,18,0,0,,8:54:50,8:54:50,32090.0,32090.0
22789353,221107004,19,0,0,,8:56:50,8:56:50,32210.0,32210.0
22789353,221107006,20,0,0,,8:58:00,8:58:00,32280.0,32280.0
22789353,221107007,21,0,0,,8:58:50,8:58:50,32330.0,32330.0
22789352,200415016,0,0,0,,8:36:10,8:36:10,30970.0,30970.0
22789352,200420009,1,0,0,,8:38:40,8:38:40,31120.0,31120.0
22789352,200420002,2,0,0,,8:39:40,8:39:40,31180.0,31180.0
22789352,200420008,3,0,0,,8:41:30,8:41:30,31290.0,31290.0
22789352,200420011,4,0,0,,8:42:30,8:42:30,31350.0,31350.0
22789352,200403013,5,0,0,,8:43:50,8:43:50,31430.0,31430.0
22789352,200420001,6,0,0,,8:45:10,8:45:10,31510.0,31510.0
22789352,200415006,7,0,0,,8:49:00,8:49:00,31740.0,31740.0
22789352,200415003,8,0,0,,8:50:40,8:50:40,31840.0,31840.0
22789352,200405036,9,0,0,,8:54:00,8:54:00,32040.0,32040.0
22789352,200405039,10,0,0,,8:56:30,8:56:30,32190.0,32190.0
22789352,200405046,11,0,0,,8:58:50,8:58:50,32330.0,32330.0
22789311,200415012,15,0,0,,7:00:50,7:00:50,25250.0,25250.0
22789311,200420001,16,0,0,,7:02:50,7:02:50,25370.0,25370.0
22789311,200403013,17,0,0,,7:04:30,7:04:30,25470.0,25470.0
22789311,200420011,18,0,0,,7:05:40,7:05:40,25540.0,25540.0
22789311,200420008,19,0,0,,7:06:40,7:06:40,25600.0,25600.0
22789311,200420002,20,0,0,,7:07:10,7:07:10,25630.0,25630.0
22789311,200420009,21,0,0,,7:08:40,7:08:40,25720.0,25720.0
22789310,200412004,6,0,0,,7:01:00,7:01:00,25260.0,25260.0
22789310,200412023,7,0,0,,7:02:30,7:02:30,25350.0,25350.0
22789310,200412024,8,0,0,,7:03:30,7:03:30,25410.0,25410.0
22789310,200412025,9,0,0,,7:05:50,7:05:50,25550.0,25550.0
22789310,200405046,10,0,0,,7:10:40,7:10:40,25840.0,25840.0
22789310,200405039,11,0,0,,7:12:10,7:12:10,25930.0,25930.0
22789310,200405036,12,0,0,,7:15:00,7:15:00,26100.0,26100.0
22789310,200415003,13,0,0,,7:17:40,7:17:40,26260.0,26260.0
22789310,200415006,14,0,0,,7:19:10,7:19:10,26350.0,26350.0
22789310,200415012,15,0,0,,7:20:50,7:20:50,26450.0,26450.0
22789310,200420001,16,0,0,,7:22:50,7:22:50,26570.0,26570.0
22789310,200403013,17,0,0,,7:24:30,7:24:30,26670.0,26670.0
22789310,200420011,18,0,0,,7:25:40,7:25:40,26740.0,26740.0
22789310,200420008,19,0,0,,7:26:40,7:26:40,26800.0,26800.0
22789310,200420002,20,0,0,,7:27:10,7:27:10,26830.0,26830.0
22789310,200420009,21,0,0,,7:28:40,7:28:40,26920.0,26920.0
22789309,221107007,0,0,0,,7:11:50,7:11:50,25910.0,25910.0
22789309,221107006,1,0,0,,7:13:40,7:13:40,26020.0,26020.0
22789309,221107004,2,0,0,,7:15:20,7:15:20,26120.0,26120.0
22789309,200418001,3,0,0,,7:17:30,7:17:30,26250.0,26250.0
22789309,200412031,4,0,0,,7:19:00,7:19:00,26340.0,26340.0
22789309,200412018,5,0,0,,7:19:50,7:19:50,26390.0,26390.0
22789309,200412004,6,0,0,,7:21:00,7:21:00,26460.0,26460.0
22789309,200412023,7,0,0,,7:22:30,7:22:30,26550.0,26550.0
22789309,200412024,8,0,0,,7:23:30,7:23:30,26610.0,26610.0
22789309,200412025,9,0,0,,7:25:50,7:25:50,26750.0,26750.0
22789309,200405046,10,0,0,,7:30:40,7:30:40,27040.0,27040.0
22789309,200405039,11,0,0,,7:32:10,7:32:10,27130.0,27130.0
22789309,200405036,12,0,0,,7:35:00,7:35:00,27300.0,27300.0
22789309,200415003,13,0,0,,7:37:40,7:37:40,27460.0,27460.0
22789309,200415006,14,0,0,,7:39:10,7:39:10,27550.0,27550.0
22789309,200415012,15,0,0,,7:40:50,7:40:50,27650.0,27650.0
22789309,200420001,16,0,0,,7:42:50,7:42:50,27770.0,27770.0
22789309,200403013,17,0,0,,7:44:30,7:44:30,27870.0,27870.0
22789309,200420011,18,0,0,,7:45:40,7:45:40,27940.0,27940.0
22789309,200420008,19,0,0,,7:46:40,7:46:40,28000.0,28000.0
22789309,200420002,20,0,0,,7:47:10,7:47:10,28030.0,28030.0
22789309,200420009,21,0,0,,7:48:40,7:48:40,28120.0,28120.0
22789308,221107007,0,0,0,,7:31:50,7:31:50,27110.0,27110.0
22789308,221107006,1,0,0,,7:33:40,7:33:40,27220.0,27220.0
22789308,221107004,2,0,0,,7:35:20,7:35:20,27320.0,27320.0
22789308,200418001,3,0,0,,7:37:30,7:37:30,27450.0,27450.0
22789308,200412031,4,0,0,,7:39:00,7:39:00,27540.0,27540.0
22789308,200412018,5,0,0,,7:39:50,7:39:50,27590.0,27590.0
22789308,200412004,6,0,0,,7:41:00,7:41:00,27660.0,27660.0
22789308,200412023,7,0,0,,7:42:30,7:42:30,27750.0,27750.0
22789308,200412024,8,0,0,,7:43:30,7:43:30,27810.0,27810.0
22789308,200412025,9,0,0,,7:45:50,7:45:50,27950.0,27950.0
22789308,200405046,10,0,0,,7:50:40,7:50:40,28240.0,28240.0
22789308,200405039,11,0,0,,7:52:10,7:52:10,28330.0,28330.0
22789308,200405036,12,0,0,,7:55:00,7:55:00,28500.0,28500.0
22789308,200415003,13,0,0,,7:57:40,7:57:40,28660.0,28660.0
22789308,200415006,14,0,0,,7:59:10,7:59:10,28750.0,28750.0
22789308,200415012,15,0,0,,8:00:50,8:00:50,28850.0,28850.0
22789308,200420001,16,0,0,,8:02:50,8:02:50,28970.0,28970.0
22789308,200403013,17,0,0,,8:04:30,8:04:30,29070.0,29070.0
22789308,200420011,18,0,0,,8:05:40,8:05:40,29140.0,29140.0
22789308,200420008,19,0,0,,8:06:40,8:06:40,29200.0,29200.0
22789308,200420002,20,0,0,,8:07:10,8:07:10,29230.0,29230.0
22789308,200420009,21,0,0,,8:08:40,8:08:40,29320.0,29320.0
22789298,221107007,0,0,0,,7:51:50,7:51:50,28310.0,28310.0
22789298,221107006,1,0,0,,7:53:40,7:53:40,28420.0,28420.0
22789298,221107004,2,0,0,,7:55:20,7:55:20,28520.0,28520.0
22789298,200418001,3,0,0,,7:57:30,7:57:30,28650.0,28650.0
22789298,200412031,4,0,0,,7:59:00,7:59:00,28740.0,28740.0
22789298,200412018,5,0,0,,7:59:50,7:59:50,28790.0,28790.0
22789298,200412004,6,0,0,,8:01:00,8:01:00,28860.0,28860.0
22789298,200412023,7,0,0,,8:02:30,8:02:30,28950.0,28950.0
22789298,200412024,8,0,0,,8:03:30,8:03:30,29010.0,29010.0
22789298,200412025,9,0,0,,8:05:50,8:05:50,29150.0,29150.0
22789298,200405046,10,0,0,,8:10:40,8:10:40,29440.0,29440.0
22789298,200405039,11,0,0,,8:12:10,8:12:10,29530.0,29530.0
22789298,200405036,12,0,0,,8:15:00,8:15:00,29700.0,29700.0
22789298,200415003,13,0,0,,8:17:40,8:17:40,29860.0,29860.0
22789298,200415006,14,0,0,,8:19:10,8:19:10,29950.0,29950.0
22789298,200415012,15,0,0,,8:20:50,8:20:50,30050.0,30050.0
22789298,200420001,16,0,0,,8:22:50,8:22:50,30170.0,30170.0
22789298,200403013,17,0,0,,8:24:30,8:24:30,30270.0,30270.0
22789298,200420011,18,0,0,,8:25:40,8:25:40,30340.0,30340.0
22789298,200420008,19,0,0,,8:26:40,8:26:40,30400.0,30400.0
22789298,200420002,20,0,0,,8:27:10,8:27:10,30430.0,30430.0
22789298,200420009,21,0,0,,8:28:40,8:28:40,30520.0,30520.0
22789297,221107007,0,0,0,,8:11:50,8:11:50,29510.0,29510.0
22789297,221107006,1,0,0,,8:13:40,8:13:40,29620.0,29620.0
22789297,221107004,2,0,0,,8:15:20,8:15:20,29720.0,29720.0
22789297,200418001,3,0,0,,8:17:30,8:17:30,29850.0,29850.0
22789297,200412031,4,0,0,,8:19:00,8:19:00,29940.0,29940.0
22789297,200412018,5,0,0,,8:19:50,8:19:50,29990.0,29990.0
22789297,200412004,6,0,0,,8:21:00,8:21:00,30060.0,30060.0
22789297,200412023,7,0,0,,8:22:30,8:22:30,30150.0,30150.0
22789297,200412024,8,0,0,,8:23:30,8:23:30,30210.0,30210.0
22789297,200412025,9,0,0,,8:25:50,8:25:50,30350.0,30350.0
22789297,200405046,10,0,0,,8:30:40,8:30:40,30640.0,30640.0
22789297,200405039,11,0,0,,8:32:10,8:32:10,30730.0,30730.0
22789297,200405036,12,0,0,,8:35:00,8:35:00,30900.0,30900.0
22789297,200415003,13,0,0,,8:37:40,8:37:40,31060.0,31060.0
22789297,200415006,14,0,0,,8:39:10,8:39:10,31150.0,31150.0
22789297,200415012,15,0,0,,8:40:50,8:40:50,31250.0,31250.0
22789297,200420001,16,0,0,,8:42:50,8:42:50,31370.0,31370.0
22789297,200403013,17,0,0,,8:44:30,8:44:30,31470.0,31470.0
22789297,200420011,18,0,0,,8:45:40,8:45:40,31540.0,31540.0
22789297,200420008,19,0,0,,8:46:40,8:46:40,31600.0,31600.0
22789297,200420002,20,0,0,,8:47:10,8:47:10,31630.0,31630.0
22789297,200420009,21,0,0,,8:48:40,8:48:40,31720.0,31720.0
22789296,221107007,0,0,0,,8:31:50,8:31:50,30710.0,30710.0
22789296,221107006,1,0,0,,8:33:40,8:33:40,30820.0,30820.0
22789296,221107004,2,0,0,,8:35:20,8:35:20,30920.0,30920.0
22789296,200418001,3,0,0,,8:37:30,8:37:30,31050.0,31050.0
22789296,200412031,4,0,0,,8:39:00,8:39:00,31140.0,31140.0
22789296,200412018,5,0,0,,8:39:50,8:39:50,31190.0,31190.0
22789296,200412004,6,0,0,,8:41:00,8:41:00,31260.0,31260.0
22789296,200412023,7,0,0,,8:42:30,8:42:30,31350.0,31350.0
22789296,200412024,8,0,0,,8:43:30,8:43:30,31410.0,31410.0
22789296,200412025,9,0,0,,8:45:50,8:45:50,31550.0,31550.0
22789296,200405046,10,0,0,,8:50:40,8:50:40,31840.0,31840.0
22789296,200405039,11,0,0,,8:52:10,8:52:10,31930.0,31930.0
22789296,200405036,12,0,0,,8:55:00,8:55:00,32100.0,32100.0
22789296,200415003,13,0,0,,8:57:40,8:57:40,32260.0,32260.0
22789296,200415006,14,0,0,,8:59:10,8:59:10,32350.0,32350.0
22789295,221107007,0,0,0,,8:51:50,8:51:50,31910.0,31910.0
22789295,221107006,1,0,0,,8:53:40,8:53:40,32020.0,32020.0
22789295,221107004,2,0,0,,8:55:20,8:55:20,32120.0,32120.0
22789295,200418001,3,0,0,,8:57:30,8:57:30,32250.0,32250.0
22789295,200412031,4,0,0,,8:59:00,8:59:00,32340.0,32340.0
22789295,200412018,5,0,0,,8:59:50,8:59:50,32390.0,32390.0
22787570,200419025,18,0,0,,7:00:30,7:00:30,25230.0,25230.0
22787570,200419002,19,0,0,,7:01:20,7:01:20,25280.0,25280.0
22787570,200419034,20,0,0,,7:02:20,7:02:20,25340.0,25340.0
22787570,200419035,21,0,0,,7:03:20,7:03:20,25400.0,25400.0
22787570,200419007,22,0,0,,7:04:00,7:04:00,25440.0,25440.0
22787570,200419015,23,0,0,,7:05:30,7:05:30,25530.0,25530.0
22787570,200419022,24,0,0,,7:07:10,7:07:10,25630.0,25630.0
22787569,200405013,14,0,0,,7:01:00,7:01:00,25260.0,25260.0
22787569,200405020,15,0,0,,7:04:00,7:04:00,25440.0,25440.0
22787569,200405014,16,0,0,,7:06:40,7:06:40,25600.0,25600.0
22787569,200419026,17,0,0,,7:08:50,7:08:50,25730.0,25730.0
22787569,200419025,18,0,0,,7:10:30,7:10:30,25830.0,25830.0
22787569,200419002,19,0,0,,7:11:20,7:11:20,25880.0,25880.0
22787569,200419034,20,0,0,,7:12:20,7:12:20,25940.0,25940.0
22787569,200419035,21,0,0,,7:13:20,7:13:20,26000.0,26000.0
22787569,200419007,22,0,0,,7:14:00,7:14:00,26040.0,26040.0
22787569,200419015,23,0,0,,7:15:30,7:15:30,26130.0,26130.0
22787569,200419022,24,0,0,,7:17:10,7:17:10,26230.0,26230.0
22787568,200404019,7,0,0,,7:00:10,7:00:10,25210.0,25210.0
22787568,200404038,8,0,0,,7:01:00,7:01:00,25260.0,25260.0
22787568,200404035,9,0,0,,7:01:40,7:01:40,25300.0,25300.0
22787568,200404026,10,0,0,,7:03:20,7:03:20,25400.0,25400.0
22787568,200404034,11,0,0,,7:04:40,7:04:40,25480.0,25480.0
22787568,200405046,12,0,0,,7:06:10,7:06:10,25570.0,25570.0
22787568,200405039,13,0,0,,7:07:40,7:07:40,25660.0,25660.0
22787568,200405013,14,0,0,,7:11:00,7:11:00,25860.0,25860.0
22787568,200405020,15,0,0,,7:14:00,7:14:00,26040.0,26040.0
22787568,200405014,16,0,0,,7:16:40,7:16:40,26200.0,26200.0
22787568,200419026,17,0,0,,7:18:50,7:18:50,26330.0,26330.0
22787568,200419025,18,0,0,,7:20:30,7:20:30,26430.0,26430.0
22787568,200419002,19,0,0,,7:21:20,7:21:20,26480.0,26480.0
22787568,200419034,20,0,0,,7:22:20,7:22:20,26540.0,26540.0
22787568,200419035,21,0,0,,7:23:20,7:23:20,26600.0,26600.0
22787568,200419007,22,0,0,,7:24:00,7:24:00,26640.0,26640.0
22787568,200419015,23,0,0,,7:25:30,7:25:30,26730.0,26730.0
22787568,200419022,24,0,0,,7:27:10,7:27:10,26830.0,26830.0
22787567,200404032,0,0,0,,7:02:30,7:02:30,25350.0,25350.0
22787567,200404027,1,0,0,,7:04:00,7:04:00,25440.0,25440.0
22787567,200404021,2,0,0,,7:05:30,7:05:30,25530.0,25530.0
22787567,200404029,3,0,0,,7:06:40,7:06:40,25600.0,25600.0
22787567,200404022,4,0,0,,7:07:30,7:07:30,25650.0,25650.0
22787567,200404018,5,0,0,,7:08:10,7:08:10,25690.0,25690.0
22787567,200404003,6,0,0,,7:09:30,7:09:30,25770.0,25770.0
22787567,200404019,7,0,0,,7:10:10,7:10:10,25810.0,25810.0
22787567,200404038,8,0,0,,7:11:00,7:11:00,25860.0,25860.0
22787567,200404035,9,0,0,,7:11:40,7:11:40,25900.0,25900.0
22787567,200404026,10,0,0,,7:13:20,7:13:20,26000.0,26000.0
22787567,200404034,11,0,0,,7:14:40,7:14:40,26080.0,26080.0
22787567,200405046,12,0,0,,7:16:10,7:16:10,26170.0,26170.0
22787567,200405039,13,0,0,,7:17:40,7:17:40,26260.0,26260.0
22787567,200405013,14,0,0,,7:21:00,7:21:00,26460.0,26460.0
22787567,200405020,15,0,0,,7:24:00,7:24:00,26640.0,26640.0
22787567,200405014,16,0,0,,7:26:40,7:26:40,26800.0,26800.0
22787567,200419026,17,0,0,,7:28:50,7:28:50,26930.0,26930.0
22787567,200419025,18,0,0,,7:30:30,7:30:30,27030.0,27030.0
22787567,200419002,19,0,0,,7:31:20,7:31:20,27080.0,27080.0
22787567,200419034,20,0,0,,7:32:20,7:32:20,27140.0,27140.0
22787567,200419035,21,0,0,,7:33:20,7:33:20,27200.0,27200.0
22787567,200419007,22,0,0,,7:34:00,7:34:00,27240.0,27240.0
22787567,200419015,23,0,0,,7:35:30,7:35:30,27330.0,27330.0
22787567,200419022,24,0,0,,7:37:10,7:37:10,27430.0,27430.0
22787566,200404032,0,0,0,,7:12:30,7:12:30,25950.0,25950.0
22787566,200404027,1,0,0,,7:14:00,7:14:00,26040.0,26040.0
22787566,200404021,2,0,0,,7:15:30,7:15:30,26130.0,26130.0
22787566,200404029,3,0,0,,7:16:40,7:16:40,26200.0,26200.0
22787566,200404022,4,0,0,,7:17:30,7:17:30,26250.0,26250.0
22787566,200404018,5,0,0,,7:18:10,7:18:10,26290.0,26290.0
22787566,200404003,6,0,0,,7:19:30,7:19:30,26370.0,26370.0
22787566,200404019,7,0,0,,7:20:10,7:20:10,26410.0,26410.0
22787566,200404038,8,0,0,,7:21:00,7:21:00,26460.0,26460.0
22787566,200404035,9,0,0,,7:21:40,7:21:40,26500.0,26500.0
22787566,200404026,10,0,0,,7:23:20,7:23:20,26600.0,26600.0
22787566,200404034,11,0,0,,7:24:40,7:24:40,26680.0,26680.0
22787566,200405046,12,0,0,,7:26:10,7:26:10,26770.0,26770.0
22787566,200405039,13,0,0,,7:27:40,7:27:40,26860.0,26860.0
22787566,200405013,14,0,0,,7:31:00,7:31:00,27060.0,27060.0
22787566,200405020,15,0,0,,7:34:00,7:34:00,27240.0,27240.0
22787566,200405014,16,0,0,,7:36:40,7:36:40,27400.0,27400.0
22787566,200419026,17,0,0,,7:38:50,7:38:50,27530.0,27530.0
22787566,200419025,18,0,0,,7:40:30,7:40:30,27630.0,27630.0
22787566,200419002,19,0,0,,7:41:20,7:41:20,27680.0,27680.0
22787566,200419034,20,0,0,,7:42:20,7:42:20,27740.0,27740.0
22787566,200419035,21,0,0,,7:43:20,7:43:20,27800.0,27800.0
22787566,200419007,22,0,0,,7:44:00,7:44:00,27840.0,27840.0
22787566,200419015,23,0,0,,7:45:30,7:45:30,27930.0,27930.0
22787566,200419022,24,0,0,,7:47:10,7:47:10,28030.0,28030.0
22787565,200404032,0,0,0,,7:22:30,7:22:30,26550.0,26550.0
22787565,200404027,1,0,0,,7:24:00,7:24:00,26640.0,26640.0
22787565,200404021,2,0,0,,7:25:30,7:25:30,26730.0,26730.0
22787565,200404029,3,0,0,,7:26:40,7:26:40,26800.0,26800.0
22787565,200404022,4,0,0,,7:27:30,7:27:30,26850.0,26850.0
22787565,200404018,5,0,0,,7:28:10,7:28:10,26890.0,26890.0
22787565,200404003,6,0,0,,7:29:30,7:29:30,26970.0,26970.0
22787565,200404019,7,0,0,,7:30:10,7:30:10,27010.0,27010.0
22787565,200404038,8,0,0,,7:31:00,7:31:00,27060.0,27060.0
22787565,200404035,9,0,0,,7:31:40,7:31:40,27100.0,27100.0
22787565,200404026,10,0,0,,7:33:20,7:33:20,27200.0,27200.0
22787565,200404034,11,0,0,,7:34:40,7:34:40,27280.0,27280.0
22787565,200405046,12,0,0,,7:36:10,7:36:10,27370.0,27370.0
22787565,200405039,13,0,0,,7:37:40,7:37:40,27460.0,27460.0
22787565,200405013,14,0,0,,7:41:00,7:41:00,27660.0,27660.0
22787565,200405020,15,0,0,,7:44:00,7:44:00,27840.0,27840.0
22787565,200405014,16,0,0,,7:46:40,7:46:40,28000.0,28000.0
22787565,200419026,17,0,0,,7:48:50,7:48:50,28130.0,28130.0
22787565,200419025,18,0,0,,7:50:30,7:50:30,28230.0,28230.0
22787565,200419002,19,0,0,,7:51:20,7:51:20,28280.0,28280.0
22787565,200419034,20,0,0,,7:52:20,7:52:20,28340.0,28340.0
22787565,200419035,21,0,0,,7:53:20,7:53:20,28400.0,28400.0
22787565,200419007,22,0,0,,7:54:00,7:54:00,28440.0,28440.0
22787565,200419015,23,0,0,,7:55:30,7:55:30,28530.0,28530.0
22787565,200419022,24,0,0,,7:57:10,7:57:10,28630.0,28630.0
22787564,200404032,0,0,0,,7:32:30,7:32:30,27150.0,27150.0
22787564,200404027,1,0,0,,7:34:00,7:34:00,27240.0,27240.0
22787564,200404021,2,0,0,,7:35:30,7:35:30,27330.0,27330.0
22787564,200404029,3,0,0,,7:36:40,7:36:40,27400.0,27400.0
22787564,200404022,4,0,0,,7:37:30,7:37:30,27450.0,27450.0
22787564,200404018,5,0,0,,7:38:10,7:38:10,27490.0,27490.0
22787564,200404003,6,0,0,,7:39:30,7:39:30,27570.0,27570.0
22787564,200404019,7,0,0,,7:40:10,7:40:10,27610.0,27610.0
22787564,200404038,8,0,0,,7:41:00,7:41:00,27660.0,27660.0
22787564,200404035,9,0,0,,7:41:40,7:41:40,27700.0,27700.0
22787564,200404026,10,0,0,,7:43:20,7:43:20,27800.0,27800.0
22787564,200404034,11,0,0,,7:44:40,7:44:40,27880.0,27880.0
22787564,200405046,12,0,0,,7:46:10,7:46:10,27970.0,27970.0
22787564,200405039,13,0,0,,7:47:40,7:47:40,28060.0,28060.0
22787564,200405013,14,0,0,,7:51:00,7:51:00,28260.0,28260.0
22787564,200405020,15,0,0,,7:54:00,7:54:00,28440.0,28440.0
22787564,200405014,16,0,0,,7:56:40,7:56:40,28600.0,28600.0
22787564,200419026,17,0,0,,7:58:50,7:58:50,28730.0,28730.0
22787564,200419025,18,0,0,,8:00:30,8:00:30,28830.0,28830.0
22787564,200419002,19,0,0,,8:01:20,8:01:20,28880.0,28880.0
22787564,200419034,20,0,0,,8:02:20,8:02:20,28940.0,28940.0
22787564,200419035,21,0,0,,8:03:20,8:03:20,29000.0,29000.0
22787564,200419007,22,0,0,,8:04:00,8:04:00,29040.0,29040.0
22787564,200419015,23,0,0,,8:05:30,8:05:30,29130.0,29130.0
22787564,200419022,24,0,0,,8:07:10,8:07:10,29230.0,29230.0
22787563,200404032,0,0,0,,7:42:30,7:42:30,27750.0,27750.0
22787563,200404027,1,0,0,,7:44:00,7:44:00,27840.0,27840.0
22787563,200404021,2,0,0,,7:45:30,7:45:30,27930.0,27930.0
22787563,200404029,3,0,0,,7:46:40,7:46:40,28000.0,28000.0
22787563,200404022,4,0,0,,7:47:30,7:47:30,28050.0,28050.0
22787563,200404018,5,0,0,,7:48:10,7:48:10,28090.0,28090.0
22787563,200404003,6,0,0,,7:49:30,7:49:30,28170.0,28170.0
22787563,200404019,7,0,0,,7:50:10,7:50:10,28210.0,28210.0
22787563,200404038,8,0,0,,7:51:00,7:51:00,28260.0,28260.0
22787563,200404035,9,0,0,,7:51:40,7:51:40,28300.0,28300.0
22787563,200404026,10,0,0,,7:53:20,7:53:20,28400.0,28400.0
22787563,200404034,11,0,0,,7:54:40,7:54:40,28480.0,28480.0
22787563,200405046,12,0,0,,7:56:10,7:56:10,28570.0,28570.0
22787563,200405039,13,0,0,,7:57:40,7:57:40,28660.0,28660.0
22787563,200405013,14,0,0,,8:01:00,8:01:00,28860.0,28860.0
22787563,200405020,15,0,0,,8:04:00,8:04:00,29040.0,29040.0
22787563,200405014,16,0,0,,8:06:40,8:06:40,29200.0,29200.0
22787563,200419026,17,0,0,,8:08:50,8:08:50,29330.0,29330.0
22787563,200419025,18,0,0,,8:10:30,8:10:30,29430.0,29430.0
22787563,200419002,19,0,0,,8:11:20,8:11:20,29480.0,29480.0
22787563,200419034,20,0,0,,8:12:20,8:12:20,29540.0,29540.0
22787563,200419035,21,0,0,,8:13:20,8:13:20,29600.0,29600.0
22787563,200419007,22,0,0,,8:14:00,8:14:00,29640.0,29640.0
22787563,200419015,23,0,0,,8:15:30,8:15:30,29730.0,29730.0
22787563,200419022,24,0,0,,8:17:10,8:17:10,29830.0,29830.0
22787562,200404032,0,0,0,,7:52:30,7:52:30,28350.0,28350.0
22787562,200404027,1,0,0,,7:54:00,7:54:00,28440.0,28440.0
22787562,200404021,2,0,0,,7:55:30,7:55:30,28530.0,28530.0
22787562,200404029,3,0,0,,7:56:40,7:56:40,28600.0,28600.0
22787562,200404022,4,0,0,,7:57:30,7:57:30,28650.0,28650.0
22787562,200404018,5,0,0,,7:58:10,7:58:10,28690.0,28690.0
22787562,200404003,6,0,0,,7:59:30,7:59:30,28770.0,28770.0
22787562,200404019,7,0,0,,8:00:10,8:00:10,28810.0,28810.0
22787562,200404038,8,0,0,,8:01:00,8:01:00,28860.0,28860.0
22787562,200404035,9,0,0,,8:01:40,8:01:40,28900.0,28900.0
22787562,200404026,10,0,0,,8:03:20,8:03:20,29000.0,29000.0
22787562,200404034,11,0,0,,8:04:40,8:04:40,29080.0,29080.0
22787562,200405046,12,0,0,,8:06:10,8:06:10,29170.0,29170.0
22787562,200405039,13,0,0,,8:07:40,8:07:40,29260.0,29260.0
22787562,200405013,14,0,0,,8:11:00,8:11:00,29460.0,29460.0
22787562,200405020,15,0,0,,8:14:00,8:14:00,29640.0,29640.0
22787562,200405014,16,0,0,,8:16:40,8:16:40,29800.0,29800.0
22787562,200419026,17,0,0,,8:18:50,8:18:50,29930.0,29930.0
22787562,200419025,18,0,0,,8:20:30,8:20:30,30030.0,30030.0
22787562,200419002,19,0,0,,8:21:20,8:21:20,30080.0,30080.0
22787562,200419034,20,0,0,,8:22:20,8:22:20,30140.0,30140.0
22787562,200419035,21,0,0,,8:23:20,8:23:20,30200.0,30200.0
22787562,200419007,22,0,0,,8:24:00,8:24:00,30240.0,30240.0
22787562,200419015,23,0,0,,8:25:30,8:25:30,30330.0,30330.0
22787562,200419022,24,0,0,,8:27:10,8:27:10,30430.0,30430.0
22787561,200404032,0,0,0,,8:02:30,8:02:30,28950.0,28950.0
22787561,200404027,1,0,0,,8:04:00,8:04:00,29040.0,29040.0
22787561,200404021,2,0,0,,8:05:30,8:05:30,29130.0,29130.0
22787561,200404029,3,0,0,,8:06:40,8:06:40,29200.0,29200.0
22787561,200404022,4,0,0,,8:07:30,8:07:30,29250.0,29250.0
22787561,200404018,5,0,0,,8:08:10,8:08:10,29290.0,29290.0
22787561,200404003,6,0,0,,8:09:30,8:09:30,29370.0,29370.0
22787561,200404019,7,0,0,,8:10:10,8:10:10,29410.0,29410.0
22787561,200404038,8,0,0,,8:11:00,8:11:00,29460.0,29460.0
22787561,200404035,9,0,0,,8:11:40,8:11:40,29500.0,29500.0
22787561,200404026,10,0,0,,8:13:20,8:13:20,29600.0,29600.0
22787561,200404034,11,0,0,,8:14:40,8:14:40,29680.0,29680.0
22787561,200405046,12,0,0,,8:16:10,8:16:10,29770.0,29770.0
22787561,200405039,13,0,0,,8:17:40,8:17:40,29860.0,29860.0
22787561,200405013,14,0,0,,8:21:00,8:21:00,30060.0,30060.0
22787561,200405020,15,0,0,,8:24:00,8:24:00,30240.0,30240.0
22787561,200405014,16,0,0,,8:26:40,8:26:40,30400.0,30400.0
22787561,200419026,17,0,0,,8:28:50,8:28:50,30530.0,30530.0
22787561,200419025,18,0,0,,8:30:30,8:30:30,30630.0,30630.0
22787561,200419002,19,0,0,,8:31:20,8:31:20,30680.0,30680.0
22787561,200419034,20,0,0,,8:32:20,8:32:20,30740.0,30740.0
22787561,200419035,21,0,0,,8:33:20,8:33:20,30800.0,30800.0
22787561,200419007,22,0,0,,8:34:00,8:34:00,30840.0,30840.0
22787561,200419015,23,0,0,,8:35:30,8:35:30,30930.0,30930.0
22787561,200419022,24,0,0,,8:37:10,8:37:10,31030.0,31030.0
22787560,200404032,0,0,0,,8:12:30,8:12:30,29550.0,29550.0
22787560,200404027,1,0,0,,8:14:00,8:14:00,29640.0,29640.0
22787560,200404021,2,0,0,,8:15:30,8:15:30,29730.0,29730.0
22787560,200404029,3,0,0,,8:16:40,8:16:40,29800.0,29800.0
22787560,200404022,4,0,0,,8:17:30,8:17:30,29850.0,29850.0
22787560,200404018,5,0,0,,8:18:10,8:18:10,29890.0,29890.0
22787560,200404003,6,0,0,,8:19:30,8:19:30,29970.0,29970.0
22787560,200404019,7,0,0,,8:20:10,8:20:10,30010.0,30010.0
22787560,200404038,8,0,0,,8:21:00,8:21:00,30060.0,30060.0
22787560,200404035,9,0,0,,8:21:40,8:21:40,30100.0,30100.0
22787560,200404026,10,0,0,,8:23:20,8:23:20,30200.0,30200.0
22787560,200404034,11,0,0,,8:24:40,8:24:40,30280.0,30280.0
22787560,200405046,12,0,0,,8:26:10,8:26:10,30370.0,30370.0
22787560,200405039,13,0,0,,8:27:40,8:27:40,30460.0,30460.0
22787560,200405013,14,0,0,,8:31:00,8:31:00,30660.0,30660.0
22787560,200405020,15,0,0,,8:34:00,8:34:00,30840.0,30840.0
22787560,200405014,16,0,0,,8:36:40,8:36:40,31000.0,31000.0
22787560,200419026,17,0,0,,8:38:50,8:38:50,31130.0,31130.0
22787560,200419025,18,0,0,,8:40:30,8:40:30,31230.0,31230.0
22787560,200419002,19,0,0,,8:41:20,8:41:20,31280.0,31280.0
22787560,200419034,20,0,0,,8:42:20,8:42:20,31340.0,31340.0
22787560,200419035,21,0,0,,8:43:20,8:43:20,31400.0,31400.0
22787560,200419007,22,0,0,,8:44:00,8:44:00,31440.0,31440.0
22787560,200419015,23,0,0,,8:45:30,8:45:30,31530.0,31530.0
22787560,200419022,24,0,0,,8:47:10,8:47:10,31630.0,31630.0
22787559,200404032,0,0,0,,8:22:30,8:22:30,30150.0,30150.0
22787559,200404027,1,0,0,,8:24:00,8:24:00,30240.0,30240.0
22787559,200404021,2,0,0,,8:25:30,8:25:30,30330.0,30330.0
22787559,200404029,3,0,0,,8:26:40,8:26:40,30400.0,30400.0
22787559,200404022,4,0,0,,8:27:30,8:27:30,30450.0,30450.0
22787559,200404018,5,0,0,,8:28:10,8:28:10,30490.0,30490.0
22787559,200404003,6,0,0,,8:29:30,8:29:30,30570.0,30570.0
22787559,200404019,7,0,0,,8:30:10,8:30:10,30610.0,30610.0
22787559,200404038,8,0,0,,8:31:00,8:31:00,30660.0,30660.0
22787559,200404035,9,0,0,,8:31:40,8:31:40,30700.0,30700.0
22787559,200404026,10,0,0,,8:33:20,8:33:20,30800.0,30800.0
22787559,200404034,11,0,0,,8:34:40,8:34:40,30880.0,30880.0
22787559,200405046,12,0,0,,8:36:10,8:36:10,30970.0,30970.0
22787559,200405039,13,0,0,,8:37:40,8:37:40,31060.0,31060.0
22787559,200405013,14,0,0,,8:41:00,8:41:00,31260.0,31260.0
22787559,200405020,15,0,0,,8:44:00,8:44:00,31440.0,31440.0
22787559,200405014,16,0,0,,8:46:40,8:46:40,31600.0,31600.0
22787559,200419026,17,0,0,,8:48:50,8:48:50,31730.0,31730.0
22787559,200419025,18,0,0,,8:50:30,8:50:30,31830.0,31830.0
22787559,200419002,19,0,0,,8:51:20,8:51:20,31880.0,31880.0
22787559,200419034,20,0,0,,8:52:20,8:52:20,31940.0,31940.0
22787559,200419035,21,0,0,,8:53:20,8:53:20,32000.0,32000.0
22787559,200419007,22,0,0,,8:54:00,8:54:00,32040.0,32040.0
22787559,200419015,23,0,0,,8:55:30,8:55:30,32130.0,32130.0
22787559,200419022,24,0,0,,8:57:10,8:57:10,32230.0,32230.0
22787558,200404032,0,0,0,,8:32:30,8:32:30,30750.0,30750.0
22787558,200404027,1,0,0,,8:34:00,8:34:00,30840.0,30840.0
22787558,200404021,2,0,0,,8:35:30,8:35:30,30930.0,30930.0
22787558,200404029,3,0,0,,8:36:40,8:36:40,31000.0,31000.0
22787558,200404022,4,0,0,,8:37:30,8:37:30,31050.0,31050.0
22787558,200404018,5,0,0,,8:38:10,8:38:10,31090.0,31090.0
22787558,200404003,6,0,0,,8:39:30,8:39:30,31170.0,31170.0
22787558,200404019,7,0,0,,8:40:10,8:40:10,31210.0,31210.0
22787558,200404038,8,0,0,,8:41:00,8:41:00,31260.0,31260.0
22787558,200404035,9,0,0,,8:41:40,8:41:40,31300.0,31300.0
22787558,200404026,10,0,0,,8:43:20,8:43:20,31400.0,31400.0
22787558,200404034,11,0,0,,8:44:40,8:44:40,31480.0,31480.0
22787558,200405046,12,0,0,,8:46:10,8:46:10,31570.0,31570.0
22787558,200405039,13,0,0,,8:47:40,8:47:40,31660.0,31660.0
22787558,200405013,14,0,0,,8:51:00,8:51:00,31860.0,31860.0
22787558,200405020,15,0,0,,8:54:00,8:54:00,32040.0,32040.0
22787558,200405014,16,0,0,,8:56:40,8:56:40,32200.0,32200.0
22787558,200419026,17,0,0,,8:58:50,8:58:50,32330.0,32330.0
22787557,200404032,0,0,0,,8:42:30,8:42:30,31350.0,31350.0
22787557,200404027,1,0,0,,8:44:00,8:44:00,31440.0,31440.0
22787557,200404021,2,0,0,,8:45:30,8:45:30,31530.0,31530.0
22787557,200404029,3,0,0,,8:46:40,8:46:40,31600.0,31600.0
22787557,200404022,4,0,0,,8:47:30,8:47:30,31650.0,31650.0
22787557,200404018,5,0,0,,8:48:10,8:48:10,31690.0,31690.0
22787557,200404003,6,0,0,,8:49:30,8:49:30,31770.0,31770.0
22787557,200404019,7,0,0,,8:50:10,8:50:10,31810.0,31810.0
22787557,200404038,8,0,0,,8:51:00,8:51:00,31860.0,31860.0
22787557,200404035,9,0,0,,8:51:40,8:51:40,31900.0,31900.0
22787557,200404026,10,0,0,,8:53:20,8:53:20,32000.0,32000.0
22787557,200404034,11,0,0,,8:54:40,8:54:40,32080.0,32080.0
22787557,200405046,12,0,0,,8:56:10,8:56:10,32170.0,32170.0
22787557,200405039,13,0,0,,8:57:40,8:57:40,32260.0,32260.0
22787556,200404032,0,0,0,,8:52:30,8:52:30,31950.0,31950.0
22787556,200404027,1,0,0,,8:54:00,8:54:00,32040.0,32040.0
22787556,200404021,2,0,0,,8:55:30,8:55:30,32130.0,32130.0
22787556,200404029,3,0,0,,8:56:40,8:56:40,32200.0,32200.0
22787556,200404022,4,0,0,,8:57:30,8:57:30,32250.0,32250.0
22787556,200404018,5,0,0,,8:58:10,8:58:10,32290.0,32290.0
22787556,200404003,6,0,0,,8:59:30,8:59:30,32370.0,32370.0
22787373,200404003,17,0,0,,7:00:20,7:00:20,25220.0,25220.0
22787373,200404018,18,0,0,,7:01:20,7:01:20,25280.0,25280.0
22787373,200404022,19,0,0,,7:02:10,7:02:10,25330.0,25330.0
22787373,200404029,20,0,0,,7:03:00,7:03:00,25380.0,25380.0
22787373,200404021,21,0,0,,7:03:40,7:03:40,25420.0,25420.0
22787373,200404033,22,0,0,,7:04:40,7:04:40,25480.0,25480.0
22787373,200404007,23,0,0,,7:05:10,7:05:10,25510.0,25510.0
22787373,200404037,24,0,0,,7:06:20,7:06:20,25580.0,25580.0
22787373,200404027,25,0,0,,7:07:40,7:07:40,25660.0,25660.0
22787373,200404032,26,0,0,,7:09:20,7:09:20,25760.0,25760.0
22787372,200405039,10,0,0,,7:01:30,7:01:30,25290.0,25290.0
22787372,200405046,11,0,0,,7:03:50,7:03:50,25430.0,25430.0
22787372,200404034,12,0,0,,7:05:20,7:05:20,25520.0,25520.0
22787372,200404026,13,0,0,,7:06:30,7:06:30,25590.0,25590.0
22787372,200404035,14,0,0,,7:08:00,7:08:00,25680.0,25680.0
22787372,200404038,15,0,0,,7:08:50,7:08:50,25730.0,25730.0
22787372,200404019,16,0,0,,7:09:30,7:09:30,25770.0,25770.0
22787372,200404003,17,0,0,,7:10:20,7:10:20,25820.0,25820.0
22787372,200404018,18,0,0,,7:11:20,7:11:20,25880.0,25880.0
22787372,200404022,19,0,0,,7:12:10,7:12:10,25930.0,25930.0
22787372,200404029,20,0,0,,7:13:00,7:13:00,25980.0,25980.0
22787372,200404021,21,0,0,,7:13:40,7:13:40,26020.0,26020.0
22787372,200404033,22,0,0,,7:14:40,7:14:40,26080.0,26080.0
22787372,200404007,23,0,0,,7:15:10,7:15:10,26110.0,26110.0
22787372,200404037,24,0,0,,7:16:20,7:16:20,26180.0,26180.0
22787372,200404027,25,0,0,,7:17:40,7:17:40,26260.0,26260.0
22787372,200404032,26,0,0,,7:19:20,7:19:20,26360.0,26360.0
22787371,200419026,6,0,0,,7:00:10,7:00:10,25210.0,25210.0
22787371,200405014,7,0,0,,7:01:30,7:01:30,25290.0,25290.0
22787371,200405020,8,0,0,,7:05:00,7:05:00,25500.0,25500.0
22787371,200405013,9,0,0,,7:08:10,7:08:10,25690.0,25690.0
22787371,200405039,10,0,0,,7:11:30,7:11:30,25890.0,25890.0
22787371,200405046,11,0,0,,7:13:50,7:13:50,26030.0,26030.0
22787371,200404034,12,0,0,,7:15:20,7:15:20,26120.0,26120.0
22787371,200404026,13,0,0,,7:16:30,7:16:30,26190.0,26190.0
22787371,200404035,14,0,0,,7:18:00,7:18:00,26280.0,26280.0
22787371,200404038,15,0,0,,7:18:50,7:18:50,26330.0,26330.0
22787371,200404019,16,0,0,,7:19:30,7:19:30,26370.0,26370.0
22787371,200404003,17,0,0,,7:20:20,7:20:20,26420.0,26420.0
22787371,200404018,18,0,0,,7:21:20,7:21:20,26480.0,26480.0
22787371,200404022,19,0,0,,7:22:10,7:22:10,26530.0,26530.0
22787371,200404029,20,0,0,,7:23:00,7:23:00,26580.0,26580.0
22787371,200404021,21,0,0,,7:23:40,7:23:40,26620.0,26620.0
22787371,200404033,22,0,0,,7:24:40,7:24:40,26680.0,26680.0
22787371,200404007,23,0,0,,7:25:10,7:25:10,26710.0,26710.0
22787371,200404037,24,0,0,,7:26:20,7:26:20,26780.0,26780.0
22787371,200404027,25,0,0,,7:27:40,7:27:40,26860.0,26860.0
22787371,200404032,26,0,0,,7:29:20,7:29:20,26960.0,26960.0
22787370,200419022,0,0,0,,7:02:40,7:02:40,25360.0,25360.0
22787370,200419007,1,0,0,,7:04:20,7:04:20,25460.0,25460.0
22787370,200419035,2,0,0,,7:05:20,7:05:20,25520.0,25520.0
22787370,200419034,3,0,0,,7:06:20,7:06:20,25580.0,25580.0
22787370,200419002,4,0,0,,7:07:20,7:07:20,25640.0,25640.0
22787370,200419025,5,0,0,,7:08:30,7:08:30,25710.0,25710.0
22787370,200419026,6,0,0,,7:10:10,7:10:10,25810.0,25810.0
22787370,200405014,7,0,0,,7:11:30,7:11:30,25890.0,25890.0
22787370,200405020,8,0,0,,7:15:00,7:15:00,26100.0,26100.0
22787370,200405013,9,0,0,,7:18:10,7:18:10,26290.0,26290.0
22787370,200405039,10,0,0,,7:21:30,7:21:30,26490.0,26490.0
22787370,200405046,11,0,0,,7:23:50,7:23:50,26630.0,26630.0
22787370,200404034,12,0,0,,7:25:20,7:25:20,26720.0,26720.0
22787370,200404026,13,0,0,,7:26:30,7:26:30,26790.0,26790.0
22787370,200404035,14,0,0,,7:28:00,7:28:00,26880.0,26880.0
22787370,200404038,15,0,0,,7:28:50,7:28:50,26930.0,26930.0
22787370,200404019,16,0,0,,7:29:30,7:29:30,26970.0,26970.0
22787370,200404003,17,0,0,,7:30:20,7:30:20,27020.0,27020.0
22787370,200404018,18,0,0,,7:31:20,7:31:20,27080.0,27080.0
22787370,200404022,19,0,0,,7:32:10,7:32:10,27130.0,27130.0
22787370,200404029,20,0,0,,7:33:00,7:33:00,27180.0,27180.0
22787370,200404021,21,0,0,,7:33:40,7:33:40,27220.0,27220.0
22787370,200404033,22,0,0,,7:34:40,7:34:40,27280.0,27280.0
22787370,200404007,23,0,0,,7:35:10,7:35:10,27310.0,27310.0
22787370,200404037,24,0,0,,7:36:20,7:36:20,27380.0,27380.0
22787370,200404027,25,0,0,,7:37:40,7:37:40,27460.0,27460.0
22787370,200404032,26,0,0,,7:39:20,7:39:20,27560.0,27560.0
22787369,200419022,0,0,0,,7:12:40,7:12:40,25960.0,25960.0
22787369,200419007,1,0,0,,7:14:20,7:14:20,26060.0,26060.0
22787369,200419035,2,0,0,,7:15:20,7:15:20,26120.0,26120.0
22787369,200419034,3,0,0,,7:16:20,7:16:20,26180.0,26180.0
22787369,200419002,4,0,0,,7:17:20,7:17:20,26240.0,26240.0
22787369,200419025,5,0,0,,7:18:30,7:18:30,26310.0,26310.0
22787369,200419026,6,0,0,,7:20:10,7:20:10,26410.0,26410.0
22787369,200405014,7,0,0,,7:21:30,7:21:30,26490.0,26490.0
22787369,200405020,8,0,0,,7:25:00,7:25:00,26700.0,26700.0
22787369,200405013,9,0,0,,7:28:10,7:28:10,26890.0,26890.0
22787369,200405039,10,0,0,,7:31:30,7:31:30,27090.0,27090.0
22787369,200405046,11,0,0,,7:33:50,7:33:50,27230.0,27230.0
22787369,200404034,12,0,0,,7:35:20,7:35:20,27320.0,27320.0
22787369,200404026,13,0,0,,7:36:30,7:36:30,27390.0,27390.0
22787369,200404035,14,0,0,,7:38:00,7:38:00,27480.0,27480.0
22787369,200404038,15,0,0,,7:38:50,7:38:50,27530.0,27530.0
22787369,200404019,16,0,0,,7:39:30,7:39:30,27570.0,27570.0
22787369,200404003,17,0,0,,7:40:20,7:40:20,27620.0,27620.0
22787369,200404018,18,0,0,,7:41:20,7:41:20,27680.0,27680.0
22787369,200404022,19,0,0,,7:42:10,7:42:10,27730.0,27730.0
22787369,200404029,20,0,0,,7:43:00,7:43:00,27780.0,27780.0
22787369,200404021,21,0,0,,7:43:40,7:43:40,27820.0,27820.0
22787369,200404033,22,0,0,,7:44:40,7:44:40,27880.0,27880.0
22787369,200404007,23,0,0,,7:45:10,7:45:10,27910.0,27910.0
22787369,200404037,24,0,0,,7:46:20,7:46:20,27980.0,27980.0
22787369,200404027,25,0,0,,7:47:40,7:47:40,28060.0,28060.0
22787369,200404032,26,0,0,,7:49:20,7:49:20,28160.0,28160.0
22787368,200419022,0,0,0,,7:22:40,7:22:40,26560.0,26560.0
22787368,200419007,1,0,0,,7:24:20,7:24:20,26660.0,26660.0
22787368,200419035,2,0,0,,7:25:20,7:25:20,26720.0,26720.0
22787368,200419034,3,0,0,,7:26:20,7:26:20,26780.0,26780.0
22787368,200419002,4,0,0,,7:27:20,7:27:20,26840.0,26840.0
22787368,200419025,5,0,0,,7:28:30,7:28:30,26910.0,26910.0
22787368,200419026,6,0,0,,7:30:10,7:30:10,27010.0,27010.0
22787368,200405014,7,0,0,,7:31:30,7:31:30,27090.0,27090.0
22787368,200405020,8,0,0,,7:35:00,7:35:00,27300.0,27300.0
22787368,200405013,9,0,0,,7:38:10,7:38:10,27490.0,27490.0
22787368,200405039,10,0,0,,7:41:30,7:41:30,27690.0,27690.0
22787368,200405046,11,0,0,,7:43:50,7:43:50,27830.0,27830.0
22787368,200404034,12,0,0,,7:45:20,7:45:20,27920.0,27920.0
22787368,200404026,13,0,0,,7:46:30,7:46:30,27990.0,27990.0
22787368,200404035,14,0,0,,7:48:00,7:48:00,28080.0,28080.0
22787368,200404038,15,0,0,,7:48:50,7:48:50,28130.0,28130.0
22787368,200404019,16,0,0,,7:49:30,7:49:30,28170.0,28170.0
22787368,200404003,17,0,0,,7:50:20,7:50:20,28220.0,28220.0
22787368,200404018,18,0,0,,7:51:20,7:51:20,28280.0,28280.0
22787368,200404022,19,0,0,,7:52:10,7:52:10,28330.0,28330.0
22787368,200404029,20,0,0,,7:53:00,7:53:00,28380.0,28380.0
22787368,200404021,21,0,0,,7:53:40,7:53:40,28420.0,28420.0
22787368,200404033,22,0,0,,7:54:40,7:54:40,28480.0,28480.0
22787368,200404007,23,0,0,,7:55:10,7:55:10,28510.0,28510.0
22787368,200404037,24,0,0,,7:56:20,7:56:20,28580.0,28580.0
22787368,200404027,25,0,0,,7:57:40,7:57:40,28660.0,28660.0
22787368,200404032,26,0,0,,7:59:20,7:59:20,28760.0,28760.0
22787367,200419022,0,0,0,,7:32:40,7:32:40,27160.0,27160.0
22787367,200419007,1,0,0,,7:34:20,7:34:20,27260.0,27260.0
22787367,200419035,2,0,0,,7:35:20,7:35:20,27320.0,27320.0
22787367,200419034,3,0,0,,7:36:20,7:36:20,27380.0,27380.0
22787367,200419002,4,0,0,,7:37:20,7:37:20,27440.0,27440.0
22787367,200419025,5,0,0,,7:38:30,7:38:30,27510.0,27510.0
22787367,200419026,6,0,0,,7:40:10,7:40:10,27610.0,27610.0
22787367,200405014,7,0,0,,7:41:30,7:41:30,27690.0,27690.0
22787367,200405020,8,0,0,,7:45:00,7:45:00,27900.0,27900.0
22787367,200405013,9,0,0,,7:48:10,7:48:10,28090.0,28090.0
22787367,200405039,10,0,0,,7:51:30,7:51:30,28290.0,28290.0
22787367,200405046,11,0,0,,7:53:50,7:53:50,28430.0,28430.0
22787367,200404034,12,0,0,,7:55:20,7:55:20,28520.0,28520.0
22787367,200404026,13,0,0,,7:56:30,7:56:30,28590.0,28590.0
22787367,200404035,14,0,0,,7:58:00,7:58:00,28680.0,28680.0
22787367,200404038,15,0,0,,7:58:50,7:58:50,28730.0,28730.0
22787367,200404019,16,0,0,,7:59:30,7:59:30,28770.0,28770.0
22787367,200404003,17,0,0,,8:00:20,8:00:20,28820.0,28820.0
22787367,200404018,18,0,0,,8:01:20,8:01:20,28880.0,28880.0
22787367,200404022,19,0,0,,8:02:10,8:02:10,28930.0,28930.0
22787367,200404029,20,0,0,,8:03:00,8:03:00,28980.0,28980.0
22787367,200404021,21,0,0,,8:03:40,8:03:40,29020.0,29020.0
22787367,200404033,22,0,0,,8:04:40,8:04:40,29080.0,29080.0
22787367,200404007,23,0,0,,8:05:10,8:05:10,29110.0,29110.0
22787367,200404037,24,0,0,,8:06:20,8:06:20,29180.0,29180.0
22787367,200404027,25,0,0,,8:07:40,8:07:40,29260.0,29260.0
22787367,200404032,26,0,0,,8:09:20,8:09:20,29360.0,29360.0
22787366,200419022,0,0,0,,7:42:40,7:42:40,27760.0,27760.0
22787366,200419007,1,0,0,,7:44:20,7:44:20,27860.0,27860.0
22787366,200419035,2,0,0,,7:45:20,7:45:20,27920.0,27920.0
22787366,200419034,3,0,0,,7:46:20,7:46:20,27980.0,27980.0
22787366,200419002,4,0,0,,7:47:20,7:47:20,28040.0,28040.0
22787366,200419025,5,0,0,,7:48:30,7:48:30,28110.0,28110.0
22787366,200419026,6,0,0,,7:50:10,7:50:10,28210.0,28210.0
22787366,200405014,7,0,0,,7:51:30,7:51:30,28290.0,28290.0
22787366,200405020,8,0,0,,7:55:00,7:55:00,28500.0,28500.0
22787366,200405013,9,0,0,,7:58:10,7:58:10,28690.0,28690.0
22787366,200405039,10,0,0,,8:01:30,8:01:30,28890.0,28890.0
22787366,200405046,11,0,0,,8:03:50,8:03:50,29030.0,29030.0
22787366,200404034,12,0,0,,8:05:20,8:05:20,29120.0,29120.0
22787366,200404026,13,0,0,,8:06:30,8:06:30,29190.0,29190.0
22787366,200404035,14,0,0,,8:08:00,8:08:00,29280.0,29280.0
22787366,200404038,15,0,0,,8:08:50,8:08:50,29330.0,29330.0
22787366,200404019,16,0,0,,8:09:30,8:09:30,29370.0,29370.0
22787366,200404003,17,0,0,,8:10:20,8:10:20,29420.0,29420.0
22787366,200404018,18,0,0,,8:11:20,8:11:20,29480.0,29480.0
22787366,200404022,19,0,0,,8:12:10,8:12:10,29530.0,29530.0
22787366,200404029,20,0,0,,8:13:00,8:13:00,29580.0,29580.0
22787366,200404021,21,0,0,,8:13:40,8:13:40,29620.0,29620.0
22787366,200404033,22,0,0,,8:14:40,8:14:40,29680.0,29680.0
22787366,200404007,23,0,0,,8:15:10,8:15:10,29710.0,29710.0
22787366,200404037,24,0,0,,8:16:20,8:16:20,29780.0,29780.0
22787366,200404027,25,0,0,,8:17:40,8:17:40,29860.0,29860.0
22787366,200404032,26,0,0,,8:19:20,8:19:20,29960.0,29960.0
22787365,200419022,0,0,0,,7:52:40,7:52:40,28360.0,28360.0
22787365,200419007,1,0,0,,7:54:20,7:54:20,28460.0,28460.0
22787365,200419035,2,0,0,,7:55:20,7:55:20,28520.0,28520.0
22787365,200419034,3,0,0,,7:56:20,7:56:20,28580.0,28580.0
22787365,200419002,4,0,0,,7:57:20,7:57:20,28640.0,28640.0
22787365,200419025,5,0,0,,7:58:30,7:58:30,28710.0,28710.0
22787365,200419026,6,0,0,,8:00:10,8:00:10,28810.0,28810.0
22787365,200405014,7,0,0,,8:01:30,8:01:30,28890.0,28890.0
22787365,200405020,8,0,0,,8:05:00,8:05:00,29100.0,29100.0
22787365,200405013,9,0,0,,8:08:10,8:08:10,29290.0,29290.0
22787365,200405039,10,0,0,,8:11:30,8:11:30,29490.0,29490.0
22787365,200405046,11,0,0,,8:13:50,8:13:50,29630.0,29630.0
22787365,200404034,12,0,0,,8:15:20,8:15:20,29720.0,29720.0
22787365,200404026,13,0,0,,8:16:30,8:16:30,29790.0,29790.0
22787365,200404035,14,0,0,,8:18:00,8:18:00,29880.0,29880.0
22787365,200404038,15,0,0,,8:18:50,8:18:50,29930.0,29930.0
22787365,200404019,16,0,0,,8:19:30,8:19:30,29970.0,29970.0
22787365,200404003,17,0,0,,8:20:20,8:20:20,30020.0,30020.0
22787365,200404018,18,0,0,,8:21:20,8:21:20,30080.0,30080.0
22787365,200404022,19,0,0,,8:22:10,8:22:10,30130.0,30130.0
22787365,200404029,20,0,0,,8:23:00,8:23:00,30180.0,30180.0
22787365,200404021,21,0,0,,8:23:40,8:23:40,30220.0,30220.0
22787365,200404033,22,0,0,,8:24:40,8:24:40,30280.0,30280.0
22787365,200404007,23,0,0,,8:25:10,8:25:10,30310.0,30310.0
22787365,200404037,24,0,0,,8:26:20,8:26:20,30380.0,30380.0
22787365,200404027,25,0,0,,8:27:40,8:27:40,30460.0,30460.0
22787365,200404032,26,0,0,,8:29:20,8:29:20,30560.0,30560.0
22787364,200419022,0,0,0,,8:02:40,8:02:40,28960.0,28960.0
22787364,200419007,1,0,0,,8:04:20,8:04:20,29060.0,29060.0
22787364,200419035,2,0,0,,8:05:20,8:05:20,29120.0,29120.0
22787364,200419034,3,0,0,,8:06:20,8:06:20,29180.0,29180.0
22787364,200419002,4,0,0,,8:07:20,8:07:20,29240.0,29240.0
22787364,200419025,5,0,0,,8:08:30,8:08:30,29310.0,29310.0
22787364,200419026,6,0,0,,8:10:10,8:10:10,29410.0,29410.0
22787364,200405014,7,0,0,,8:11:30,8:11:30,29490.0,29490.0
22787364,200405020,8,0,0,,8:15:00,8:15:00,29700.0,29700.0
22787364,200405013,9,0,0,,8:18:10,8:18:10,29890.0,29890.0
22787364,200405039,10,0,0,,8:21:30,8:21:30,30090.0,30090.0
22787364,200405046,11,0,0,,8:23:50,8:23:50,30230.0,30230.0
22787364,200404034,12,0,0,,8:25:20,8:25:20,30320.0,30320.0
22787364,200404026,13,0,0,,8:26:30,8:26:30,30390.0,30390.0
22787364,200404035,14,0,0,,8:28:00,8:28:00,30480.0,30480.0
22787364,200404038,15,0,0,,8:28:50,8:28:50,30530.0,30530.0
22787364,200404019,16,0,0,,8:29:30,8:29:30,30570.0,30570.0
22787364,200404003,17,0,0,,8:30:20,8:30:20,30620.0,30620.0
22787364,200404018,18,0,0,,8:31:20,8:31:20,30680.0,30680.0
22787364,200404022,19,0,0,,8:32:10,8:32:10,30730.0,30730.0
22787364,200404029,20,0,0,,8:33:00,8:33:00,30780.0,30780.0
22787364,200404021,21,0,0,,8:33:40,8:33:40,30820.0,30820.0
22787364,200404033,22,0,0,,8:34:40,8:34:40,30880.0,30880.0
22787364,200404007,23,0,0,,8:35:10,8:35:10,30910.0,30910.0
22787364,200404037,24,0,0,,8:36:20,8:36:20,30980.0,30980.0
22787364,200404027,25,0,0,,8:37:40,8:37:40,31060.0,31060.0
22787364,200404032,26,0,0,,8:39:20,8:39:20,31160.0,31160.0
22787363,200419022,0,0,0,,8:12:40,8:12:40,29560.0,29560.0
22787363,200419007,1,0,0,,8:14:20,8:14:20,29660.0,29660.0
22787363,200419035,2,0,0,,8:15:20,8:15:20,29720.0,29720.0
22787363,200419034,3,0,0,,8:16:20,8:16:20,29780.0,29780.0
22787363,200419002,4,0,0,,8:17:20,8:17:20,29840.0,29840.0
22787363,200419025,5,0,0,,8:18:30,8:18:30,29910.0,29910.0
22787363,200419026,6,0,0,,8:20:10,8:20:10,30010.0,30010.0
22787363,200405014,7,0,0,,8:21:30,8:21:30,30090.0,30090.0
22787363,200405020,8,0,0,,8:25:00,8:25:00,30300.0,30300.0
22787363,200405013,9,0,0,,8:28:10,8:28:10,30490.0,30490.0
22787363,200405039,10,0,0,,8:31:30,8:31:30,30690.0,30690.0
22787363,200405046,11,0,0,,8:33:50,8:33:50,30830.0,30830.0
22787363,200404034,12,0,0,,8:35:20,8:35:20,30920.0,30920.0
22787363,200404026,13,0,0,,8:36:30,8:36:30,30990.0,30990.0
22787363,200404035,14,0,0,,8:38:00,8:38:00,31080.0,31080.0
22787363,200404038,15,0,0,,8:38:50,8:38:50,31130.0,31130.0
22787363,200404019,16,0,0,,8:39:30,8:39:30,31170.0,31170.0
22787363,200404003,17,0,0,,8:40:20,8:40:20,31220.0,31220.0
22787363,200404018,18,0,0,,8:41:20,8:41:20,31280.0,31280.0
22787363,200404022,19,0,0,,8:42:10,8:42:10,31330.0,31330.0
22787363,200404029,20,0,0,,8:43:00,8:43:00,31380.0,31380.0
22787363,200404021,21,0,0,,8:43:40,8:43:40,31420.0,31420.0
22787363,200404033,22,0,0,,8:44:40,8:44:40,31480.0,31480.0
22787363,200404007,23,0,0,,8:45:10,8:45:10,31510.0,31510.0
22787363,200404037,24,0,0,,8:46:20,8:46:20,31580.0,31580.0
22787363,200404027,25,0,0,,8:47:40,8:47:40,31660.0,31660.0
22787363,200404032,26,0,0,,8:49:20,8:49:20,31760.0,31760.0
22787362,200419022,0,0,0,,8:22:40,8:22:40,30160.0,30160.0
22787362,200419007,1,0,0,,8:24:20,8:24:20,30260.0,30260.0
22787362,200419035,2,0,0,,8:25:20,8:25:20,30320.0,30320.0
22787362,200419034,3,0,0,,8:26:20,8:26:20,30380.0,30380.0
22787362,200419002,4,0,0,,8:27:20,8:27:20,30440.0,30440.0
22787362,200419025,5,0,0,,8:28:30,8:28:30,30510.0,30510.0
22787362,200419026,6,0,0,,8:30:10,8:30:10,30610.0,30610.0
22787362,200405014,7,0,0,,8:31:30,8:31:30,30690.0,30690.0
22787362,200405020,8,0,0,,8:35:00,8:35:00,30900.0,30900.0
22787362,200405013,9,0,0,,8:38:10,8:38:10,31090.0,31090.0
22787362,200405039,10,0,0,,8:41:30,8:41:30,31290.0,31290.0
22787362,200405046,11,0,0,,8:43:50,8:43:50,31430.0,31430.0
22787362,200404034,12,0,0,,8:45:20,8:45:20,31520.0,31520.0
22787362,200404026,13,0,0,,8:46:30,8:46:30,31590.0,31590.0
22787362,200404035,14,0,0,,8:48:00,8:48:00,31680.0,31680.0
22787362,200404038,15,0,0,,8:48:50,8:48:50,31730.0,31730.0
22787362,200404019,16,0,0,,8:49:30,8:49:30,31770.0,31770.0
22787362,200404003,17,0,0,,8:50:20,8:50:20,31820.0,31820.0
22787362,200404018,18,0,0,,8:51:20,8:51:20,31880.0,31880.0
22787362,200404022,19,0,0,,8:52:10,8:52:10,31930.0,31930.0
22787362,200404029,20,0,0,,8:53:00,8:53:00,31980.0,31980.0
22787362,200404021,21,0,0,,8:53:40,8:53:40,32020.0,32020.0
22787362,200404033,22,0,0,,8:54:40,8:54:40,32080.0,32080.0
22787362,200404007,23,0,0,,8:55:10,8:55:10,32110.0,32110.0
22787362,200404037,24,0,0,,8:56:20,8:56:20,32180.0,32180.0
22787362,200404027,25,0,0,,8:57:40,8:57:40,32260.0,32260.0
22787362,200404032,26,0,0,,8:59:20,8:59:20,32360.0,32360.0
22787361,200419022,0,0,0,,8:32:40,8:32:40,30760.0,30760.0
22787361,200419007,1,0,0,,8:34:20,8:34:20,30860.0,30860.0
22787361,200419035,2,0,0,,8:35:20,8:35:20,30920.0,30920.0
22787361,200419034,3,0,0,,8:36:20,8:36:20,30980.0,30980.0
22787361,200419002,4,0,0,,8:37:20,8:37:20,31040.0,31040.0
22787361,200419025,5,0,0,,8:38:30,8:38:30,31110.0,31110.0
22787361,200419026,6,0,0,,8:40:10,8:40:10,31210.0,31210.0
22787361,200405014,7,0,0,,8:41:30,8:41:30,31290.0,31290.0
22787361,200405020,8,0,0,,8:45:00,8:45:00,31500.0,31500.0
22787361,200405013,9,0,0,,8:48:10,8:48:10,31690.0,31690.0
22787361,200405039,10,0,0,,8:51:30,8:51:30,31890.0,31890.0
22787361,200405046,11,0,0,,8:53:50,8:53:50,32030.0,32030.0
22787361,200404034,12,0,0,,8:55:20,8:55:20,32120.0,32120.0
22787361,200404026,13,0,0,,8:56:30,8:56:30,32190.0,32190.0
22787361,200404035,14,0,0,,8:58:00,8:58:00,32280.0,32280.0
22787361,200404038,15,0,0,,8:58:50,8:58:50,32330.0,32330.0
22787361,200404019,16,0,0,,8:59:30,8:59:30,32370.0,32370.0
22787360,200419022,0,0,0,,8:42:40,8:42:40,31360.0,31360.0
22787360,200419007,1,0,0,,8:44:20,8:44:20,31460.0,31460.0
22787360,200419035,2,0,0,,8:45:20,8:45:20,31520.0,31520.0
22787360,200419034,3,0,0,,8:46:20,8:46:20,31580.0,31580.0
22787360,200419002,4,0,0,,8:47:20,8:47:20,31640.0,31640.0
22787360,200419025,5,0,0,,8:48:30,8:48:30,31710.0,31710.0
22787360,200419026,6,0,0,,8:50:10,8:50:10,31810.0,31810.0
22787360,200405014,7,0,0,,8:51:30,8:51:30,31890.0,31890.0
22787360,200405020,8,0,0,,8:55:00,8:55:00,32100.0,32100.0
22787360,200405013,9,0,0,,8:58:10,8:58:10,32290.0,32290.0
22787359,200419022,0,0,0,,8:52:40,8:52:40,31960.0,31960.0
22787359,200419007,1,0,0,,8:54:20,8:54:20,32060.0,32060.0
22787359,200419035,2,0,0,,8:55:20,8:55:20,32120.0,32120.0
22787359,200419034,3,0,0,,8:56:20,8:56:20,32180.0,32180.0
22787359,200419002,4,0,0,,8:57:20,8:57:20,32240.0,32240.0
22787359,200419025,5,0,0,,8:58:30,8:58:30,32310.0,32310.0
22781857,200417019,19,0,0,,7:01:30,7:01:30,25290.0,25290.0
22781857,200417039,20,0,0,,7:03:00,7:03:00,25380.0,25380.0
22781857,200417060,21,0,0,,7:04:00,7:04:00,25440.0,25440.0
22781857,200417022,22,0,0,,7:05:00,7:05:00,25500.0,25500.0
22781857,200417025,23,0,0,,7:05:30,7:05:30,25530.0,25530.0
22781857,200417033,24,0,0,,7:06:50,7:06:50,25610.0,25610.0
22781857,200417023,25,0,0,,7:08:10,7:08:10,25690.0,25690.0
22781856,200405014,14,0,0,,7:01:40,7:01:40,25300.0,25300.0
22781856,200417047,15,0,0,,7:04:00,7:04:00,25440.0,25440.0
22781856,200417007,16,0,0,,7:06:30,7:06:30,25590.0,25590.0
22781856,200417016,17,0,0,,7:08:20,7:08:20,25700.0,25700.0
22781856,200417005,18,0,0,,7:09:40,7:09:40,25780.0,25780.0
22781856,200417019,19,0,0,,7:11:30,7:11:30,25890.0,25890.0
22781856,200417039,20,0,0,,7:13:00,7:13:00,25980.0,25980.0
22781856,200417060,21,0,0,,7:14:00,7:14:00,26040.0,26040.0
22781856,200417022,22,0,0,,7:15:00,7:15:00,26100.0,26100.0
22781856,200417025,23,0,0,,7:15:30,7:15:30,26130.0,26130.0
22781856,200417033,24,0,0,,7:16:50,7:16:50,26210.0,26210.0
22781856,200417023,25,0,0,,7:18:10,7:18:10,26290.0,26290.0
22781855,200405036,10,0,0,,7:01:10,7:01:10,25270.0,25270.0
22781855,200405001,11,0,0,,7:03:30,7:03:30,25410.0,25410.0
22781855,200405013,12,0,0,,7:06:00,7:06:00,25560.0,25560.0
22781855,200405020,13,0,0,,7:09:00,7:09:00,25740.0,25740.0
22781855,200405014,14,0,0,,7:11:40,7:11:40,25900.0,25900.0
22781855,200417047,15,0,0,,7:14:00,7:14:00,26040.0,26040.0
22781855,200417007,16,0,0,,7:16:30,7:16:30,26190.0,26190.0
22781855,200417016,17,0,0,,7:18:20,7:18:20,26300.0,26300.0
22781855,200417005,18,0,0,,7:19:40,7:19:40,26380.0,26380.0
22781855,200417019,19,0,0,,7:21:30,7:21:30,26490.0,26490.0
22781855,200417039,20,0,0,,7:23:00,7:23:00,26580.0,26580.0
22781855,200417060,21,0,0,,7:24:00,7:24:00,26640.0,26640.0
22781855,200417022,22,0,0,,7:25:00,7:25:00,26700.0,26700.0
22781855,200417025,23,0,0,,7:25:30,7:25:30,26730.0,26730.0
22781855,200417033,24,0,0,,7:26:50,7:26:50,26810.0,26810.0
22781855,200417023,25,0,0,,7:28:10,7:28:10,26890.0,26890.0
22781854,200412006,4,0,0,,7:00:20,7:00:20,25220.0,25220.0
22781854,200412028,5,0,0,,7:02:10,7:02:10,25330.0,25330.0
22781854,200412009,6,0,0,,7:04:00,7:04:00,25440.0,25440.0
22781854,200415004,7,0,0,,7:05:50,7:05:50,25550.0,25550.0
22781854,200412012,8,0,0,,7:06:50,7:06:50,25610.0,25610.0
22781854,200405003,9,0,0,,7:08:00,7:08:00,25680.0,25680.0
22781854,200405036,10,0,0,,7:11:10,7:11:10,25870.0,25870.0
22781854,200405001,11,0,0,,7:13:30,7:13:30,26010.0,26010.0
22781854,200405013,12,0,0,,7:16:00,7:16:00,26160.0,26160.0
22781854,200405020,13,0,0,,7:19:00,7:19:00,26340.0,26340.0
22781854,200405014,14,0,0,,7:21:40,7:21:40,26500.0,26500.0
22781854,200417047,15,0,0,,7:24:00,7:24:00,26640.0,26640.0
22781854,200417007,16,0,0,,7:26:30,7:26:30,26790.0,26790.0
22781854,200417016,17,0,0,,7:28:20,7:28:20,26900.0,26900.0
22781854,200417005,18,0,0,,7:29:40,7:29:40,26980.0,26980.0
22781854,200417019,19,0,0,,7:31:30,7:31:30,27090.0,27090.0
22781854,200417039,20,0,0,,7:33:00,7:33:00,27180.0,27180.0
22781854,200417060,21,0,0,,7:34:00,7:34:00,27240.0,27240.0
22781854,200417022,22,0,0,,7:35:00,7:35:00,27300.0,27300.0
22781854,200417025,23,0,0,,7:35:30,7:35:30,27330.0,27330.0
22781854,200417033,24,0,0,,7:36:50,7:36:50,27410.0,27410.0
22781854,200417023,25,0,0,,7:38:10,7:38:10,27490.0,27490.0
22781853,221107003,0,0,0,,7:04:40,7:04:40,25480.0,25480.0
22781853,200418001,1,0,0,,7:06:30,7:06:30,25590.0,25590.0
22781853,200412031,2,0,0,,7:08:00,7:08:00,25680.0,25680.0
22781853,200412018,3,0,0,,7:08:50,7:08:50,25730.0,25730.0
22781853,200412006,4,0,0,,7:10:20,7:10:20,25820.0,25820.0
22781853,200412028,5,0,0,,7:12:10,7:12:10,25930.0,25930.0
22781853,200412009,6,0,0,,7:14:00,7:14:00,26040.0,26040.0
22781853,200415004,7,0,0,,7:15:50,7:15:50,26150.0,26150.0
22781853,200412012,8,0,0,,7:16:50,7:16:50,26210.0,26210.0
22781853,200405003,9,0,0,,7:18:00,7:18:00,26280.0,26280.0
22781853,200405036,10,0,0,,7:21:10,7:21:10,26470.0,26470.0
22781853,200405001,11,0,0,,7:23:30,7:23:30,26610.0,26610.0
22781853,200405013,12,0,0,,7:26:00,7:26:00,26760.0,26760.0
22781853,200405020,13,0,0,,7:29:00,7:29:00,26940.0,26940.0
22781853,200405014,14,0,0,,7:31:40,7:31:40,27100.0,27100.0
22781853,200417047,15,0,0,,7:34:00,7:34:00,27240.0,27240.0
22781853,200417007,16,0,0,,7:36:30,7:36:30,27390.0,27390.0
22781853,200417016,17,0,0,,7:38:20,7:38:20,27500.0,27500.0
22781853,200417005,18,0,0,,7:39:40,7:39:40,27580.0,27580.0
22781853,200417019,19,0,0,,7:41:30,7:41:30,27690.0,27690.0
22781853,200417039,20,0,0,,7:43:00,7:43:00,27780.0,27780.0
22781853,200417060,21,0,0,,7:44:00,7:44:00,27840.0,27840.0
22781853,200417022,22,0,0,,7:45:00,7:45:00,27900.0,27900.0
22781853,200417025,23,0,0,,7:45:30,7:45:30,27930.0,27930.0
22781853,200417033,24,0,0,,7:46:50,7:46:50,28010.0,28010.0
22781853,200417023,25,0,0,,7:48:10,7:48:10,28090.0,28090.0
22781852,221107003,0,0,0,,7:14:40,7:14:40,26080.0,26080.0
22781852,200418001,1,0,0,,7:16:30,7:16:30,26190.0,26190.0
22781852,200412031,2,0,0,,7:18:00,7:18:00,26280.0,26280.0
22781852,200412018,3,0,0,,7:18:50,7:18:50,26330.0,26330.0
22781852,200412006,4,0,0,,7:20:20,7:20:20,26420.0,26420.0
22781852,200412028,5,0,0,,7:22:10,7:22:10,26530.0,26530.0
22781852,200412009,6,0,0,,7:24:00,7:24:00,26640.0,26640.0
22781852,200415004,7,0,0,,7:25:50,7:25:50,26750.0,26750.0
22781852,200412012,8,0,0,,7:26:50,7:26:50,26810.0,26810.0
22781852,200405003,9,0,0,,7:28:00,7:28:00,26880.0,26880.0
22781852,200405036,10,0,0,,7:31:10,7:31:10,27070.0,27070.0
22781852,200405001,11,0,0,,7:33:30,7:33:30,27210.0,27210.0
22781852,200405013,12,0,0,,7:36:00,7:36:00,27360.0,27360.0
22781852,200405020,13,0,0,,7:39:00,7:39:00,27540.0,27540.0
22781852,200405014,14,0,0,,7:41:40,7:41:40,27700.0,27700.0
22781852,200417047,15,0,0,,7:44:00,7:44:00,27840.0,27840.0
22781852,200417007,16,0,0,,7:46:30,7:46:30,27990.0,27990.0
22781852,200417016,17,0,0,,7:48:20,7:48:20,28100.0,28100.0
22781852,200417005,18,0,0,,7:49:40,7:49:40,28180.0,28180.0
22781852,200417019,19,0,0,,7:51:30,7:51:30,28290.0,28290.0
22781852,200417039,20,0,0,,7:53:00,7:53:00,28380.0,28380.0
22781852,200417060,21,0,0,,7:54:00,7:54:00,28440.0,28440.0
22781852,200417022,22,0,0,,7:55:00,7:55:00,28500.0,28500.0
22781852,200417025,23,0,0,,7:55:30,7:55:30,28530.0,28530.0
22781852,200417033,24,0,0,,7:56:50,7:56:50,28610.0,28610.0
22781852,200417023,25,0,0,,7:58:10,7:58:10,28690.0,28690.0
22781851,221107003,0,0,0,,7:24:40,7:24:40,26680.0,26680.0
22781851,200418001,1,0,0,,7:26:30,7:26:30,26790.0,26790.0
22781851,200412031,2,0,0,,7:28:00,7:28:00,26880.0,26880.0
22781851,200412018,3,0,0,,7:28:50,7:28:50,26930.0,26930.0
22781851,200412006,4,0,0,,7:30:20,7:30:20,27020.0,27020.0
22781851,200412028,5,0,0,,7:32:10,7:32:10,27130.0,27130.0
22781851,200412009,6,0,0,,7:34:00,7:34:00,27240.0,27240.0
22781851,200415004,7,0,0,,7:35:50,7:35:50,27350.0,27350.0
22781851,200412012,8,0,0,,7:36:50,7:36:50,27410.0,27410.0
22781851,200405003,9,0,0,,7:38:00,7:38:00,27480.0,27480.0
22781851,200405036,10,0,0,,7:41:10,7:41:10,27670.0,27670.0
22781851,200405001,11,0,0,,7:43:30,7:43:30,27810.0,27810.0
22781851,200405013,12,0,0,,7:46:00,7:46:00,27960.0,27960.0
22781851,200405020,13,0,0,,7:49:00,7:49:00,28140.0,28140.0
22781851,200405014,14,0,0,,7:51:40,7:51:40,28300.0,28300.0
22781851,200417047,15,0,0,,7:54:00,7:54:00,28440.0,28440.0
22781851,200417007,16,0,0,,7:56:30,7:56:30,28590.0,28590.0
22781851,200417016,17,0,0,,7:58:20,7:58:20,28700.0,28700.0
22781851,200417005,18,0,0,,7:59:40,7:59:40,28780.0,28780.0
22781851,200417019,19,0,0,,8:01:30,8:01:30,28890.0,28890.0
22781851,200417039,20,0,0,,8:03:00,8:03:00,28980.0,28980.0
22781851,200417060,21,0,0,,8:04:00,8:04:00,29040.0,29040.0
22781851,200417022,22,0,0,,8:05:00,8:05:00,29100.0,29100.0
22781851,200417025,23,0,0,,8:05:30,8:05:30,29130.0,29130.0
22781851,200417033,24,0,0,,8:06:50,8:06:50,29210.0,29210.0
22781851,200417023,25,0,0,,8:08:10,8:08:10,29290.0,29290.0
22781850,221107003,0,0,0,,7:34:40,7:34:40,27280.0,27280.0
22781850,200418001,1,0,0,,7:36:30,7:36:30,27390.0,27390.0
22781850,200412031,2,0,0,,7:38:00,7:38:00,27480.0,27480.0
22781850,200412018,3,0,0,,7:38:50,7:38:50,27530.0,27530.0
22781850,200412006,4,0,0,,7:40:20,7:40:20,27620.0,27620.0
22781850,200412028,5,0,0,,7:42:10,7:42:10,27730.0,27730.0
22781850,200412009,6,0,0,,7:44:00,7:44:00,27840.0,27840.0
22781850,200415004,7,0,0,,7:45:50,7:45:50,27950.0,27950.0
22781850,200412012,8,0,0,,7:46:50,7:46:50,28010.0,28010.0
22781850,200405003,9,0,0,,7:48:00,7:48:00,28080.0,28080.0
22781850,200405036,10,0,0,,7:51:10,7:51:10,28270.0,28270.0
22781850,200405001,11,0,0,,7:53:30,7:53:30,28410.0,28410.0
22781850,200405013,12,0,0,,7:56:00,7:56:00,28560.0,28560.0
22781850,200405020,13,0,0,,7:59:00,7:59:00,28740.0,28740.0
22781850,200405014,14,0,0,,8:01:40,8:01:40,28900.0,28900.0
22781850,200417047,15,0,0,,8:04:00,8:04:00,29040.0,29040.0
22781850,200417007,16,0,0,,8:06:30,8:06:30,29190.0,29190.0
22781850,200417016,17,0,0,,8:08:20,8:08:20,29300.0,29300.0
22781850,200417005,18,0,0,,8:09:40,8:09:40,29380.0,29380.0
22781850,200417019,19,0,0,,8:11:30,8:11:30,29490.0,29490.0
22781850,200417039,20,0,0,,8:13:00,8:13:00,29580.0,29580.0
22781850,200417060,21,0,0,,8:14:00,8:14:00,29640.0,29640.0
22781850,200417022,22,0,0,,8:15:00,8:15:00,29700.0,29700.0
22781850,200417025,23,0,0,,8:15:30,8:15:30,29730.0,29730.0
22781850,200417033,24,0,0,,8:16:50,8:16:50,29810.0,29810.0
22781850,200417023,25,0,0,,8:18:10,8:18:10,29890.0,29890.0
22781849,221107003,0,0,0,,7:44:40,7:44:40,27880.0,27880.0
22781849,200418001,1,0,0,,7:46:30,7:46:30,27990.0,27990.0
22781849,200412031,2,0,0,,7:48:00,7:48:00,28080.0,28080.0
22781849,200412018,3,0,0,,7:48:50,7:48:50,28130.0,28130.0
22781849,200412006,4,0,0,,7:50:20,7:50:20,28220.0,28220.0
22781849,200412028,5,0,0,,7:52:10,7:52:10,28330.0,28330.0
22781849,200412009,6,0,0,,7:54:00,7:54:00,28440.0,28440.0
22781849,200415004,7,0,0,,7:55:50,7:55:50,28550.0,28550.0
22781849,200412012,8,0,0,,7:56:50,7:56:50,28610.0,28610.0
22781849,200405003,9,0,0,,7:58:00,7:58:00,28680.0,28680.0
22781849,200405036,10,0,0,,8:01:10,8:01:10,28870.0,28870.0
22781849,200405001,11,0,0,,8:03:30,8:03:30,29010.0,29010.0
22781849,200405013,12,0,0,,8:06:00,8:06:00,29160.0,29160.0
22781849,200405020,13,0,0,,8:09:00,8:09:00,29340.0,29340.0
22781849,200405014,14,0,0,,8:11:40,8:11:40,29500.0,29500.0
22781849,200417047,15,0,0,,8:14:00,8:14:00,29640.0,29640.0
22781849,200417007,16,0,0,,8:16:30,8:16:30,29790.0,29790.0
22781849,200417016,17,0,0,,8:18:20,8:18:20,29900.0,29900.0
22781849,200417005,18,0,0,,8:19:40,8:19:40,29980.0,29980.0
22781849,200417019,19,0,0,,8:21:30,8:21:30,30090.0,30090.0
22781849,200417039,20,0,0,,8:23:00,8:23:00,30180.0,30180.0
22781849,200417060,21,0,0,,8:24:00,8:24:00,30240.0,30240.0
22781849,200417022,22,0,0,,8:25:00,8:25:00,30300.0,30300.0
22781849,200417025,23,0,0,,8:25:30,8:25:30,30330.0,30330.0
22781849,200417033,24,0,0,,8:26:50,8:26:50,30410.0,30410.0
22781849,200417023,25,0,0,,8:28:10,8:28:10,30490.0,30490.0
22781848,221107003,0,0,0,,7:54:40,7:54:40,28480.0,28480.0
22781848,200418001,1,0,0,,7:56:30,7:56:30,28590.0,28590.0
22781848,200412031,2,0,0,,7:58:00,7:58:00,28680.0,28680.0
22781848,200412018,3,0,0,,7:58:50,7:58:50,28730.0,28730.0
22781848,200412006,4,0,0,,8:00:20,8:00:20,28820.0,28820.0
22781848,200412028,5,0,0,,8:02:10,8:02:10,28930.0,28930.0
22781848,200412009,6,0,0,,8:04:00,8:04:00,29040.0,29040.0
22781848,200415004,7,0,0,,8:05:50,8:05:50,29150.0,29150.0
22781848,200412012,8,0,0,,8:06:50,8:06:50,29210.0,29210.0
22781848,200405003,9,0,0,,8:08:00,8:08:00,29280.0,29280.0
22781848,200405036,10,0,0,,8:11:10,8:11:10,29470.0,29470.0
22781848,200405001,11,0,0,,8:13:30,8:13:30,29610.0,29610.0
22781848,200405013,12,0,0,,8:16:00,8:16:00,29760.0,29760.0
22781848,200405020,13,0,0,,8:19:00,8:19:00,29940.0,29940.0
22781848,200405014,14,0,0,,8:21:40,8:21:40,30100.0,30100.0
22781848,200417047,15,0,0,,8:24:00,8:24:00,30240.0,30240.0
22781848,200417007,16,0,0,,8:26:30,8:26:30,30390.0,30390.0
22781848,200417016,17,0,0,,8:28:20,8:28:20,30500.0,30500.0
22781848,200417005,18,0,0,,8:29:40,8:29:40,30580.0,30580.0
22781848,200417019,19,0,0,,8:31:30,8:31:30,30690.0,30690.0
22781848,200417039,20,0,0,,8:33:00,8:33:00,30780.0,30780.0
22781848,200417060,21,0,0,,8:34:00,8:34:00,30840.0,30840.0
22781848,200417022,22,0,0,,8:35:00,8:35:00,30900.0,30900.0
22781848,200417025,23,0,0,,8:35:30,8:35:30,30930.0,30930.0
22781848,200417033,24,0,0,,8:36:50,8:36:50,31010.0,31010.0
22781848,200417023,25,0,0,,8:38:10,8:38:10,31090.0,31090.0
22781847,221107003,0,0,0,,8:04:40,8:04:40,29080.0,29080.0
22781847,200418001,1,0,0,,8:06:30,8:06:30,29190.0,29190.0
22781847,200412031,2,0,0,,8:08:00,8:08:00,29280.0,29280.0
22781847,200412018,3,0,0,,8:08:50,8:08:50,29330.0,29330.0
22781847,200412006,4,0,0,,8:10:20,8:10:20,29420.0,29420.0
22781847,200412028,5,0,0,,8:12:10,8:12:10,29530.0,29530.0
22781847,200412009,6,0,0,,8:14:00,8:14:00,29640.0,29640.0
22781847,200415004,7,0,0,,8:15:50,8:15:50,29750.0,29750.0
22781847,200412012,8,0,0,,8:16:50,8:16:50,29810.0,29810.0
22781847,200405003,9,0,0,,8:18:00,8:18:00,29880.0,29880.0
22781847,200405036,10,0,0,,8:21:10,8:21:10,30070.0,30070.0
22781847,200405001,11,0,0,,8:23:30,8:23:30,30210.0,30210.0
22781847,200405013,12,0,0,,8:26:00,8:26:00,30360.0,30360.0
22781847,200405020,13,0,0,,8:29:00,8:29:00,30540.0,30540.0
22781847,200405014,14,0,0,,8:31:40,8:31:40,30700.0,30700.0
22781847,200417047,15,0,0,,8:34:00,8:34:00,30840.0,30840.0
22781847,200417007,16,0,0,,8:36:30,8:36:30,30990.0,30990.0
22781847,200417016,17,0,0,,8:38:20,8:38:20,31100.0,31100.0
22781847,200417005,18,0,0,,8:39:40,8:39:40,31180.0,31180.0
22781847,200417019,19,0,0,,8:41:30,8:41:30,31290.0,31290.0
22781847,200417039,20,0,0,,8:43:00,8:43:00,31380.0,31380.0
22781847,200417060,21,0,0,,8:44:00,8:44:00,31440.0,31440.0
22781847,200417022,22,0,0,,8:45:00,8:45:00,31500.0,31500.0
22781847,200417025,23,0,0,,8:45:30,8:45:30,31530.0,31530.0
22781847,200417033,24,0,0,,8:46:50,8:46:50,31610.0,31610.0
22781847,200417023,25,0,0,,8:48:10,8:48:10,31690.0,31690.0
22781846,221107003,0,0,0,,8:14:40,8:14:40,29680.0,29680.0
22781846,200418001,1,0,0,,8:16:30,8:16:30,29790.0,29790.0
22781846,200412031,2,0,0,,8:18:00,8:18:00,29880.0,29880.0
22781846,200412018,3,0,0,,8:18:50,8:18:50,29930.0,29930.0
22781846,200412006,4,0,0,,8:20:20,8:20:20,30020.0,30020.0
22781846,200412028,5,0,0,,8:22:10,8:22:10,30130.0,30130.0
22781846,200412009,6,0,0,,8:24:00,8:24:00,30240.0,30240.0
22781846,200415004,7,0,0,,8:25:50,8:25:50,30350.0,30350.0
22781846,200412012,8,0,0,,8:26:50,8:26:50,30410.0,30410.0
22781846,200405003,9,0,0,,8:28:00,8:28:00,30480.0,30480.0
22781846,200405036,10,0,0,,8:31:10,8:31:10,30670.0,30670.0
22781846,200405001,11,0,0,,8:33:30,8:33:30,30810.0,30810.0
22781846,200405013,12,0,0,,8:36:00,8:36:00,30960.0,30960.0
22781846,200405020,13,0,0,,8:39:00,8:39:00,31140.0,31140.0
22781846,200405014,14,0,0,,8:41:40,8:41:40,31300.0,31300.0
22781846,200417047,15,0,0,,8:44:00,8:44:00,31440.0,31440.0
22781846,200417007,16,0,0,,8:46:30,8:46:30,31590.0,31590.0
22781846,200417016,17,0,0,,8:48:20,8:48:20,31700.0,31700.0
22781846,200417005,18,0,0,,8:49:40,8:49:40,31780.0,31780.0
22781846,200417019,19,0,0,,8:51:30,8:51:30,31890.0,31890.0
22781846,200417039,20,0,0,,8:53:00,8:53:00,31980.0,31980.0
22781846,200417060,21,0,0,,8:54:00,8:54:00,32040.0,32040.0
22781846,200417022,22,0,0,,8:55:00,8:55:00,32100.0,32100.0
22781846,200417025,23,0,0,,8:55:30,8:55:30,32130.0,32130.0
22781846,200417033,24,0,0,,8:56:50,8:56:50,32210.0,32210.0
22781846,200417023,25,0,0,,8:58:10,8:58:10,32290.0,32290.0
22781845,221107003,0,0,0,,8:24:40,8:24:40,30280.0,30280.0
22781845,200418001,1,0,0,,8:26:30,8:26:30,30390.0,30390.0
22781845,200412031,2,0,0,,8:28:00,8:28:00,30480.0,30480.0
22781845,200412018,3,0,0,,8:28:50,8:28:50,30530.0,30530.0
22781845,200412006,4,0,0,,8:30:20,8:30:20,30620.0,30620.0
22781845,200412028,5,0,0,,8:32:10,8:32:10,30730.0,30730.0
22781845,200412009,6,0,0,,8:34:00,8:34:00,30840.0,30840.0
22781845,200415004,7,0,0,,8:35:50,8:35:50,30950.0,30950.0
22781845,200412012,8,0,0,,8:36:50,8:36:50,31010.0,31010.0
22781845,200405003,9,0,0,,8:38:00,8:38:00,31080.0,31080.0
22781845,200405036,10,0,0,,8:41:10,8:41:10,31270.0,31270.0
22781845,200405001,11,0,0,,8:43:30,8:43:30,31410.0,31410.0
22781845,200405013,12,0,0,,8:46:00,8:46:00,31560.0,31560.0
22781845,200405020,13,0,0,,8:49:00,8:49:00,31740.0,31740.0
22781845,200405014,14,0,0,,8:51:40,8:51:40,31900.0,31900.0
22781845,200417047,15,0,0,,8:54:00,8:54:00,32040.0,32040.0
22781845,200417007,16,0,0,,8:56:30,8:56:30,32190.0,32190.0
22781845,200417016,17,0,0,,8:58:20,8:58:20,32300.0,32300.0
22781845,200417005,18,0,0,,8:59:40,8:59:40,32380.0,32380.0
22781844,221107003,0,0,0,,8:34:40,8:34:40,30880.0,30880.0
22781844,200418001,1,0,0,,8:36:30,8:36:30,30990.0,30990.0
22781844,200412031,2,0,0,,8:38:00,8:38:00,31080.0,31080.0
22781844,200412018,3,0,0,,8:38:50,8:38:50,31130.0,31130.0
22781844,200412006,4,0,0,,8:40:20,8:40:20,31220.0,31220.0
22781844,200412028,5,0,0,,8:42:10,8:42:10,31330.0,31330.0
22781844,200412009,6,0,0,,8:44:00,8:44:00,31440.0,31440.0
22781844,200415004,7,0,0,,8:45:50,8:45:50,31550.0,31550.0
22781844,200412012,8,0,0,,8:46:50,8:46:50,31610.0,31610.0
22781844,200405003,9,0,0,,8:48:00,8:48:00,31680.0,31680.0
22781844,200405036,10,0,0,,8:51:10,8:51:10,31870.0,31870.0
22781844,200405001,11,0,0,,8:53:30,8:53:30,32010.0,32010.0
22781844,200405013,12,0,0,,8:56:00,8:56:00,32160.0,32160.0
22781844,200405020,13,0,0,,8:59:00,8:59:00,32340.0,32340.0
22781843,221107003,0,0,0,,8:44:40,8:44:40,31480.0,31480.0
22781843,200418001,1,0,0,,8:46:30,8:46:30,31590.0,31590.0
22781843,200412031,2,0,0,,8:48:00,8:48:00,31680.0,31680.0
22781843,200412018,3,0,0,,8:48:50,8:48:50,31730.0,31730.0
22781843,200412006,4,0,0,,8:50:20,8:50:20,31820.0,31820.0
22781843,200412028,5,0,0,,8:52:10,8:52:10,31930.0,31930.0
22781843,200412009,6,0,0,,8:54:00,8:54:00,32040.0,32040.0
22781843,200415004,7,0,0,,8:55:50,8:55:50,32150.0,32150.0
22781843,200412012,8,0,0,,8:56:50,8:56:50,32210.0,32210.0
22781843,200405003,9,0,0,,8:58:00,8:58:00,32280.0,32280.0
22781842,221107003,0,0,0,,8:54:40,8:54:40,32080.0,32080.0
22781842,200418001,1,0,0,,8:56:30,8:56:30,32190.0,32190.0
22781842,200412031,2,0,0,,8:58:00,8:58:00,32280.0,32280.0
22781842,200412018,3,0,0,,8:58:50,8:58:50,32330.0,32330.0
22777247,200415005,2,0,0,,7:00:00,7:00:00,25200.0,25200.0
22777247,200405025,3,0,0,,7:04:00,7:04:00,25440.0,25440.0
22777246,200415009,0,0,0,,7:06:40,7:06:40,25600.0,25600.0
22777246,200415017,1,0,0,,7:07:20,7:07:20,25640.0,25640.0
22777246,200415005,2,0,0,,7:10:00,7:10:00,25800.0,25800.0
22777246,200405025,3,0,0,,7:14:00,7:14:00,26040.0,26040.0
22777245,200415009,0,0,0,,7:16:40,7:16:40,26200.0,26200.0
22777245,200415017,1,0,0,,7:17:20,7:17:20,26240.0,26240.0
22777245,200415005,2,0,0,,7:20:00,7:20:00,26400.0,26400.0
22777245,200405025,3,0,0,,7:24:00,7:24:00,26640.0,26640.0
22777244,200415009,0,0,0,,7:26:40,7:26:40,26800.0,26800.0
22777244,200415017,1,0,0,,7:27:20,7:27:20,26840.0,26840.0
22777244,200415005,2,0,0,,7:30:00,7:30:00,27000.0,27000.0
22777244,200405025,3,0,0,,7:34:00,7:34:00,27240.0,27240.0
22777243,200415009,0,0,0,,7:33:40,7:33:40,27220.0,27220.0
22777243,200415017,1,0,0,,7:34:20,7:34:20,27260.0,27260.0
22777243,200415005,2,0,0,,7:37:00,7:37:00,27420.0,27420.0
22777243,200405025,3,0,0,,7:41:00,7:41:00,27660.0,27660.0
22777242,200415009,0,0,0,,7:40:40,7:40:40,27640.0,27640.0
22777242,200415017,1,0,0,,7:41:20,7:41:20,27680.0,27680.0
22777242,200415005,2,0,0,,7:44:00,7:44:00,27840.0,27840.0
22777242,200405025,3,0,0,,7:48:00,7:48:00,28080.0,28080.0
22777241,200415009,0,0,0,,7:46:40,7:46:40,28000.0,28000.0
22777241,200415017,1,0,0,,7:47:20,7:47:20,28040.0,28040.0
22777241,200415005,2,0,0,,7:50:00,7:50:00,28200.0,28200.0
22777241,200405025,3,0,0,,7:54:00,7:54:00,28440.0,28440.0
22777240,200415009,0,0,0,,7:53:40,7:53:40,28420.0,28420.0
22777240,200415017,1,0,0,,7:54:20,7:54:20,28460.0,28460.0
22777240,200415005,2,0,0,,7:57:00,7:57:00,28620.0,28620.0
22777240,200405025,3,0,0,,8:01:00,8:01:00,28860.0,28860.0
22777239,200415009,0,0,0,,8:00:40,8:00:40,28840.0,28840.0
22777239,200415017,1,0,0,,8:01:20,8:01:20,28880.0,28880.0
22777239,200415005,2,0,0,,8:04:00,8:04:00,29040.0,29040.0
22777239,200405025,3,0,0,,8:08:00,8:08:00,29280.0,29280.0
22777238,200415009,0,0,0,,8:06:40,8:06:40,29200.0,29200.0
22777238,200415017,1,0,0,,8:07:20,8:07:20,29240.0,29240.0
22777238,200415005,2,0,0,,8:10:00,8:10:00,29400.0,29400.0
22777238,200405025,3,0,0,,8:14:00,8:14:00,29640.0,29640.0
22777237,200415009,0,0,0,,8:13:40,8:13:40,29620.0,29620.0
22777237,200415017,1,0,0,,8:14:20,8:14:20,29660.0,29660.0
22777237,200415005,2,0,0,,8:17:00,8:17:00,29820.0,29820.0
22777237,200405025,3,0,0,,8:21:00,8:21:00,30060.0,30060.0
22777236,200415009,0,0,0,,8:20:40,8:20:40,30040.0,30040.0
22777236,200415017,1,0,0,,8:21:20,8:21:20,30080.0,30080.0
22777236,200415005,2,0,0,,8:24:00,8:24:00,30240.0,30240.0
22777236,200405025,3,0,0,,8:28:00,8:28:00,30480.0,30480.0
22777235,200415009,0,0,0,,8:26:40,8:26:40,30400.0,30400.0
22777235,200415017,1,0,0,,8:27:20,8:27:20,30440.0,30440.0
22777235,200415005,2,0,0,,8:30:00,8:30:00,30600.0,30600.0
22777235,200405025,3,0,0,,8:34:00,8:34:00,30840.0,30840.0
22777234,200415009,0,0,0,,8:36:40,8:36:40,31000.0,31000.0
22777234,200415017,1,0,0,,8:37:20,8:37:20,31040.0,31040.0
22777234,200415005,2,0,0,,8:40:00,8:40:00,31200.0,31200.0
22777234,200405025,3,0,0,,8:44:00,8:44:00,31440.0,31440.0
22777233,200415009,0,0,0,,8:46:40,8:46:40,31600.0,31600.0
22777233,200415017,1,0,0,,8:47:20,8:47:20,31640.0,31640.0
22777233,200415005,2,0,0,,8:50:00,8:50:00,31800.0,31800.0
22777233,200405025,3,0,0,,8:54:00,8:54:00,32040.0,32040.0
22777232,200415009,0,0,0,,8:56:40,8:56:40,32200.0,32200.0
22777232,200415017,1,0,0,,8:57:20,8:57:20,32240.0,32240.0
22777232,200415005,2,0,0,,9:00:00,9:00:00,32400.0,32400.0
22777064,200415017,2,0,0,,7:01:00,7:01:00,25260.0,25260.0
22777064,200415009,3,0,0,,7:02:10,7:02:10,25330.0,25330.0
22777063,200405025,0,0,0,,7:04:00,7:04:00,25440.0,25440.0
22777063,200415005,1,0,0,,7:08:20,7:08:20,25700.0,25700.0
22777063,200415017,2,0,0,,7:11:00,7:11:00,25860.0,25860.0
22777063,200415009,3,0,0,,7:12:10,7:12:10,25930.0,25930.0
22777062,200405025,0,0,0,,7:14:00,7:14:00,26040.0,26040.0
22777062,200415005,1,0,0,,7:18:20,7:18:20,26300.0,26300.0
22777062,200415017,2,0,0,,7:21:00,7:21:00,26460.0,26460.0
22777062,200415009,3,0,0,,7:22:10,7:22:10,26530.0,26530.0
22777061,200405025,0,0,0,,7:24:00,7:24:00,26640.0,26640.0
22777061,200415005,1,0,0,,7:28:20,7:28:20,26900.0,26900.0
22777061,200415017,2,0,0,,7:31:00,7:31:00,27060.0,27060.0
22777061,200415009,3,0,0,,7:32:10,7:32:10,27130.0,27130.0
22777060,200405025,0,0,0,,7:34:00,7:34:00,27240.0,27240.0
22777060,200415005,1,0,0,,7:38:20,7:38:20,27500.0,27500.0
22777060,200415017,2,0,0,,7:41:00,7:41:00,27660.0,27660.0
22777060,200415009,3,0,0,,7:42:10,7:42:10,27730.0,27730.0
22777059,200405025,0,0,0,,7:41:00,7:41:00,27660.0,27660.0
22777059,200415005,1,0,0,,7:45:20,7:45:20,27920.0,27920.0
22777059,200415017,2,0,0,,7:48:00,7:48:00,28080.0,28080.0
22777059,200415009,3,0,0,,7:49:10,7:49:10,28150.0,28150.0
22777058,200405025,0,0,0,,7:48:00,7:48:00,28080.0,28080.0
22777058,200415005,1,0,0,,7:52:20,7:52:20,28340.0,28340.0
22777058,200415017,2,0,0,,7:55:00,7:55:00,28500.0,28500.0
22777058,200415009,3,0,0,,7:56:10,7:56:10,28570.0,28570.0
22777057,200405025,0,0,0,,7:54:00,7:54:00,28440.0,28440.0
22777057,200415005,1,0,0,,7:58:20,7:58:20,28700.0,28700.0
22777057,200415017,2,0,0,,8:01:00,8:01:00,28860.0,28860.0
22777057,200415009,3,0,0,,8:02:10,8:02:10,28930.0,28930.0
22777056,200405025,0,0,0,,8:01:00,8:01:00,28860.0,28860.0
22777056,200415005,1,0,0,,8:05:20,8:05:20,29120.0,29120.0
22777056,200415017,2,0,0,,8:08:00,8:08:00,29280.0,29280.0
22777056,200415009,3,0,0,,8:09:10,8:09:10,29350.0,29350.0
22777055,200405025,0,0,0,,8:08:00,8:08:00,29280.0,29280.0
22777055,200415005,1,0,0,,8:12:20,8:12:20,29540.0,29540.0
22777055,200415017,2,0,0,,8:15:00,8:15:00,29700.0,29700.0
22777055,200415009,3,0,0,,8:16:10,8:16:10,29770.0,29770.0
22777054,200405025,0,0,0,,8:14:00,8:14:00,29640.0,29640.0
22777054,200415005,1,0,0,,8:18:20,8:18:20,29900.0,29900.0
22777054,200415017,2,0,0,,8:21:00,8:21:00,30060.0,30060.0
22777054,200415009,3,0,0,,8:22:10,8:22:10,30130.0,30130.0
22777053,200405025,0,0,0,,8:21:00,8:21:00,30060.0,30060.0
22777053,200415005,1,0,0,,8:25:20,8:25:20,30320.0,30320.0
22777053,200415017,2,0,0,,8:28:00,8:28:00,30480.0,30480.0
22777053,200415009,3,0,0,,8:29:10,8:29:10,30550.0,30550.0
22777052,200405025,0,0,0,,8:28:00,8:28:00,30480.0,30480.0
22777052,200415005,1,0,0,,8:32:20,8:32:20,30740.0,30740.0
22777052,200415017,2,0,0,,8:35:00,8:35:00,30900.0,30900.0
22777052,200415009,3,0,0,,8:36:10,8:36:10,30970.0,30970.0
22777051,200405025,0,0,0,,8:34:00,8:34:00,30840.0,30840.0
22777051,200415005,1,0,0,,8:38:20,8:38:20,31100.0,31100.0
22777051,200415017,2,0,0,,8:41:00,8:41:00,31260.0,31260.0
22777051,200415009,3,0,0,,8:42:10,8:42:10,31330.0,31330.0
22777050,200405025,0,0,0,,8:44:00,8:44:00,31440.0,31440.0
22777050,200415005,1,0,0,,8:48:20,8:48:20,31700.0,31700.0
22777050,200415017,2,0,0,,8:51:00,8:51:00,31860.0,31860.0
22777050,200415009,3,0,0,,8:52:10,8:52:10,31930.0,31930.0
22777049,200405025,0,0,0,,8:54:00,8:54:00,32040.0,32040.0
22777049,200415005,1,0,0,,8:58:20,8:58:20,32300.0,32300.0
22773304,200417007,17,0,0,,7:00:00,7:00:00,25200.0,25200.0
22773304,200417016,18,0,0,,7:01:50,7:01:50,25310.0,25310.0
22773304,200417005,19,0,0,,7:03:10,7:03:10,25390.0,25390.0
22773304,200417019,20,0,0,,7:05:00,7:05:00,25500.0,25500.0
22773304,200417039,21,0,0,,7:06:10,7:06:10,25570.0,25570.0
22773304,200417012,22,0,0,,7:07:50,7:07:50,25670.0,25670.0
22773304,200417004,23,0,0,,7:08:40,7:08:40,25720.0,25720.0
22773304,200417015,24,0,0,,7:10:50,7:10:50,25850.0,25850.0
22773304,200508016,25,0,0,,7:15:40,7:15:40,26140.0,26140.0
22773304,200508015,26,0,0,,7:17:30,7:17:30,26250.0,26250.0
22773304,200501001,27,0,0,,7:19:50,7:19:50,26390.0,26390.0
22773303,200901014,7,0,0,,7:00:20,7:00:20,25220.0,25220.0
22773303,200901015,8,0,0,,7:01:20,7:01:20,25280.0,25280.0
22773303,200403021,9,0,0,,7:03:30,7:03:30,25410.0,25410.0
22773303,200403018,10,0,0,,7:04:40,7:04:40,25480.0,25480.0
22773303,200403017,11,0,0,,7:05:50,7:05:50,25550.0,25550.0
22773303,200405045,12,0,0,,7:07:20,7:07:20,25640.0,25640.0
22773303,200403020,13,0,0,,7:09:50,7:09:50,25790.0,25790.0
22773303,200405020,14,0,0,,7:12:30,7:12:30,25950.0,25950.0
22773303,200405014,15,0,0,,7:15:10,7:15:10,26110.0,26110.0
22773303,200417047,16,0,0,,7:17:30,7:17:30,26250.0,26250.0
22773303,200417007,17,0,0,,7:20:00,7:20:00,26400.0,26400.0
22773303,200417016,18,0,0,,7:21:50,7:21:50,26510.0,26510.0
22773303,200417005,19,0,0,,7:23:10,7:23:10,26590.0,26590.0
22773303,200417019,20,0,0,,7:25:00,7:25:00,26700.0,26700.0
22773303,200417039,21,0,0,,7:26:10,7:26:10,26770.0,26770.0
22773303,200417012,22,0,0,,7:27:50,7:27:50,26870.0,26870.0
22773303,200417004,23,0,0,,7:28:40,7:28:40,26920.0,26920.0
22773303,200417015,24,0,0,,7:30:50,7:30:50,27050.0,27050.0
22773303,200508016,25,0,0,,7:35:40,7:35:40,27340.0,27340.0
22773303,200508015,26,0,0,,7:37:30,7:37:30,27450.0,27450.0
22773303,200501001,27,0,0,,7:39:50,7:39:50,27590.0,27590.0
22773302,200101002,0,0,0,,7:08:10,7:08:10,25690.0,25690.0
22773302,200901011,1,0,0,,7:09:20,7:09:20,25760.0,25760.0
22773302,200901016,2,0,0,,7:10:00,7:10:00,25800.0,25800.0
22773302,200901017,3,0,0,,7:11:10,7:11:10,25870.0,25870.0
22773302,200901004,4,0,0,,7:12:20,7:12:20,25940.0,25940.0
22773302,200901020,5,0,0,,7:13:20,7:13:20,26000.0,26000.0
22773302,200901003,6,0,0,,7:14:20,7:14:20,26060.0,26060.0
22773302,200901014,7,0,0,,7:15:20,7:15:20,26120.0,26120.0
22773302,200901015,8,0,0,,7:16:20,7:16:20,26180.0,26180.0
22773302,200403021,9,0,0,,7:18:30,7:18:30,26310.0,26310.0
22773302,200403018,10,0,0,,7:19:40,7:19:40,26380.0,26380.0
22773302,200403017,11,0,0,,7:20:50,7:20:50,26450.0,26450.0
22773302,200405045,12,0,0,,7:22:20,7:22:20,26540.0,26540.0
22773302,200403020,13,0,0,,7:24:50,7:24:50,26690.0,26690.0
22773302,200405020,14,0,0,,7:27:30,7:27:30,26850.0,26850.0
22773302,200405014,15,0,0,,7:30:10,7:30:10,27010.0,27010.0
22773302,200417047,16,0,0,,7:32:30,7:32:30,27150.0,27150.0
22773302,200417007,17,0,0,,7:35:00,7:35:00,27300.0,27300.0
22773302,200417016,18,0,0,,7:36:50,7:36:50,27410.0,27410.0
22773302,200417005,19,0,0,,7:38:10,7:38:10,27490.0,27490.0
22773302,200417019,20,0,0,,7:40:00,7:40:00,27600.0,27600.0
22773302,200417039,21,0,0,,7:41:10,7:41:10,27670.0,27670.0
22773302,200417012,22,0,0,,7:42:50,7:42:50,27770.0,27770.0
22773302,200417004,23,0,0,,7:43:40,7:43:40,27820.0,27820.0
22773302,200417015,24,0,0,,7:45:50,7:45:50,27950.0,27950.0
22773302,200508016,25,0,0,,7:50:40,7:50:40,28240.0,28240.0
22773302,200508015,26,0,0,,7:52:30,7:52:30,28350.0,28350.0
22773302,200501001,27,0,0,,7:54:50,7:54:50,28490.0,28490.0
22773286,200101021,0,0,0,,7:19:10,7:19:10,26350.0,26350.0
22773286,200101002,1,0,0,,7:23:10,7:23:10,26590.0,26590.0
22773286,200901011,2,0,0,,7:24:20,7:24:20,26660.0,26660.0
22773286,200901016,3,0,0,,7:25:00,7:25:00,26700.0,26700.0
22773286,200901017,4,0,0,,7:26:10,7:26:10,26770.0,26770.0
22773286,200901004,5,0,0,,7:27:20,7:27:20,26840.0,26840.0
22773286,200901020,6,0,0,,7:28:20,7:28:20,26900.0,26900.0
22773286,200901003,7,0,0,,7:29:20,7:29:20,26960.0,26960.0
22773286,200901014,8,0,0,,7:30:20,7:30:20,27020.0,27020.0
22773286,200901015,9,0,0,,7:31:20,7:31:20,27080.0,27080.0
22773286,200403021,10,0,0,,7:33:30,7:33:30,27210.0,27210.0
22773286,200403018,11,0,0,,7:34:40,7:34:40,27280.0,27280.0
22773286,200403017,12,0,0,,7:35:50,7:35:50,27350.0,27350.0
22773286,200405045,13,0,0,,7:37:20,7:37:20,27440.0,27440.0
22773286,200403020,14,0,0,,7:39:50,7:39:50,27590.0,27590.0
22773286,200405020,15,0,0,,7:42:30,7:42:30,27750.0,27750.0
22773286,200405014,16,0,0,,7:45:10,7:45:10,27910.0,27910.0
22773286,200417047,17,0,0,,7:47:30,7:47:30,28050.0,28050.0
22773286,200417007,18,0,0,,7:50:00,7:50:00,28200.0,28200.0
22773286,200417016,19,0,0,,7:51:50,7:51:50,28310.0,28310.0
22773286,200417005,20,0,0,,7:53:10,7:53:10,28390.0,28390.0
22773286,200417019,21,0,0,,7:55:00,7:55:00,28500.0,28500.0
22773286,200417039,22,0,0,,7:56:10,7:56:10,28570.0,28570.0
22773286,200417012,23,0,0,,7:57:50,7:57:50,28670.0,28670.0
22773286,200417004,24,0,0,,7:58:40,7:58:40,28720.0,28720.0
22773286,200417015,25,0,0,,8:00:50,8:00:50,28850.0,28850.0
22773286,200508016,26,0,0,,8:05:40,8:05:40,29140.0,29140.0
22773286,200508015,27,0,0,,8:07:30,8:07:30,29250.0,29250.0
22773286,200501001,28,0,0,,8:09:50,8:09:50,29390.0,29390.0
22773285,200101021,0,0,0,,7:34:10,7:34:10,27250.0,27250.0
22773285,200101002,1,0,0,,7:38:10,7:38:10,27490.0,27490.0
22773285,200901011,2,0,0,,7:39:20,7:39:20,27560.0,27560.0
22773285,200901016,3,0,0,,7:40:00,7:40:00,27600.0,27600.0
22773285,200901017,4,0,0,,7:41:10,7:41:10,27670.0,27670.0
22773285,200901004,5,0,0,,7:42:20,7:42:20,27740.0,27740.0
22773285,200901020,6,0,0,,7:43:20,7:43:20,27800.0,27800.0
22773285,200901003,7,0,0,,7:44:20,7:44:20,27860.0,27860.0
22773285,200901014,8,0,0,,7:45:20,7:45:20,27920.0,27920.0
22773285,200901015,9,0,0,,7:46:20,7:46:20,27980.0,27980.0
22773285,200403021,10,0,0,,7:48:30,7:48:30,28110.0,28110.0
22773285,200403018,11,0,0,,7:49:40,7:49:40,28180.0,28180.0
22773285,200403017,12,0,0,,7:50:50,7:50:50,28250.0,28250.0
22773285,200405045,13,0,0,,7:52:20,7:52:20,28340.0,28340.0
22773285,200403020,14,0,0,,7:54:50,7:54:50,28490.0,28490.0
22773285,200405020,15,0,0,,7:57:30,7:57:30,28650.0,28650.0
22773285,200405014,16,0,0,,8:00:10,8:00:10,28810.0,28810.0
22773285,200417047,17,0,0,,8:02:30,8:02:30,28950.0,28950.0
22773285,200417007,18,0,0,,8:05:00,8:05:00,29100.0,29100.0
22773285,200417016,19,0,0,,8:06:50,8:06:50,29210.0,29210.0
22773285,200417005,20,0,0,,8:08:10,8:08:10,29290.0,29290.0
22773285,200417019,21,0,0,,8:10:00,8:10:00,29400.0,29400.0
22773285,200417039,22,0,0,,8:11:10,8:11:10,29470.0,29470.0
22773285,200417012,23,0,0,,8:12:50,8:12:50,29570.0,29570.0
22773285,200417004,24,0,0,,8:13:40,8:13:40,29620.0,29620.0
22773285,200417015,25,0,0,,8:15:50,8:15:50,29750.0,29750.0
22773285,200508016,26,0,0,,8:20:40,8:20:40,30040.0,30040.0
22773285,200508015,27,0,0,,8:22:30,8:22:30,30150.0,30150.0
22773285,200501001,28,0,0,,8:24:50,8:24:50,30290.0,30290.0
22773284,200101021,0,0,0,,7:49:10,7:49:10,28150.0,28150.0
22773284,200101002,1,0,0,,7:53:10,7:53:10,28390.0,28390.0
22773284,200901011,2,0,0,,7:54:20,7:54:20,28460.0,28460.0
22773284,200901016,3,0,0,,7:55:00,7:55:00,28500.0,28500.0
22773284,200901017,4,0,0,,7:56:10,7:56:10,28570.0,28570.0
22773284,200901004,5,0,0,,7:57:20,7:57:20,28640.0,28640.0
22773284,200901020,6,0,0,,7:58:20,7:58:20,28700.0,28700.0
22773284,200901003,7,0,0,,7:59:20,7:59:20,28760.0,28760.0
22773284,200901014,8,0,0,,8:00:20,8:00:20,28820.0,28820.0
22773284,200901015,9,0,0,,8:01:20,8:01:20,28880.0,28880.0
22773284,200403021,10,0,0,,8:03:30,8:03:30,29010.0,29010.0
22773284,200403018,11,0,0,,8:04:40,8:04:40,29080.0,29080.0
22773284,200403017,12,0,0,,8:05:50,8:05:50,29150.0,29150.0
22773284,200405045,13,0,0,,8:07:20,8:07:20,29240.0,29240.0
22773284,200403020,14,0,0,,8:09:50,8:09:50,29390.0,29390.0
22773284,200405020,15,0,0,,8:12:30,8:12:30,29550.0,29550.0
22773284,200405014,16,0,0,,8:15:10,8:15:10,29710.0,29710.0
22773284,200417047,17,0,0,,8:17:30,8:17:30,29850.0,29850.0
22773284,200417007,18,0,0,,8:20:00,8:20:00,30000.0,30000.0
22773284,200417016,19,0,0,,8:21:50,8:21:50,30110.0,30110.0
22773284,200417005,20,0,0,,8:23:10,8:23:10,30190.0,30190.0
22773284,200417019,21,0,0,,8:25:00,8:25:00,30300.0,30300.0
22773284,200417039,22,0,0,,8:26:10,8:26:10,30370.0,30370.0
22773284,200417012,23,0,0,,8:27:50,8:27:50,30470.0,30470.0
22773284,200417004,24,0,0,,8:28:40,8:28:40,30520.0,30520.0
22773284,200417015,25,0,0,,8:30:50,8:30:50,30650.0,30650.0
22773284,200508016,26,0,0,,8:35:40,8:35:40,30940.0,30940.0
22773284,200508015,27,0,0,,8:37:30,8:37:30,31050.0,31050.0
22773284,200501001,28,0,0,,8:39:50,8:39:50,31190.0,31190.0
22773283,200101021,0,0,0,,8:04:10,8:04:10,29050.0,29050.0
22773283,200101002,1,0,0,,8:08:10,8:08:10,29290.0,29290.0
22773283,200901011,2,0,0,,8:09:20,8:09:20,29360.0,29360.0
22773283,200901016,3,0,0,,8:10:00,8:10:00,29400.0,29400.0
22773283,200901017,4,0,0,,8:11:10,8:11:10,29470.0,29470.0
22773283,200901004,5,0,0,,8:12:20,8:12:20,29540.0,29540.0
22773283,200901020,6,0,0,,8:13:20,8:13:20,29600.0,29600.0
22773283,200901003,7,0,0,,8:14:20,8:14:20,29660.0,29660.0
22773283,200901014,8,0,0,,8:15:20,8:15:20,29720.0,29720.0
22773283,200901015,9,0,0,,8:16:20,8:16:20,29780.0,29780.0
22773283,200403021,10,0,0,,8:18:30,8:18:30,29910.0,29910.0
22773283,200403018,11,0,0,,8:19:40,8:19:40,29980.0,29980.0
22773283,200403017,12,0,0,,8:20:50,8:20:50,30050.0,30050.0
22773283,200405045,13,0,0,,8:22:20,8:22:20,30140.0,30140.0
22773283,200403020,14,0,0,,8:24:50,8:24:50,30290.0,30290.0
22773283,200405020,15,0,0,,8:27:30,8:27:30,30450.0,30450.0
22773283,200405014,16,0,0,,8:30:10,8:30:10,30610.0,30610.0
22773283,200417047,17,0,0,,8:32:30,8:32:30,30750.0,30750.0
22773283,200417007,18,0,0,,8:35:00,8:35:00,30900.0,30900.0
22773283,200417016,19,0,0,,8:36:50,8:36:50,31010.0,31010.0
22773283,200417005,20,0,0,,8:38:10,8:38:10,31090.0,31090.0
22773283,200417019,21,0,0,,8:40:00,8:40:00,31200.0,31200.0
22773283,200417039,22,0,0,,8:41:10,8:41:10,31270.0,31270.0
22773283,200417012,23,0,0,,8:42:50,8:42:50,31370.0,31370.0
22773283,200417004,24,0,0,,8:43:40,8:43:40,31420.0,31420.0
22773283,200417015,25,0,0,,8:45:50,8:45:50,31550.0,31550.0
22773283,200508016,26,0,0,,8:50:40,8:50:40,31840.0,31840.0
22773283,200508015,27,0,0,,8:52:30,8:52:30,31950.0,31950.0
22773283,200501001,28,0,0,,8:54:50,8:54:50,32090.0,32090.0
22773282,200101021,0,0,0,,8:19:10,8:19:10,29950.0,29950.0
22773282,200101002,1,0,0,,8:23:10,8:23:10,30190.0,30190.0
22773282,200901011,2,0,0,,8:24:20,8:24:20,30260.0,30260.0
22773282,200901016,3,0,0,,8:25:00,8:25:00,30300.0,30300.0
22773282,200901017,4,0,0,,8:26:10,8:26:10,30370.0,30370.0
22773282,200901004,5,0,0,,8:27:20,8:27:20,30440.0,30440.0
22773282,200901020,6,0,0,,8:28:20,8:28:20,30500.0,30500.0
22773282,200901003,7,0,0,,8:29:20,8:29:20,30560.0,30560.0
22773282,200901014,8,0,0,,8:30:20,8:30:20,30620.0,30620.0
22773282,200901015,9,0,0,,8:31:20,8:31:20,30680.0,30680.0
22773282,200403021,10,0,0,,8:33:30,8:33:30,30810.0,30810.0
22773282,200403018,11,0,0,,8:34:40,8:34:40,30880.0,30880.0
22773282,200403017,12,0,0,,8:35:50,8:35:50,30950.0,30950.0
22773282,200405045,13,0,0,,8:37:20,8:37:20,31040.0,31040.0
22773282,200403020,14,0,0,,8:39:50,8:39:50,31190.0,31190.0
22773282,200405020,15,0,0,,8:42:30,8:42:30,31350.0,31350.0
22773282,200405014,16,0,0,,8:45:10,8:45:10,31510.0,31510.0
22773282,200417047,17,0,0,,8:47:30,8:47:30,31650.0,31650.0
22773282,200417007,18,0,0,,8:50:00,8:50:00,31800.0,31800.0
22773282,200417016,19,0,0,,8:51:50,8:51:50,31910.0,31910.0
22773282,200417005,20,0,0,,8:53:10,8:53:10,31990.0,31990.0
22773282,200417019,21,0,0,,8:55:00,8:55:00,32100.0,32100.0
22773282,200417039,22,0,0,,8:56:10,8:56:10,32170.0,32170.0
22773282,200417012,23,0,0,,8:57:50,8:57:50,32270.0,32270.0
22773282,200417004,24,0,0,,8:58:40,8:58:40,32320.0,32320.0
22773281,200101021,0,0,0,,8:34:10,8:34:10,30850.0,30850.0
22773281,200101002,1,0,0,,8:38:10,8:38:10,31090.0,31090.0
22773281,200901011,2,0,0,,8:39:20,8:39:20,31160.0,31160.0
22773281,200901016,3,0,0,,8:40:00,8:40:00,31200.0,31200.0
22773281,200901017,4,0,0,,8:41:10,8:41:10,31270.0,31270.0
22773281,200901004,5,0,0,,8:42:20,8:42:20,31340.0,31340.0
22773281,200901020,6,0,0,,8:43:20,8:43:20,31400.0,31400.0
22773281,200901003,7,0,0,,8:44:20,8:44:20,31460.0,31460.0
22773281,200901014,8,0,0,,8:45:20,8:45:20,31520.0,31520.0
22773281,200901015,9,0,0,,8:46:20,8:46:20,31580.0,31580.0
22773281,200403021,10,0,0,,8:48:30,8:48:30,31710.0,31710.0
22773281,200403018,11,0,0,,8:49:40,8:49:40,31780.0,31780.0
22773281,200403017,12,0,0,,8:50:50,8:50:50,31850.0,31850.0
22773281,200405045,13,0,0,,8:52:20,8:52:20,31940.0,31940.0
22773281,200403020,14,0,0,,8:54:50,8:54:50,32090.0,32090.0
22773281,200405020,15,0,0,,8:57:30,8:57:30,32250.0,32250.0
22773280,200101021,0,0,0,,8:49:10,8:49:10,31750.0,31750.0
22773280,200101002,1,0,0,,8:53:10,8:53:10,31990.0,31990.0
22773280,200901011,2,0,0,,8:54:20,8:54:20,32060.0,32060.0
22773280,200901016,3,0,0,,8:55:00,8:55:00,32100.0,32100.0
22773280,200901017,4,0,0,,8:56:10,8:56:10,32170.0,32170.0
22773280,200901004,5,0,0,,8:57:20,8:57:20,32240.0,32240.0
22773280,200901020,6,0,0,,8:58:20,8:58:20,32300.0,32300.0
22773280,200901003,7,0,0,,8:59:20,8:59:20,32360.0,32360.0
22770237,200414004,28,0,0,,7:00:20,7:00:20,25220.0,25220.0
22770237,200414008,29,0,0,,7:01:20,7:01:20,25280.0,25280.0
22770237,200414001,30,0,0,,7:02:30,7:02:30,25350.0,25350.0
22770237,200414013,31,0,0,,7:03:40,7:03:40,25420.0,25420.0
22770236,200423004,12,0,0,,7:00:50,7:00:50,25250.0,25250.0
22770236,200408005,13,0,0,,7:01:50,7:01:50,25310.0,25310.0
22770236,200408001,14,0,0,,7:03:00,7:03:00,25380.0,25380.0
22770236,200408008,15,0,0,,7:03:50,7:03:50,25430.0,25430.0
22770236,200408006,16,0,0,,7:04:30,7:04:30,25470.0,25470.0
22770236,200406006,17,0,0,,7:05:10,7:05:10,25510.0,25510.0
22770236,200406011,18,0,0,,7:05:30,7:05:30,25530.0,25530.0
22770236,200406007,19,0,0,,7:06:20,7:06:20,25580.0,25580.0
22770236,200406013,20,0,0,,7:07:10,7:07:10,25630.0,25630.0
22770236,200406015,21,0,0,,7:08:20,7:08:20,25700.0,25700.0
22770236,200414010,22,0,0,,7:09:20,7:09:20,25760.0,25760.0
22770236,200406024,23,0,0,,7:10:10,7:10:10,25810.0,25810.0
22770236,200414011,24,0,0,,7:11:40,7:11:40,25900.0,25900.0
22770236,200414006,25,0,0,,7:12:50,7:12:50,25970.0,25970.0
22770236,200414003,26,0,0,,7:14:00,7:14:00,26040.0,26040.0
22770236,200414007,27,0,0,,7:14:30,7:14:30,26070.0,26070.0
22770236,200414004,28,0,0,,7:15:20,7:15:20,26120.0,26120.0
22770236,200414008,29,0,0,,7:16:20,7:16:20,26180.0,26180.0
22770236,200414001,30,0,0,,7:17:30,7:17:30,26250.0,26250.0
22770236,200414013,31,0,0,,7:18:40,7:18:40,26320.0,26320.0
22770235,200415008,4,0,0,,7:01:00,7:01:00,25260.0,25260.0
22770235,200415001,5,0,0,,7:02:10,7:02:10,25330.0,25330.0
22770235,200403004,6,0,0,,7:04:00,7:04:00,25440.0,25440.0
22770235,200403008,7,0,0,,7:04:40,7:04:40,25480.0,25480.0
22770235,200403015,8,0,0,,7:06:30,7:06:30,25590.0,25590.0
22770235,200403020,9,0,0,,7:08:20,7:08:20,25700.0,25700.0
22770235,200405020,10,0,0,,7:11:00,7:11:00,25860.0,25860.0
22770235,200405005,11,0,0,,7:14:00,7:14:00,26040.0,26040.0
22770235,200423004,12,0,0,,7:15:50,7:15:50,26150.0,26150.0
22770235,200408005,13,0,0,,7:16:50,7:16:50,26210.0,26210.0
22770235,200408001,14,0,0,,7:18:00,7:18:00,26280.0,26280.0
22770235,200408008,15,0,0,,7:18:50,7:18:50,26330.0,26330.0
22770235,200408006,16,0,0,,7:19:30,7:19:30,26370.0,26370.0
22770235,200406006,17,0,0,,7:20:10,7:20:10,26410.0,26410.0
22770235,200406011,18,0,0,,7:20:30,7:20:30,26430.0,26430.0
22770235,200406007,19,0,0,,7:21:20,7:21:20,26480.0,26480.0
22770235,200406013,20,0,0,,7:22:10,7:22:10,26530.0,26530.0
22770235,200406015,21,0,0,,7:23:20,7:23:20,26600.0,26600.0
22770235,200414010,22,0,0,,7:24:20,7:24:20,26660.0,26660.0
22770235,200406024,23,0,0,,7:25:10,7:25:10,26710.0,26710.0
22770235,200414011,24,0,0,,7:26:40,7:26:40,26800.0,26800.0
22770235,200414006,25,0,0,,7:27:50,7:27:50,26870.0,26870.0
22770235,200414003,26,0,0,,7:29:00,7:29:00,26940.0,26940.0
22770235,200414007,27,0,0,,7:29:30,7:29:30,26970.0,26970.0
22770235,200414004,28,0,0,,7:30:20,7:30:20,27020.0,27020.0
22770235,200414008,29,0,0,,7:31:20,7:31:20,27080.0,27080.0
22770235,200414001,30,0,0,,7:32:30,7:32:30,27150.0,27150.0
22770235,200414013,31,0,0,,7:33:40,7:33:40,27220.0,27220.0
22770234,200415009,0,0,0,,7:08:20,7:08:20,25700.0,25700.0
22770234,200420004,1,0,0,,7:10:30,7:10:30,25830.0,25830.0
22770234,200420001,2,0,0,,7:12:20,7:12:20,25940.0,25940.0
22770234,200415013,3,0,0,,7:14:40,7:14:40,26080.0,26080.0
22770234,200415008,4,0,0,,7:16:00,7:16:00,26160.0,26160.0
22770234,200415001,5,0,0,,7:17:10,7:17:10,26230.0,26230.0
22770234,200403004,6,0,0,,7:19:00,7:19:00,26340.0,26340.0
22770234,200403008,7,0,0,,7:19:40,7:19:40,26380.0,26380.0
22770234,200403015,8,0,0,,7:21:30,7:21:30,26490.0,26490.0
22770234,200403020,9,0,0,,7:23:20,7:23:20,26600.0,26600.0
22770234,200405020,10,0,0,,7:26:00,7:26:00,26760.0,26760.0
22770234,200405005,11,0,0,,7:29:00,7:29:00,26940.0,26940.0
22770234,200423004,12,0,0,,7:30:50,7:30:50,27050.0,27050.0
22770234,200408005,13,0,0,,7:31:50,7:31:50,27110.0,27110.0
22770234,200408001,14,0,0,,7:33:00,7:33:00,27180.0,27180.0
22770234,200408008,15,0,0,,7:33:50,7:33:50,27230.0,27230.0
22770234,200408006,16,0,0,,7:34:30,7:34:30,27270.0,27270.0
22770234,200406006,17,0,0,,7:35:10,7:35:10,27310.0,27310.0
22770234,200406011,18,0,0,,7:35:30,7:35:30,27330.0,27330.0
22770234,200406007,19,0,0,,7:36:20,7:36:20,27380.0,27380.0
22770234,200406013,20,0,0,,7:37:10,7:37:10,27430.0,27430.0
22770234,200406015,21,0,0,,7:38:20,7:38:20,27500.0,27500.0
22770234,200414010,22,0,0,,7:39:20,7:39:20,27560.0,27560.0
22770234,200406024,23,0,0,,7:40:10,7:40:10,27610.0,27610.0
22770234,200414011,24,0,0,,7:41:40,7:41:40,27700.0,27700.0
22770234,200414006,25,0,0,,7:42:50,7:42:50,27770.0,27770.0
22770234,200414003,26,0,0,,7:44:00,7:44:00,27840.0,27840.0
22770234,200414007,27,0,0,,7:44:30,7:44:30,27870.0,27870.0
22770234,200414004,28,0,0,,7:45:20,7:45:20,27920.0,27920.0
22770234,200414008,29,0,0,,7:46:20,7:46:20,27980.0,27980.0
22770234,200414001,30,0,0,,7:47:30,7:47:30,28050.0,28050.0
22770234,200414013,31,0,0,,7:48:40,7:48:40,28120.0,28120.0
22770233,200415009,0,0,0,,7:23:20,7:23:20,26600.0,26600.0
22770233,200420004,1,0,0,,7:25:30,7:25:30,26730.0,26730.0
22770233,200420001,2,0,0,,7:27:20,7:27:20,26840.0,26840.0
22770233,200415013,3,0,0,,7:29:40,7:29:40,26980.0,26980.0
22770233,200415008,4,0,0,,7:31:00,7:31:00,27060.0,27060.0
22770233,200415001,5,0,0,,7:32:10,7:32:10,27130.0,27130.0
22770233,200403004,6,0,0,,7:34:00,7:34:00,27240.0,27240.0
22770233,200403008,7,0,0,,7:34:40,7:34:40,27280.0,27280.0
22770233,200403015,8,0,0,,7:36:30,7:36:30,27390.0,27390.0
22770233,200403020,9,0,0,,7:38:20,7:38:20,27500.0,27500.0
22770233,200405020,10,0,0,,7:41:00,7:41:00,27660.0,27660.0
22770233,200405005,11,0,0,,7:44:00,7:44:00,27840.0,27840.0
22770233,200423004,12,0,0,,7:45:50,7:45:50,27950.0,27950.0
22770233,200408005,13,0,0,,7:46:50,7:46:50,28010.0,28010.0
22770233,200408001,14,0,0,,7:48:00,7:48:00,28080.0,28080.0
22770233,200408008,15,0,0,,7:48:50,7:48:50,28130.0,28130.0
22770233,200408006,16,0,0,,7:49:30,7:49:30,28170.0,28170.0
22770233,200406006,17,0,0,,7:50:10,7:50:10,28210.0,28210.0
22770233,200406011,18,0,0,,7:50:30,7:50:30,28230.0,28230.0
22770233,200406007,19,0,0,,7:51:20,7:51:20,28280.0,28280.0
22770233,200406013,20,0,0,,7:52:10,7:52:10,28330.0,28330.0
22770233,200406015,21,0,0,,7:53:20,7:53:20,28400.0,28400.0
22770233,200414010,22,0,0,,7:54:20,7:54:20,28460.0,28460.0
22770233,200406024,23,0,0,,7:55:10,7:55:10,28510.0,28510.0
22770233,200414011,24,0,0,,7:56:40,7:56:40,28600.0,28600.0
22770233,200414006,25,0,0,,7:57:50,7:57:50,28670.0,28670.0
22770233,200414003,26,0,0,,7:59:00,7:59:00,28740.0,28740.0
22770233,200414007,27,0,0,,7:59:30,7:59:30,28770.0,28770.0
22770233,200414004,28,0,0,,8:00:20,8:00:20,28820.0,28820.0
22770233,200414008,29,0,0,,8:01:20,8:01:20,28880.0,28880.0
22770233,200414001,30,0,0,,8:02:30,8:02:30,28950.0,28950.0
22770233,200414013,31,0,0,,8:03:40,8:03:40,29020.0,29020.0
22770232,200415009,0,0,0,,7:38:20,7:38:20,27500.0,27500.0
22770232,200420004,1,0,0,,7:40:30,7:40:30,27630.0,27630.0
22770232,200420001,2,0,0,,7:42:20,7:42:20,27740.0,27740.0
22770232,200415013,3,0,0,,7:44:40,7:44:40,27880.0,27880.0
22770232,200415008,4,0,0,,7:46:00,7:46:00,27960.0,27960.0
22770232,200415001,5,0,0,,7:47:10,7:47:10,28030.0,28030.0
22770232,200403004,6,0,0,,7:49:00,7:49:00,28140.0,28140.0
22770232,200403008,7,0,0,,7:49:40,7:49:40,28180.0,28180.0
22770232,200403015,8,0,0,,7:51:30,7:51:30,28290.0,28290.0
22770232,200403020,9,0,0,,7:53:20,7:53:20,28400.0,28400.0
22770232,200405020,10,0,0,,7:56:00,7:56:00,28560.0,28560.0
22770232,200405005,11,0,0,,7:59:00,7:59:00,28740.0,28740.0
22770232,200423004,12,0,0,,8:00:50,8:00:50,28850.0,28850.0
22770232,200408005,13,0,0,,8:01:50,8:01:50,28910.0,28910.0
22770232,200408001,14,0,0,,8:03:00,8:03:00,28980.0,28980.0
22770232,200408008,15,0,0,,8:03:50,8:03:50,29030.0,29030.0
22770232,200408006,16,0,0,,8:04:30,8:04:30,29070.0,29070.0
22770232,200406006,17,0,0,,8:05:10,8:05:10,29110.0,29110.0
22770232,200406011,18,0,0,,8:05:30,8:05:30,29130.0,29130.0
22770232,200406007,19,0,0,,8:06:20,8:06:20,29180.0,29180.0
22770232,200406013,20,0,0,,8:07:10,8:07:10,29230.0,29230.0
22770232,200406015,21,0,0,,8:08:20,8:08:20,29300.0,29300.0
22770232,200414010,22,0,0,,8:09:20,8:09:20,29360.0,29360.0
22770232,200406024,23,0,0,,8:10:10,8:10:10,29410.0,29410.0
22770232,200414011,24,0,0,,8:11:40,8:11:40,29500.0,29500.0
22770232,200414006,25,0,0,,8:12:50,8:12:50,29570.0,29570.0
22770232,200414003,26,0,0,,8:14:00,8:14:00,29640.0,29640.0
22770232,200414007,27,0,0,,8:14:30,8:14:30,29670.0,29670.0
22770232,200414004,28,0,0,,8:15:20,8:15:20,29720.0,29720.0
22770232,200414008,29,0,0,,8:16:20,8:16:20,29780.0,29780.0
22770232,200414001,30,0,0,,8:17:30,8:17:30,29850.0,29850.0
22770232,200414013,31,0,0,,8:18:40,8:18:40,29920.0,29920.0
22770231,200415009,0,0,0,,7:53:20,7:53:20,28400.0,28400.0
22770231,200420004,1,0,0,,7:55:30,7:55:30,28530.0,28530.0
22770231,200420001,2,0,0,,7:57:20,7:57:20,28640.0,28640.0
22770231,200415013,3,0,0,,7:59:40,7:59:40,28780.0,28780.0
22770231,200415008,4,0,0,,8:01:00,8:01:00,28860.0,28860.0
22770231,200415001,5,0,0,,8:02:10,8:02:10,28930.0,28930.0
22770231,200403004,6,0,0,,8:04:00,8:04:00,29040.0,29040.0
22770231,200403008,7,0,0,,8:04:40,8:04:40,29080.0,29080.0
22770231,200403015,8,0,0,,8:06:30,8:06:30,29190.0,29190.0
22770231,200403020,9,0,0,,8:08:20,8:08:20,29300.0,29300.0
22770231,200405020,10,0,0,,8:11:00,8:11:00,29460.0,29460.0
22770231,200405005,11,0,0,,8:14:00,8:14:00,29640.0,29640.0
22770231,200423004,12,0,0,,8:15:50,8:15:50,29750.0,29750.0
22770231,200408005,13,0,0,,8:16:50,8:16:50,29810.0,29810.0
22770231,200408001,14,0,0,,8:18:00,8:18:00,29880.0,29880.0
22770231,200408008,15,0,0,,8:18:50,8:18:50,29930.0,29930.0
22770231,200408006,16,0,0,,8:19:30,8:19:30,29970.0,29970.0
22770231,200406006,17,0,0,,8:20:10,8:20:10,30010.0,30010.0
22770231,200406011,18,0,0,,8:20:30,8:20:30,30030.0,30030.0
22770231,200406007,19,0,0,,8:21:20,8:21:20,30080.0,30080.0
22770231,200406013,20,0,0,,8:22:10,8:22:10,30130.0,30130.0
22770231,200406015,21,0,0,,8:23:20,8:23:20,30200.0,30200.0
22770231,200414010,22,0,0,,8:24:20,8:24:20,30260.0,30260.0
22770231,200406024,23,0,0,,8:25:10,8:25:10,30310.0,30310.0
22770231,200414011,24,0,0,,8:26:40,8:26:40,30400.0,30400.0
22770231,200414006,25,0,0,,8:27:50,8:27:50,30470.0,30470.0
22770231,200414003,26,0,0,,8:29:00,8:29:00,30540.0,30540.0
22770231,200414007,27,0,0,,8:29:30,8:29:30,30570.0,30570.0
22770231,200414004,28,0,0,,8:30:20,8:30:20,30620.0,30620.0
22770231,200414008,29,0,0,,8:31:20,8:31:20,30680.0,30680.0
22770231,200414001,30,0,0,,8:32:30,8:32:30,30750.0,30750.0
22770231,200414013,31,0,0,,8:33:40,8:33:40,30820.0,30820.0
22770230,200415009,0,0,0,,8:08:20,8:08:20,29300.0,29300.0
22770230,200420004,1,0,0,,8:10:30,8:10:30,29430.0,29430.0
22770230,200420001,2,0,0,,8:12:20,8:12:20,29540.0,29540.0
22770230,200415013,3,0,0,,8:14:40,8:14:40,29680.0,29680.0
22770230,200415008,4,0,0,,8:16:00,8:16:00,29760.0,29760.0
22770230,200415001,5,0,0,,8:17:10,8:17:10,29830.0,29830.0
22770230,200403004,6,0,0,,8:19:00,8:19:00,29940.0,29940.0
22770230,200403008,7,0,0,,8:19:40,8:19:40,29980.0,29980.0
22770230,200403015,8,0,0,,8:21:30,8:21:30,30090.0,30090.0
22770230,200403020,9,0,0,,8:23:20,8:23:20,30200.0,30200.0
22770230,200405020,10,0,0,,8:26:00,8:26:00,30360.0,30360.0
22770230,200405005,11,0,0,,8:29:00,8:29:00,30540.0,30540.0
22770230,200423004,12,0,0,,8:30:50,8:30:50,30650.0,30650.0
22770230,200408005,13,0,0,,8:31:50,8:31:50,30710.0,30710.0
22770230,200408001,14,0,0,,8:33:00,8:33:00,30780.0,30780.0
22770230,200408008,15,0,0,,8:33:50,8:33:50,30830.0,30830.0
22770230,200408006,16,0,0,,8:34:30,8:34:30,30870.0,30870.0
22770230,200406006,17,0,0,,8:35:10,8:35:10,30910.0,30910.0
22770230,200406011,18,0,0,,8:35:30,8:35:30,30930.0,30930.0
22770230,200406007,19,0,0,,8:36:20,8:36:20,30980.0,30980.0
22770230,200406013,20,0,0,,8:37:10,8:37:10,31030.0,31030.0
22770230,200406015,21,0,0,,8:38:20,8:38:20,31100.0,31100.0
22770230,200414010,22,0,0,,8:39:20,8:39:20,31160.0,31160.0
22770230,200406024,23,0,0,,8:40:10,8:40:10,31210.0,31210.0
22770230,200414011,24,0,0,,8:41:40,8:41:40,31300.0,31300.0
22770230,200414006,25,0,0,,8:42:50,8:42:50,31370.0,31370.0
22770230,200414003,26,0,0,,8:44:00,8:44:00,31440.0,31440.0
22770230,200414007,27,0,0,,8:44:30,8:44:30,31470.0,31470.0
22770230,200414004,28,0,0,,8:45:20,8:45:20,31520.0,31520.0
22770230,200414008,29,0,0,,8:46:20,8:46:20,31580.0,31580.0
22770230,200414001,30,0,0,,8:47:30,8:47:30,31650.0,31650.0
22770230,200414013,31,0,0,,8:48:40,8:48:40,31720.0,31720.0
22770229,200415009,0,0,0,,8:23:20,8:23:20,30200.0,30200.0
22770229,200420004,1,0,0,,8:25:30,8:25:30,30330.0,30330.0
22770229,200420001,2,0,0,,8:27:20,8:27:20,30440.0,30440.0
22770229,200415013,3,0,0,,8:29:40,8:29:40,30580.0,30580.0
22770229,200415008,4,0,0,,8:31:00,8:31:00,30660.0,30660.0
22770229,200415001,5,0,0,,8:32:10,8:32:10,30730.0,30730.0
22770229,200403004,6,0,0,,8:34:00,8:34:00,30840.0,30840.0
22770229,200403008,7,0,0,,8:34:40,8:34:40,30880.0,30880.0
22770229,200403015,8,0,0,,8:36:30,8:36:30,30990.0,30990.0
22770229,200403020,9,0,0,,8:38:20,8:38:20,31100.0,31100.0
22770229,200405020,10,0,0,,8:41:00,8:41:00,31260.0,31260.0
22770229,200405005,11,0,0,,8:44:00,8:44:00,31440.0,31440.0
22770229,200423004,12,0,0,,8:45:50,8:45:50,31550.0,31550.0
22770229,200408005,13,0,0,,8:46:50,8:46:50,31610.0,31610.0
22770229,200408001,14,0,0,,8:48:00,8:48:00,31680.0,31680.0
22770229,200408008,15,0,0,,8:48:50,8:48:50,31730.0,31730.0
22770229,200408006,16,0,0,,8:49:30,8:49:30,31770.0,31770.0
22770229,200406006,17,0,0,,8:50:10,8:50:10,31810.0,31810.0
22770229,200406011,18,0,0,,8:50:30,8:50:30,31830.0,31830.0
22770229,200406007,19,0,0,,8:51:20,8:51:20,31880.0,31880.0
22770229,200406013,20,0,0,,8:52:10,8:52:10,31930.0,31930.0
22770229,200406015,21,0,0,,8:53:20,8:53:20,32000.0,32000.0
22770229,200414010,22,0,0,,8:54:20,8:54:20,32060.0,32060.0
22770229,200406024,23,0,0,,8:55:10,8:55:10,32110.0,32110.0
22770229,200414011,24,0,0,,8:56:40,8:56:40,32200.0,32200.0
22770229,200414006,25,0,0,,8:57:50,8:57:50,32270.0,32270.0
22770229,200414003,26,0,0,,8:59:00,8:59:00,32340.0,32340.0
22770229,200414007,27,0,0,,8:59:30,8:59:30,32370.0,32370.0
22770228,200415009,0,0,0,,8:38:20,8:38:20,31100.0,31100.0
22770228,200420004,1,0,0,,8:40:30,8:40:30,31230.0,31230.0
22770228,200420001,2,0,0,,8:42:20,8:42:20,31340.0,31340.0
22770228,200415013,3,0,0,,8:44:40,8:44:40,31480.0,31480.0
22770228,200415008,4,0,0,,8:46:00,8:46:00,31560.0,31560.0
22770228,200415001,5,0,0,,8:47:10,8:47:10,31630.0,31630.0
22770228,200403004,6,0,0,,8:49:00,8:49:00,31740.0,31740.0
22770228,200403008,7,0,0,,8:49:40,8:49:40,31780.0,31780.0
22770228,200403015,8,0,0,,8:51:30,8:51:30,31890.0,31890.0
22770228,200403020,9,0,0,,8:53:20,8:53:20,32000.0,32000.0
22770228,200405020,10,0,0,,8:56:00,8:56:00,32160.0,32160.0
22770228,200405005,11,0,0,,8:59:00,8:59:00,32340.0,32340.0
22770227,200415009,0,0,0,,8:53:20,8:53:20,32000.0,32000.0
22770227,200420004,1,0,0,,8:55:30,8:55:30,32130.0,32130.0
22770227,200420001,2,0,0,,8:57:20,8:57:20,32240.0,32240.0
22770227,200415013,3,0,0,,8:59:40,8:59:40,32380.0,32380.0
22769840,200403008,23,0,0,,7:01:00,7:01:00,25260.0,25260.0
22769840,200403004,24,0,0,,7:01:50,7:01:50,25310.0,25310.0
22769840,200415001,25,0,0,,7:03:00,7:03:00,25380.0,25380.0
22769840,200415008,26,0,0,,7:04:00,7:04:00,25440.0,25440.0
22769840,200415011,27,0,0,,7:04:40,7:04:40,25480.0,25480.0
22769840,200415013,28,0,0,,7:05:20,7:05:20,25520.0,25520.0
22769840,200420001,29,0,0,,7:07:50,7:07:50,25670.0,25670.0
22769840,200420004,30,0,0,,7:09:30,7:09:30,25770.0,25770.0
22769840,200415009,31,0,0,,7:11:00,7:11:00,25860.0,25860.0
22769839,200406007,12,0,0,,7:00:50,7:00:50,25250.0,25250.0
22769839,200406011,13,0,0,,7:01:30,7:01:30,25290.0,25290.0
22769839,200408006,14,0,0,,7:02:30,7:02:30,25350.0,25350.0
22769839,200408008,15,0,0,,7:03:10,7:03:10,25390.0,25390.0
22769839,200408001,16,0,0,,7:04:00,7:04:00,25440.0,25440.0
22769839,200408005,17,0,0,,7:05:10,7:05:10,25510.0,25510.0
22769839,200423004,18,0,0,,7:06:10,7:06:10,25570.0,25570.0
22769839,200405005,19,0,0,,7:08:10,7:08:10,25690.0,25690.0
22769839,200405020,20,0,0,,7:11:00,7:11:00,25860.0,25860.0
22769839,200403020,21,0,0,,7:12:50,7:12:50,25970.0,25970.0
22769839,200403015,22,0,0,,7:14:40,7:14:40,26080.0,26080.0
22769839,200403008,23,0,0,,7:16:00,7:16:00,26160.0,26160.0
22769839,200403004,24,0,0,,7:16:50,7:16:50,26210.0,26210.0
22769839,200415001,25,0,0,,7:18:00,7:18:00,26280.0,26280.0
22769839,200415008,26,0,0,,7:19:00,7:19:00,26340.0,26340.0
22769839,200415011,27,0,0,,7:19:40,7:19:40,26380.0,26380.0
22769839,200415013,28,0,0,,7:20:20,7:20:20,26420.0,26420.0
22769839,200420001,29,0,0,,7:22:50,7:22:50,26570.0,26570.0
22769839,200420004,30,0,0,,7:24:30,7:24:30,26670.0,26670.0
22769839,200415009,31,0,0,,7:26:00,7:26:00,26760.0,26760.0
22769838,200414013,0,0,0,,7:03:20,7:03:20,25400.0,25400.0
22769838,200414001,1,0,0,,7:04:10,7:04:10,25450.0,25450.0
22769838,200414008,2,0,0,,7:05:20,7:05:20,25520.0,25520.0
22769838,200414004,3,0,0,,7:06:20,7:06:20,25580.0,25580.0
22769838,200414007,4,0,0,,7:07:10,7:07:10,25630.0,25630.0
22769838,200414003,5,0,0,,7:07:40,7:07:40,25660.0,25660.0
22769838,200414006,6,0,0,,7:09:10,7:09:10,25750.0,25750.0
22769838,200414011,7,0,0,,7:10:20,7:10:20,25820.0,25820.0
22769838,200406024,8,0,0,,7:12:00,7:12:00,25920.0,25920.0
22769838,200414010,9,0,0,,7:12:50,7:12:50,25970.0,25970.0
22769838,200406015,10,0,0,,7:13:40,7:13:40,26020.0,26020.0
22769838,200406013,11,0,0,,7:14:30,7:14:30,26070.0,26070.0
22769838,200406007,12,0,0,,7:15:50,7:15:50,26150.0,26150.0
22769838,200406011,13,0,0,,7:16:30,7:16:30,26190.0,26190.0
22769838,200408006,14,0,0,,7:17:30,7:17:30,26250.0,26250.0
22769838,200408008,15,0,0,,7:18:10,7:18:10,26290.0,26290.0
22769838,200408001,16,0,0,,7:19:00,7:19:00,26340.0,26340.0
22769838,200408005,17,0,0,,7:20:10,7:20:10,26410.0,26410.0
22769838,200423004,18,0,0,,7:21:10,7:21:10,26470.0,26470.0
22769838,200405005,19,0,0,,7:23:10,7:23:10,26590.0,26590.0
22769838,200405020,20,0,0,,7:26:00,7:26:00,26760.0,26760.0
22769838,200403020,21,0,0,,7:27:50,7:27:50,26870.0,26870.0
22769838,200403015,22,0,0,,7:29:40,7:29:40,26980.0,26980.0
22769838,200403008,23,0,0,,7:31:00,7:31:00,27060.0,27060.0
22769838,200403004,24,0,0,,7:31:50,7:31:50,27110.0,27110.0
22769838,200415001,25,0,0,,7:33:00,7:33:00,27180.0,27180.0
22769838,200415008,26,0,0,,7:34:00,7:34:00,27240.0,27240.0
22769838,200415011,27,0,0,,7:34:40,7:34:40,27280.0,27280.0
22769838,200415013,28,0,0,,7:35:20,7:35:20,27320.0,27320.0
22769838,200420001,29,0,0,,7:37:50,7:37:50,27470.0,27470.0
22769838,200420004,30,0,0,,7:39:30,7:39:30,27570.0,27570.0
22769838,200415009,31,0,0,,7:41:00,7:41:00,27660.0,27660.0
22769837,200414013,0,0,0,,7:18:20,7:18:20,26300.0,26300.0
22769837,200414001,1,0,0,,7:19:10,7:19:10,26350.0,26350.0
22769837,200414008,2,0,0,,7:20:20,7:20:20,26420.0,26420.0
22769837,200414004,3,0,0,,7:21:20,7:21:20,26480.0,26480.0
22769837,200414007,4,0,0,,7:22:10,7:22:10,26530.0,26530.0
22769837,200414003,5,0,0,,7:22:40,7:22:40,26560.0,26560.0
22769837,200414006,6,0,0,,7:24:10,7:24:10,26650.0,26650.0
22769837,200414011,7,0,0,,7:25:20,7:25:20,26720.0,26720.0
22769837,200406024,8,0,0,,7:27:00,7:27:00,26820.0,26820.0
22769837,200414010,9,0,0,,7:27:50,7:27:50,26870.0,26870.0
22769837,200406015,10,0,0,,7:28:40,7:28:40,26920.0,26920.0
22769837,200406013,11,0,0,,7:29:30,7:29:30,26970.0,26970.0
22769837,200406007,12,0,0,,7:30:50,7:30:50,27050.0,27050.0
22769837,200406011,13,0,0,,7:31:30,7:31:30,27090.0,27090.0
22769837,200408006,14,0,0,,7:32:30,7:32:30,27150.0,27150.0
22769837,200408008,15,0,0,,7:33:10,7:33:10,27190.0,27190.0
22769837,200408001,16,0,0,,7:34:00,7:34:00,27240.0,27240.0
22769837,200408005,17,0,0,,7:35:10,7:35:10,27310.0,27310.0
22769837,200423004,18,0,0,,7:36:10,7:36:10,27370.0,27370.0
22769837,200405005,19,0,0,,7:38:10,7:38:10,27490.0,27490.0
22769837,200405020,20,0,0,,7:41:00,7:41:00,27660.0,27660.0
22769837,200403020,21,0,0,,7:42:50,7:42:50,27770.0,27770.0
22769837,200403015,22,0,0,,7:44:40,7:44:40,27880.0,27880.0
22769837,200403008,23,0,0,,7:46:00,7:46:00,27960.0,27960.0
22769837,200403004,24,0,0,,7:46:50,7:46:50,28010.0,28010.0
22769837,200415001,25,0,0,,7:48:00,7:48:00,28080.0,28080.0
22769837,200415008,26,0,0,,7:49:00,7:49:00,28140.0,28140.0
22769837,200415011,27,0,0,,7:49:40,7:49:40,28180.0,28180.0
22769837,200415013,28,0,0,,7:50:20,7:50:20,28220.0,28220.0
22769837,200420001,29,0,0,,7:52:50,7:52:50,28370.0,28370.0
22769837,200420004,30,0,0,,7:54:30,7:54:30,28470.0,28470.0
22769837,200415009,31,0,0,,7:56:00,7:56:00,28560.0,28560.0
22769836,200414013,0,0,0,,7:33:20,7:33:20,27200.0,27200.0
22769836,200414001,1,0,0,,7:34:10,7:34:10,27250.0,27250.0
22769836,200414008,2,0,0,,7:35:20,7:35:20,27320.0,27320.0
22769836,200414004,3,0,0,,7:36:20,7:36:20,27380.0,27380.0
22769836,200414007,4,0,0,,7:37:10,7:37:10,27430.0,27430.0
22769836,200414003,5,0,0,,7:37:40,7:37:40,27460.0,27460.0
22769836,200414006,6,0,0,,7:39:10,7:39:10,27550.0,27550.0
22769836,200414011,7,0,0,,7:40:20,7:40:20,27620.0,27620.0
22769836,200406024,8,0,0,,7:42:00,7:42:00,27720.0,27720.0
22769836,200414010,9,0,0,,7:42:50,7:42:50,27770.0,27770.0
22769836,200406015,10,0,0,,7:43:40,7:43:40,27820.0,27820.0
22769836,200406013,11,0,0,,7:44:30,7:44:30,27870.0,27870.0
22769836,200406007,12,0,0,,7:45:50,7:45:50,27950.0,27950.0
22769836,200406011,13,0,0,,7:46:30,7:46:30,27990.0,27990.0
22769836,200408006,14,0,0,,7:47:30,7:47:30,28050.0,28050.0
22769836,200408008,15,0,0,,7:48:10,7:48:10,28090.0,28090.0
22769836,200408001,16,0,0,,7:49:00,7:49:00,28140.0,28140.0
22769836,200408005,17,0,0,,7:50:10,7:50:10,28210.0,28210.0
22769836,200423004,18,0,0,,7:51:10,7:51:10,28270.0,28270.0
22769836,200405005,19,0,0,,7:53:10,7:53:10,28390.0,28390.0
22769836,200405020,20,0,0,,7:56:00,7:56:00,28560.0,28560.0
22769836,200403020,21,0,0,,7:57:50,7:57:50,28670.0,28670.0
22769836,200403015,22,0,0,,7:59:40,7:59:40,28780.0,28780.0
22769836,200403008,23,0,0,,8:01:00,8:01:00,28860.0,28860.0
22769836,200403004,24,0,0,,8:01:50,8:01:50,28910.0,28910.0
22769836,200415001,25,0,0,,8:03:00,8:03:00,28980.0,28980.0
22769836,200415008,26,0,0,,8:04:00,8:04:00,29040.0,29040.0
22769836,200415011,27,0,0,,8:04:40,8:04:40,29080.0,29080.0
22769836,200415013,28,0,0,,8:05:20,8:05:20,29120.0,29120.0
22769836,200420001,29,0,0,,8:07:50,8:07:50,29270.0,29270.0
22769836,200420004,30,0,0,,8:09:30,8:09:30,29370.0,29370.0
22769836,200415009,31,0,0,,8:11:00,8:11:00,29460.0,29460.0
22769835,200414013,0,0,0,,7:48:20,7:48:20,28100.0,28100.0
22769835,200414001,1,0,0,,7:49:10,7:49:10,28150.0,28150.0
22769835,200414008,2,0,0,,7:50:20,7:50:20,28220.0,28220.0
22769835,200414004,3,0,0,,7:51:20,7:51:20,28280.0,28280.0
22769835,200414007,4,0,0,,7:52:10,7:52:10,28330.0,28330.0
22769835,200414003,5,0,0,,7:52:40,7:52:40,28360.0,28360.0
22769835,200414006,6,0,0,,7:54:10,7:54:10,28450.0,28450.0
22769835,200414011,7,0,0,,7:55:20,7:55:20,28520.0,28520.0
22769835,200406024,8,0,0,,7:57:00,7:57:00,28620.0,28620.0
22769835,200414010,9,0,0,,7:57:50,7:57:50,28670.0,28670.0
22769835,200406015,10,0,0,,7:58:40,7:58:40,28720.0,28720.0
22769835,200406013,11,0,0,,7:59:30,7:59:30,28770.0,28770.0
22769835,200406007,12,0,0,,8:00:50,8:00:50,28850.0,28850.0
22769835,200406011,13,0,0,,8:01:30,8:01:30,28890.0,28890.0
22769835,200408006,14,0,0,,8:02:30,8:02:30,28950.0,28950.0
22769835,200408008,15,0,0,,8:03:10,8:03:10,28990.0,28990.0
22769835,200408001,16,0,0,,8:04:00,8:04:00,29040.0,29040.0
22769835,200408005,17,0,0,,8:05:10,8:05:10,29110.0,29110.0
22769835,200423004,18,0,0,,8:06:10,8:06:10,29170.0,29170.0
22769835,200405005,19,0,0,,8:08:10,8:08:10,29290.0,29290.0
22769835,200405020,20,0,0,,8:11:00,8:11:00,29460.0,29460.0
22769835,200403020,21,0,0,,8:12:50,8:12:50,29570.0,29570.0
22769835,200403015,22,0,0,,8:14:40,8:14:40,29680.0,29680.0
22769835,200403008,23,0,0,,8:16:00,8:16:00,29760.0,29760.0
22769835,200403004,24,0,0,,8:16:50,8:16:50,29810.0,29810.0
22769835,200415001,25,0,0,,8:18:00,8:18:00,29880.0,29880.0
22769835,200415008,26,0,0,,8:19:00,8:19:00,29940.0,29940.0
22769835,200415011,27,0,0,,8:19:40,8:19:40,29980.0,29980.0
22769835,200415013,28,0,0,,8:20:20,8:20:20,30020.0,30020.0
22769835,200420001,29,0,0,,8:22:50,8:22:50,30170.0,30170.0
22769835,200420004,30,0,0,,8:24:30,8:24:30,30270.0,30270.0
22769835,200415009,31,0,0,,8:26:00,8:26:00,30360.0,30360.0
22769834,200414013,0,0,0,,8:03:20,8:03:20,29000.0,29000.0
22769834,200414001,1,0,0,,8:04:10,8:04:10,29050.0,29050.0
22769834,200414008,2,0,0,,8:05:20,8:05:20,29120.0,29120.0
22769834,200414004,3,0,0,,8:06:20,8:06:20,29180.0,29180.0
22769834,200414007,4,0,0,,8:07:10,8:07:10,29230.0,29230.0
22769834,200414003,5,0,0,,8:07:40,8:07:40,29260.0,29260.0
22769834,200414006,6,0,0,,8:09:10,8:09:10,29350.0,29350.0
22769834,200414011,7,0,0,,8:10:20,8:10:20,29420.0,29420.0
22769834,200406024,8,0,0,,8:12:00,8:12:00,29520.0,29520.0
22769834,200414010,9,0,0,,8:12:50,8:12:50,29570.0,29570.0
22769834,200406015,10,0,0,,8:13:40,8:13:40,29620.0,29620.0
22769834,200406013,11,0,0,,8:14:30,8:14:30,29670.0,29670.0
22769834,200406007,12,0,0,,8:15:50,8:15:50,29750.0,29750.0
22769834,200406011,13,0,0,,8:16:30,8:16:30,29790.0,29790.0
22769834,200408006,14,0,0,,8:17:30,8:17:30,29850.0,29850.0
22769834,200408008,15,0,0,,8:18:10,8:18:10,29890.0,29890.0
22769834,200408001,16,0,0,,8:19:00,8:19:00,29940.0,29940.0
22769834,200408005,17,0,0,,8:20:10,8:20:10,30010.0,30010.0
22769834,200423004,18,0,0,,8:21:10,8:21:10,30070.0,30070.0
22769834,200405005,19,0,0,,8:23:10,8:23:10,30190.0,30190.0
22769834,200405020,20,0,0,,8:26:00,8:26:00,30360.0,30360.0
22769834,200403020,21,0,0,,8:27:50,8:27:50,30470.0,30470.0
22769834,200403015,22,0,0,,8:29:40,8:29:40,30580.0,30580.0
22769834,200403008,23,0,0,,8:31:00,8:31:00,30660.0,30660.0
22769834,200403004,24,0,0,,8:31:50,8:31:50,30710.0,30710.0
22769834,200415001,25,0,0,,8:33:00,8:33:00,30780.0,30780.0
22769834,200415008,26,0,0,,8:34:00,8:34:00,30840.0,30840.0
22769834,200415011,27,0,0,,8:34:40,8:34:40,30880.0,30880.0
22769834,200415013,28,0,0,,8:35:20,8:35:20,30920.0,30920.0
22769834,200420001,29,0,0,,8:37:50,8:37:50,31070.0,31070.0
22769834,200420004,30,0,0,,8:39:30,8:39:30,31170.0,31170.0
22769834,200415009,31,0,0,,8:41:00,8:41:00,31260.0,31260.0
22769833,200414013,0,0,0,,8:18:20,8:18:20,29900.0,29900.0
22769833,200414001,1,0,0,,8:19:10,8:19:10,29950.0,29950.0
22769833,200414008,2,0,0,,8:20:20,8:20:20,30020.0,30020.0
22769833,200414004,3,0,0,,8:21:20,8:21:20,30080.0,30080.0
22769833,200414007,4,0,0,,8:22:10,8:22:10,30130.0,30130.0
22769833,200414003,5,0,0,,8:22:40,8:22:40,30160.0,30160.0
22769833,200414006,6,0,0,,8:24:10,8:24:10,30250.0,30250.0
22769833,200414011,7,0,0,,8:25:20,8:25:20,30320.0,30320.0
22769833,200406024,8,0,0,,8:27:00,8:27:00,30420.0,30420.0
22769833,200414010,9,0,0,,8:27:50,8:27:50,30470.0,30470.0
22769833,200406015,10,0,0,,8:28:40,8:28:40,30520.0,30520.0
22769833,200406013,11,0,0,,8:29:30,8:29:30,30570.0,30570.0
22769833,200406007,12,0,0,,8:30:50,8:30:50,30650.0,30650.0
22769833,200406011,13,0,0,,8:31:30,8:31:30,30690.0,30690.0
22769833,200408006,14,0,0,,8:32:30,8:32:30,30750.0,30750.0
22769833,200408008,15,0,0,,8:33:10,8:33:10,30790.0,30790.0
22769833,200408001,16,0,0,,8:34:00,8:34:00,30840.0,30840.0
22769833,200408005,17,0,0,,8:35:10,8:35:10,30910.0,30910.0
22769833,200423004,18,0,0,,8:36:10,8:36:10,30970.0,30970.0
22769833,200405005,19,0,0,,8:38:10,8:38:10,31090.0,31090.0
22769833,200405020,20,0,0,,8:41:00,8:41:00,31260.0,31260.0
22769833,200403020,21,0,0,,8:42:50,8:42:50,31370.0,31370.0
22769833,200403015,22,0,0,,8:44:40,8:44:40,31480.0,31480.0
22769833,200403008,23,0,0,,8:46:00,8:46:00,31560.0,31560.0
22769833,200403004,24,0,0,,8:46:50,8:46:50,31610.0,31610.0
22769833,200415001,25,0,0,,8:48:00,8:48:00,31680.0,31680.0
22769833,200415008,26,0,0,,8:49:00,8:49:00,31740.0,31740.0
22769833,200415011,27,0,0,,8:49:40,8:49:40,31780.0,31780.0
22769833,200415013,28,0,0,,8:50:20,8:50:20,31820.0,31820.0
22769833,200420001,29,0,0,,8:52:50,8:52:50,31970.0,31970.0
22769833,200420004,30,0,0,,8:54:30,8:54:30,32070.0,32070.0
22769833,200415009,31,0,0,,8:56:00,8:56:00,32160.0,32160.0
22769832,200414013,0,0,0,,8:33:20,8:33:20,30800.0,30800.0
22769832,200414001,1,0,0,,8:34:10,8:34:10,30850.0,30850.0
22769832,200414008,2,0,0,,8:35:20,8:35:20,30920.0,30920.0
22769832,200414004,3,0,0,,8:36:20,8:36:20,30980.0,30980.0
22769832,200414007,4,0,0,,8:37:10,8:37:10,31030.0,31030.0
22769832,200414003,5,0,0,,8:37:40,8:37:40,31060.0,31060.0
22769832,200414006,6,0,0,,8:39:10,8:39:10,31150.0,31150.0
22769832,200414011,7,0,0,,8:40:20,8:40:20,31220.0,31220.0
22769832,200406024,8,0,0,,8:42:00,8:42:00,31320.0,31320.0
22769832,200414010,9,0,0,,8:42:50,8:42:50,31370.0,31370.0
22769832,200406015,10,0,0,,8:43:40,8:43:40,31420.0,31420.0
22769832,200406013,11,0,0,,8:44:30,8:44:30,31470.0,31470.0
22769832,200406007,12,0,0,,8:45:50,8:45:50,31550.0,31550.0
22769832,200406011,13,0,0,,8:46:30,8:46:30,31590.0,31590.0
22769832,200408006,14,0,0,,8:47:30,8:47:30,31650.0,31650.0
22769832,200408008,15,0,0,,8:48:10,8:48:10,31690.0,31690.0
22769832,200408001,16,0,0,,8:49:00,8:49:00,31740.0,31740.0
22769832,200408005,17,0,0,,8:50:10,8:50:10,31810.0,31810.0
22769832,200423004,18,0,0,,8:51:10,8:51:10,31870.0,31870.0
22769832,200405005,19,0,0,,8:53:10,8:53:10,31990.0,31990.0
22769832,200405020,20,0,0,,8:56:00,8:56:00,32160.0,32160.0
22769832,200403020,21,0,0,,8:57:50,8:57:50,32270.0,32270.0
22769832,200403015,22,0,0,,8:59:40,8:59:40,32380.0,32380.0
22769831,200414013,0,0,0,,8:48:20,8:48:20,31700.0,31700.0
22769831,200414001,1,0,0,,8:49:10,8:49:10,31750.0,31750.0
22769831,200414008,2,0,0,,8:50:20,8:50:20,31820.0,31820.0
22769831,200414004,3,0,0,,8:51:20,8:51:20,31880.0,31880.0
22769831,200414007,4,0,0,,8:52:10,8:52:10,31930.0,31930.0
22769831,200414003,5,0,0,,8:52:40,8:52:40,31960.0,31960.0
22769831,200414006,6,0,0,,8:54:10,8:54:10,32050.0,32050.0
22769831,200414011,7,0,0,,8:55:20,8:55:20,32120.0,32120.0
22769831,200406024,8,0,0,,8:57:00,8:57:00,32220.0,32220.0
22769831,200414010,9,0,0,,8:57:50,8:57:50,32270.0,32270.0
22769831,200406015,10,0,0,,8:58:40,8:58:40,32320.0,32320.0
22769831,200406013,11,0,0,,8:59:30,8:59:30,32370.0,32370.0
22766703,200406005,27,0,0,,7:00:20,7:00:20,25220.0,25220.0
22766703,200406008,28,0,0,,7:01:10,7:01:10,25270.0,25270.0
22766703,200406018,29,0,0,,7:02:10,7:02:10,25330.0,25330.0
22766703,200406004,30,0,0,,7:03:00,7:03:00,25380.0,25380.0
22766703,200406014,31,0,0,,7:04:10,7:04:10,25450.0,25450.0
22766703,200406003,32,0,0,,7:04:50,7:04:50,25490.0,25490.0
22766703,200406019,33,0,0,,7:05:40,7:05:40,25540.0,25540.0
22766702,200405020,13,0,0,,7:00:30,7:00:30,25230.0,25230.0
22766702,200405005,14,0,0,,7:03:30,7:03:30,25410.0,25410.0
22766702,200423004,15,0,0,,7:05:20,7:05:20,25520.0,25520.0
22766702,200408005,16,0,0,,7:06:20,7:06:20,25580.0,25580.0
22766702,200408001,17,0,0,,7:07:30,7:07:30,25650.0,25650.0
22766702,200408008,18,0,0,,7:08:20,7:08:20,25700.0,25700.0
22766702,200408006,19,0,0,,7:09:00,7:09:00,25740.0,25740.0
22766702,200406006,20,0,0,,7:09:40,7:09:40,25780.0,25780.0
22766702,200406011,21,0,0,,7:10:00,7:10:00,25800.0,25800.0
22766702,200406007,22,0,0,,7:10:50,7:10:50,25850.0,25850.0
22766702,200406017,23,0,0,,7:11:50,7:11:50,25910.0,25910.0
22766702,200406012,24,0,0,,7:12:40,7:12:40,25960.0,25960.0
22766702,200406010,25,0,0,,7:13:30,7:13:30,26010.0,26010.0
22766702,200406002,26,0,0,,7:14:30,7:14:30,26070.0,26070.0
22766702,200406005,27,0,0,,7:15:20,7:15:20,26120.0,26120.0
22766702,200406008,28,0,0,,7:16:10,7:16:10,26170.0,26170.0
22766702,200406018,29,0,0,,7:17:10,7:17:10,26230.0,26230.0
22766702,200406004,30,0,0,,7:18:00,7:18:00,26280.0,26280.0
22766702,200406014,31,0,0,,7:19:10,7:19:10,26350.0,26350.0
22766702,200406003,32,0,0,,7:19:50,7:19:50,26390.0,26390.0
22766702,200406019,33,0,0,,7:20:40,7:20:40,26440.0,26440.0
22766701,200407004,6,0,0,,7:00:20,7:00:20,25220.0,25220.0
22766701,200415002,7,0,0,,7:01:40,7:01:40,25300.0,25300.0
22766701,200415006,8,0,0,,7:02:40,7:02:40,25360.0,25360.0
22766701,200415003,9,0,0,,7:04:20,7:04:20,25460.0,25460.0
22766701,200405036,10,0,0,,7:07:40,7:07:40,25660.0,25660.0
22766701,200405001,11,0,0,,7:10:00,7:10:00,25800.0,25800.0
22766701,200405013,12,0,0,,7:12:30,7:12:30,25950.0,25950.0
22766701,200405020,13,0,0,,7:15:30,7:15:30,26130.0,26130.0
22766701,200405005,14,0,0,,7:18:30,7:18:30,26310.0,26310.0
22766701,200423004,15,0,0,,7:20:20,7:20:20,26420.0,26420.0
22766701,200408005,16,0,0,,7:21:20,7:21:20,26480.0,26480.0
22766701,200408001,17,0,0,,7:22:30,7:22:30,26550.0,26550.0
22766701,200408008,18,0,0,,7:23:20,7:23:20,26600.0,26600.0
22766701,200408006,19,0,0,,7:24:00,7:24:00,26640.0,26640.0
22766701,200406006,20,0,0,,7:24:40,7:24:40,26680.0,26680.0
22766701,200406011,21,0,0,,7:25:00,7:25:00,26700.0,26700.0
22766701,200406007,22,0,0,,7:25:50,7:25:50,26750.0,26750.0
22766701,200406017,23,0,0,,7:26:50,7:26:50,26810.0,26810.0
22766701,200406012,24,0,0,,7:27:40,7:27:40,26860.0,26860.0
22766701,200406010,25,0,0,,7:28:30,7:28:30,26910.0,26910.0
22766701,200406002,26,0,0,,7:29:30,7:29:30,26970.0,26970.0
22766701,200406005,27,0,0,,7:30:20,7:30:20,27020.0,27020.0
22766701,200406008,28,0,0,,7:31:10,7:31:10,27070.0,27070.0
22766701,200406018,29,0,0,,7:32:10,7:32:10,27130.0,27130.0
22766701,200406004,30,0,0,,7:33:00,7:33:00,27180.0,27180.0
22766701,200406014,31,0,0,,7:34:10,7:34:10,27250.0,27250.0
22766701,200406003,32,0,0,,7:34:50,7:34:50,27290.0,27290.0
22766701,200406019,33,0,0,,7:35:40,7:35:40,27340.0,27340.0
22766700,200407005,0,0,0,,7:08:00,7:08:00,25680.0,25680.0
22766700,200407010,1,0,0,,7:08:50,7:08:50,25730.0,25730.0
22766700,200407001,2,0,0,,7:09:40,7:09:40,25780.0,25780.0
22766700,200407014,3,0,0,,7:11:00,7:11:00,25860.0,25860.0
22766700,200407007,4,0,0,,7:12:40,7:12:40,25960.0,25960.0
22766700,200407003,5,0,0,,7:14:10,7:14:10,26050.0,26050.0
22766700,200407004,6,0,0,,7:15:20,7:15:20,26120.0,26120.0
22766700,200415002,7,0,0,,7:16:40,7:16:40,26200.0,26200.0
22766700,200415006,8,0,0,,7:17:40,7:17:40,26260.0,26260.0
22766700,200415003,9,0,0,,7:19:20,7:19:20,26360.0,26360.0
22766700,200405036,10,0,0,,7:22:40,7:22:40,26560.0,26560.0
22766700,200405001,11,0,0,,7:25:00,7:25:00,26700.0,26700.0
22766700,200405013,12,0,0,,7:27:30,7:27:30,26850.0,26850.0
22766700,200405020,13,0,0,,7:30:30,7:30:30,27030.0,27030.0
22766700,200405005,14,0,0,,7:33:30,7:33:30,27210.0,27210.0
22766700,200423004,15,0,0,,7:35:20,7:35:20,27320.0,27320.0
22766700,200408005,16,0,0,,7:36:20,7:36:20,27380.0,27380.0
22766700,200408001,17,0,0,,7:37:30,7:37:30,27450.0,27450.0
22766700,200408008,18,0,0,,7:38:20,7:38:20,27500.0,27500.0
22766700,200408006,19,0,0,,7:39:00,7:39:00,27540.0,27540.0
22766700,200406006,20,0,0,,7:39:40,7:39:40,27580.0,27580.0
22766700,200406011,21,0,0,,7:40:00,7:40:00,27600.0,27600.0
22766700,200406007,22,0,0,,7:40:50,7:40:50,27650.0,27650.0
22766700,200406017,23,0,0,,7:41:50,7:41:50,27710.0,27710.0
22766700,200406012,24,0,0,,7:42:40,7:42:40,27760.0,27760.0
22766700,200406010,25,0,0,,7:43:30,7:43:30,27810.0,27810.0
22766700,200406002,26,0,0,,7:44:30,7:44:30,27870.0,27870.0
22766700,200406005,27,0,0,,7:45:20,7:45:20,27920.0,27920.0
22766700,200406008,28,0,0,,7:46:10,7:46:10,27970.0,27970.0
22766700,200406018,29,0,0,,7:47:10,7:47:10,28030.0,28030.0
22766700,200406004,30,0,0,,7:48:00,7:48:00,28080.0,28080.0
22766700,200406014,31,0,0,,7:49:10,7:49:10,28150.0,28150.0
22766700,200406003,32,0,0,,7:49:50,7:49:50,28190.0,28190.0
22766700,200406019,33,0,0,,7:50:40,7:50:40,28240.0,28240.0
22766699,200407005,0,0,0,,7:23:00,7:23:00,26580.0,26580.0
22766699,200407010,1,0,0,,7:23:50,7:23:50,26630.0,26630.0
22766699,200407001,2,0,0,,7:24:40,7:24:40,26680.0,26680.0
22766699,200407014,3,0,0,,7:26:00,7:26:00,26760.0,26760.0
22766699,200407007,4,0,0,,7:27:40,7:27:40,26860.0,26860.0
22766699,200407003,5,0,0,,7:29:10,7:29:10,26950.0,26950.0
22766699,200407004,6,0,0,,7:30:20,7:30:20,27020.0,27020.0
22766699,200415002,7,0,0,,7:31:40,7:31:40,27100.0,27100.0
22766699,200415006,8,0,0,,7:32:40,7:32:40,27160.0,27160.0
22766699,200415003,9,0,0,,7:34:20,7:34:20,27260.0,27260.0
22766699,200405036,10,0,0,,7:37:40,7:37:40,27460.0,27460.0
22766699,200405001,11,0,0,,7:40:00,7:40:00,27600.0,27600.0
22766699,200405013,12,0,0,,7:42:30,7:42:30,27750.0,27750.0
22766699,200405020,13,0,0,,7:45:30,7:45:30,27930.0,27930.0
22766699,200405005,14,0,0,,7:48:30,7:48:30,28110.0,28110.0
22766699,200423004,15,0,0,,7:50:20,7:50:20,28220.0,28220.0
22766699,200408005,16,0,0,,7:51:20,7:51:20,28280.0,28280.0
22766699,200408001,17,0,0,,7:52:30,7:52:30,28350.0,28350.0
22766699,200408008,18,0,0,,7:53:20,7:53:20,28400.0,28400.0
22766699,200408006,19,0,0,,7:54:00,7:54:00,28440.0,28440.0
22766699,200406006,20,0,0,,7:54:40,7:54:40,28480.0,28480.0
22766699,200406011,21,0,0,,7:55:00,7:55:00,28500.0,28500.0
22766699,200406007,22,0,0,,7:55:50,7:55:50,28550.0,28550.0
22766699,200406017,23,0,0,,7:56:50,7:56:50,28610.0,28610.0
22766699,200406012,24,0,0,,7:57:40,7:57:40,28660.0,28660.0
22766699,200406010,25,0,0,,7:58:30,7:58:30,28710.0,28710.0
22766699,200406002,26,0,0,,7:59:30,7:59:30,28770.0,28770.0
22766699,200406005,27,0,0,,8:00:20,8:00:20,28820.0,28820.0
22766699,200406008,28,0,0,,8:01:10,8:01:10,28870.0,28870.0
22766699,200406018,29,0,0,,8:02:10,8:02:10,28930.0,28930.0
22766699,200406004,30,0,0,,8:03:00,8:03:00,28980.0,28980.0
22766699,200406014,31,0,0,,8:04:10,8:04:10,29050.0,29050.0
22766699,200406003,32,0,0,,8:04:50,8:04:50,29090.0,29090.0
22766699,200406019,33,0,0,,8:05:40,8:05:40,29140.0,29140.0
22766698,200407005,0,0,0,,7:38:00,7:38:00,27480.0,27480.0
22766698,200407010,1,0,0,,7:38:50,7:38:50,27530.0,27530.0
22766698,200407001,2,0,0,,7:39:40,7:39:40,27580.0,27580.0
22766698,200407014,3,0,0,,7:41:00,7:41:00,27660.0,27660.0
22766698,200407007,4,0,0,,7:42:40,7:42:40,27760.0,27760.0
22766698,200407003,5,0,0,,7:44:10,7:44:10,27850.0,27850.0
22766698,200407004,6,0,0,,7:45:20,7:45:20,27920.0,27920.0
22766698,200415002,7,0,0,,7:46:40,7:46:40,28000.0,28000.0
22766698,200415006,8,0,0,,7:47:40,7:47:40,28060.0,28060.0
22766698,200415003,9,0,0,,7:49:20,7:49:20,28160.0,28160.0
22766698,200405036,10,0,0,,7:52:40,7:52:40,28360.0,28360.0
22766698,200405001,11,0,0,,7:55:00,7:55:00,28500.0,28500.0
22766698,200405013,12,0,0,,7:57:30,7:57:30,28650.0,28650.0
22766698,200405020,13,0,0,,8:00:30,8:00:30,28830.0,28830.0
22766698,200405005,14,0,0,,8:03:30,8:03:30,29010.0,29010.0
22766698,200423004,15,0,0,,8:05:20,8:05:20,29120.0,29120.0
22766698,200408005,16,0,0,,8:06:20,8:06:20,29180.0,29180.0
22766698,200408001,17,0,0,,8:07:30,8:07:30,29250.0,29250.0
22766698,200408008,18,0,0,,8:08:20,8:08:20,29300.0,29300.0
22766698,200408006,19,0,0,,8:09:00,8:09:00,29340.0,29340.0
22766698,200406006,20,0,0,,8:09:40,8:09:40,29380.0,29380.0
22766698,200406011,21,0,0,,8:10:00,8:10:00,29400.0,29400.0
22766698,200406007,22,0,0,,8:10:50,8:10:50,29450.0,29450.0
22766698,200406017,23,0,0,,8:11:50,8:11:50,29510.0,29510.0
22766698,200406012,24,0,0,,8:12:40,8:12:40,29560.0,29560.0
22766698,200406010,25,0,0,,8:13:30,8:13:30,29610.0,29610.0
22766698,200406002,26,0,0,,8:14:30,8:14:30,29670.0,29670.0
22766698,200406005,27,0,0,,8:15:20,8:15:20,29720.0,29720.0
22766698,200406008,28,0,0,,8:16:10,8:16:10,29770.0,29770.0
22766698,200406018,29,0,0,,8:17:10,8:17:10,29830.0,29830.0
22766698,200406004,30,0,0,,8:18:00,8:18:00,29880.0,29880.0
22766698,200406014,31,0,0,,8:19:10,8:19:10,29950.0,29950.0
22766698,200406003,32,0,0,,8:19:50,8:19:50,29990.0,29990.0
22766698,200406019,33,0,0,,8:20:40,8:20:40,30040.0,30040.0
22766697,200407005,0,0,0,,7:53:00,7:53:00,28380.0,28380.0
22766697,200407010,1,0,0,,7:53:50,7:53:50,28430.0,28430.0
22766697,200407001,2,0,0,,7:54:40,7:54:40,28480.0,28480.0
22766697,200407014,3,0,0,,7:56:00,7:56:00,28560.0,28560.0
22766697,200407007,4,0,0,,7:57:40,7:57:40,28660.0,28660.0
22766697,200407003,5,0,0,,7:59:10,7:59:10,28750.0,28750.0
22766697,200407004,6,0,0,,8:00:20,8:00:20,28820.0,28820.0
22766697,200415002,7,0,0,,8:01:40,8:01:40,28900.0,28900.0
22766697,200415006,8,0,0,,8:02:40,8:02:40,28960.0,28960.0
22766697,200415003,9,0,0,,8:04:20,8:04:20,29060.0,29060.0
22766697,200405036,10,0,0,,8:07:40,8:07:40,29260.0,29260.0
22766697,200405001,11,0,0,,8:10:00,8:10:00,29400.0,29400.0
22766697,200405013,12,0,0,,8:12:30,8:12:30,29550.0,29550.0
22766697,200405020,13,0,0,,8:15:30,8:15:30,29730.0,29730.0
22766697,200405005,14,0,0,,8:18:30,8:18:30,29910.0,29910.0
22766697,200423004,15,0,0,,8:20:20,8:20:20,30020.0,30020.0
22766697,200408005,16,0,0,,8:21:20,8:21:20,30080.0,30080.0
22766697,200408001,17,0,0,,8:22:30,8:22:30,30150.0,30150.0
22766697,200408008,18,0,0,,8:23:20,8:23:20,30200.0,30200.0
22766697,200408006,19,0,0,,8:24:00,8:24:00,30240.0,30240.0
22766697,200406006,20,0,0,,8:24:40,8:24:40,30280.0,30280.0
22766697,200406011,21,0,0,,8:25:00,8:25:00,30300.0,30300.0
22766697,200406007,22,0,0,,8:25:50,8:25:50,30350.0,30350.0
22766697,200406017,23,0,0,,8:26:50,8:26:50,30410.0,30410.0
22766697,200406012,24,0,0,,8:27:40,8:27:40,30460.0,30460.0
22766697,200406010,25,0,0,,8:28:30,8:28:30,30510.0,30510.0
22766697,200406002,26,0,0,,8:29:30,8:29:30,30570.0,30570.0
22766697,200406005,27,0,0,,8:30:20,8:30:20,30620.0,30620.0
22766697,200406008,28,0,0,,8:31:10,8:31:10,30670.0,30670.0
22766697,200406018,29,0,0,,8:32:10,8:32:10,30730.0,30730.0
22766697,200406004,30,0,0,,8:33:00,8:33:00,30780.0,30780.0
22766697,200406014,31,0,0,,8:34:10,8:34:10,30850.0,30850.0
22766697,200406003,32,0,0,,8:34:50,8:34:50,30890.0,30890.0
22766697,200406019,33,0,0,,8:35:40,8:35:40,30940.0,30940.0
22766696,200407005,0,0,0,,8:08:00,8:08:00,29280.0,29280.0
22766696,200407010,1,0,0,,8:08:50,8:08:50,29330.0,29330.0
22766696,200407001,2,0,0,,8:09:40,8:09:40,29380.0,29380.0
22766696,200407014,3,0,0,,8:11:00,8:11:00,29460.0,29460.0
22766696,200407007,4,0,0,,8:12:40,8:12:40,29560.0,29560.0
22766696,200407003,5,0,0,,8:14:10,8:14:10,29650.0,29650.0
22766696,200407004,6,0,0,,8:15:20,8:15:20,29720.0,29720.0
22766696,200415002,7,0,0,,8:16:40,8:16:40,29800.0,29800.0
22766696,200415006,8,0,0,,8:17:40,8:17:40,29860.0,29860.0
22766696,200415003,9,0,0,,8:19:20,8:19:20,29960.0,29960.0
22766696,200405036,10,0,0,,8:22:40,8:22:40,30160.0,30160.0
22766696,200405001,11,0,0,,8:25:00,8:25:00,30300.0,30300.0
22766696,200405013,12,0,0,,8:27:30,8:27:30,30450.0,30450.0
22766696,200405020,13,0,0,,8:30:30,8:30:30,30630.0,30630.0
22766696,200405005,14,0,0,,8:33:30,8:33:30,30810.0,30810.0
22766696,200423004,15,0,0,,8:35:20,8:35:20,30920.0,30920.0
22766696,200408005,16,0,0,,8:36:20,8:36:20,30980.0,30980.0
22766696,200408001,17,0,0,,8:37:30,8:37:30,31050.0,31050.0
22766696,200408008,18,0,0,,8:38:20,8:38:20,31100.0,31100.0
22766696,200408006,19,0,0,,8:39:00,8:39:00,31140.0,31140.0
22766696,200406006,20,0,0,,8:39:40,8:39:40,31180.0,31180.0
22766696,200406011,21,0,0,,8:40:00,8:40:00,31200.0,31200.0
22766696,200406007,22,0,0,,8:40:50,8:40:50,31250.0,31250.0
22766696,200406017,23,0,0,,8:41:50,8:41:50,31310.0,31310.0
22766696,200406012,24,0,0,,8:42:40,8:42:40,31360.0,31360.0
22766696,200406010,25,0,0,,8:43:30,8:43:30,31410.0,31410.0
22766696,200406002,26,0,0,,8:44:30,8:44:30,31470.0,31470.0
22766696,200406005,27,0,0,,8:45:20,8:45:20,31520.0,31520.0
22766696,200406008,28,0,0,,8:46:10,8:46:10,31570.0,31570.0
22766696,200406018,29,0,0,,8:47:10,8:47:10,31630.0,31630.0
22766696,200406004,30,0,0,,8:48:00,8:48:00,31680.0,31680.0
22766696,200406014,31,0,0,,8:49:10,8:49:10,31750.0,31750.0
22766696,200406003,32,0,0,,8:49:50,8:49:50,31790.0,31790.0
22766696,200406019,33,0,0,,8:50:40,8:50:40,31840.0,31840.0
22766695,200407005,0,0,0,,8:23:00,8:23:00,30180.0,30180.0
22766695,200407010,1,0,0,,8:23:50,8:23:50,30230.0,30230.0
22766695,200407001,2,0,0,,8:24:40,8:24:40,30280.0,30280.0
22766695,200407014,3,0,0,,8:26:00,8:26:00,30360.0,30360.0
22766695,200407007,4,0,0,,8:27:40,8:27:40,30460.0,30460.0
22766695,200407003,5,0,0,,8:29:10,8:29:10,30550.0,30550.0
22766695,200407004,6,0,0,,8:30:20,8:30:20,30620.0,30620.0
22766695,200415002,7,0,0,,8:31:40,8:31:40,30700.0,30700.0
22766695,200415006,8,0,0,,8:32:40,8:32:40,30760.0,30760.0
22766695,200415003,9,0,0,,8:34:20,8:34:20,30860.0,30860.0
22766695,200405036,10,0,0,,8:37:40,8:37:40,31060.0,31060.0
22766695,200405001,11,0,0,,8:40:00,8:40:00,31200.0,31200.0
22766695,200405013,12,0,0,,8:42:30,8:42:30,31350.0,31350.0
22766695,200405020,13,0,0,,8:45:30,8:45:30,31530.0,31530.0
22766695,200405005,14,0,0,,8:48:30,8:48:30,31710.0,31710.0
22766695,200423004,15,0,0,,8:50:20,8:50:20,31820.0,31820.0
22766695,200408005,16,0,0,,8:51:20,8:51:20,31880.0,31880.0
22766695,200408001,17,0,0,,8:52:30,8:52:30,31950.0,31950.0
22766695,200408008,18,0,0,,8:53:20,8:53:20,32000.0,32000.0
22766695,200408006,19,0,0,,8:54:00,8:54:00,32040.0,32040.0
22766695,200406006,20,0,0,,8:54:40,8:54:40,32080.0,32080.0
22766695,200406011,21,0,0,,8:55:00,8:55:00,32100.0,32100.0
22766695,200406007,22,0,0,,8:55:50,8:55:50,32150.0,32150.0
22766695,200406017,23,0,0,,8:56:50,8:56:50,32210.0,32210.0
22766695,200406012,24,0,0,,8:57:40,8:57:40,32260.0,32260.0
22766695,200406010,25,0,0,,8:58:30,8:58:30,32310.0,32310.0
22766695,200406002,26,0,0,,8:59:30,8:59:30,32370.0,32370.0
22766694,200407005,0,0,0,,8:38:00,8:38:00,31080.0,31080.0
22766694,200407010,1,0,0,,8:38:50,8:38:50,31130.0,31130.0
22766694,200407001,2,0,0,,8:39:40,8:39:40,31180.0,31180.0
22766694,200407014,3,0,0,,8:41:00,8:41:00,31260.0,31260.0
22766694,200407007,4,0,0,,8:42:40,8:42:40,31360.0,31360.0
22766694,200407003,5,0,0,,8:44:10,8:44:10,31450.0,31450.0
22766694,200407004,6,0,0,,8:45:20,8:45:20,31520.0,31520.0
22766694,200415002,7,0,0,,8:46:40,8:46:40,31600.0,31600.0
22766694,200415006,8,0,0,,8:47:40,8:47:40,31660.0,31660.0
22766694,200415003,9,0,0,,8:49:20,8:49:20,31760.0,31760.0
22766694,200405036,10,0,0,,8:52:40,8:52:40,31960.0,31960.0
22766694,200405001,11,0,0,,8:55:00,8:55:00,32100.0,32100.0
22766694,200405013,12,0,0,,8:57:30,8:57:30,32250.0,32250.0
22766693,200407005,0,0,0,,8:53:00,8:53:00,31980.0,31980.0
22766693,200407010,1,0,0,,8:53:50,8:53:50,32030.0,32030.0
22766693,200407001,2,0,0,,8:54:40,8:54:40,32080.0,32080.0
22766693,200407014,3,0,0,,8:56:00,8:56:00,32160.0,32160.0
22766693,200407007,4,0,0,,8:57:40,8:57:40,32260.0,32260.0
22766693,200407003,5,0,0,,8:59:10,8:59:10,32350.0,32350.0
22766108,200407004,26,0,0,,7:01:00,7:01:00,25260.0,25260.0
22766108,200407003,27,0,0,,7:02:40,7:02:40,25360.0,25360.0
22766108,200407007,28,0,0,,7:03:40,7:03:40,25420.0,25420.0
22766108,200407014,29,0,0,,7:05:20,7:05:20,25520.0,25520.0
22766108,200407001,30,0,0,,7:06:20,7:06:20,25580.0,25580.0
22766108,200407010,31,0,0,,7:07:00,7:07:00,25620.0,25620.0
22766108,200407005,32,0,0,,7:08:20,7:08:20,25700.0,25700.0
22766107,200405020,20,0,0,,7:01:30,7:01:30,25290.0,25290.0
22766107,200405013,21,0,0,,7:04:40,7:04:40,25480.0,25480.0
22766107,200405001,22,0,0,,7:07:20,7:07:20,25640.0,25640.0
22766107,200405036,23,0,0,,7:09:30,7:09:30,25770.0,25770.0
22766107,200415003,24,0,0,,7:12:10,7:12:10,25930.0,25930.0
22766107,200415002,25,0,0,,7:14:20,7:14:20,26060.0,26060.0
22766107,200407004,26,0,0,,7:16:00,7:16:00,26160.0,26160.0
22766107,200407003,27,0,0,,7:17:40,7:17:40,26260.0,26260.0
22766107,200407007,28,0,0,,7:18:40,7:18:40,26320.0,26320.0
22766107,200407014,29,0,0,,7:20:20,7:20:20,26420.0,26420.0
22766107,200407001,30,0,0,,7:21:20,7:21:20,26480.0,26480.0
22766107,200407010,31,0,0,,7:22:00,7:22:00,26520.0,26520.0
22766107,200407005,32,0,0,,7:23:20,7:23:20,26600.0,26600.0
22766106,200406016,5,0,0,,7:00:20,7:00:20,25220.0,25220.0
22766106,200406008,6,0,0,,7:01:00,7:01:00,25260.0,25260.0
22766106,200406005,7,0,0,,7:01:40,7:01:40,25300.0,25300.0
22766106,200406002,8,0,0,,7:02:40,7:02:40,25360.0,25360.0
22766106,200406010,9,0,0,,7:03:40,7:03:40,25420.0,25420.0
22766106,200406012,10,0,0,,7:04:20,7:04:20,25460.0,25460.0
22766106,200406017,11,0,0,,7:05:20,7:05:20,25520.0,25520.0
22766106,200406007,12,0,0,,7:06:20,7:06:20,25580.0,25580.0
22766106,200406011,13,0,0,,7:07:00,7:07:00,25620.0,25620.0
22766106,200408006,14,0,0,,7:08:00,7:08:00,25680.0,25680.0
22766106,200408008,15,0,0,,7:08:40,7:08:40,25720.0,25720.0
22766106,200408001,16,0,0,,7:09:30,7:09:30,25770.0,25770.0
22766106,200408005,17,0,0,,7:10:40,7:10:40,25840.0,25840.0
22766106,200423004,18,0,0,,7:11:40,7:11:40,25900.0,25900.0
22766106,200405005,19,0,0,,7:13:40,7:13:40,26020.0,26020.0
22766106,200405020,20,0,0,,7:16:30,7:16:30,26190.0,26190.0
22766106,200405013,21,0,0,,7:19:40,7:19:40,26380.0,26380.0
22766106,200405001,22,0,0,,7:22:20,7:22:20,26540.0,26540.0
22766106,200405036,23,0,0,,7:24:30,7:24:30,26670.0,26670.0
22766106,200415003,24,0,0,,7:27:10,7:27:10,26830.0,26830.0
22766106,200415002,25,0,0,,7:29:20,7:29:20,26960.0,26960.0
22766106,200407004,26,0,0,,7:31:00,7:31:00,27060.0,27060.0
22766106,200407003,27,0,0,,7:32:40,7:32:40,27160.0,27160.0
22766106,200407007,28,0,0,,7:33:40,7:33:40,27220.0,27220.0
22766106,200407014,29,0,0,,7:35:20,7:35:20,27320.0,27320.0
22766106,200407001,30,0,0,,7:36:20,7:36:20,27380.0,27380.0
22766106,200407010,31,0,0,,7:37:00,7:37:00,27420.0,27420.0
22766106,200407005,32,0,0,,7:38:20,7:38:20,27500.0,27500.0
22766105,200406019,0,0,0,,7:10:40,7:10:40,25840.0,25840.0
22766105,200406003,1,0,0,,7:11:40,7:11:40,25900.0,25900.0
22766105,200406014,2,0,0,,7:12:30,7:12:30,25950.0,25950.0
22766105,200406004,3,0,0,,7:14:00,7:14:00,26040.0,26040.0
22766105,200406018,4,0,0,,7:14:40,7:14:40,26080.0,26080.0
22766105,200406016,5,0,0,,7:15:20,7:15:20,26120.0,26120.0
22766105,200406008,6,0,0,,7:16:00,7:16:00,26160.0,26160.0
22766105,200406005,7,0,0,,7:16:40,7:16:40,26200.0,26200.0
22766105,200406002,8,0,0,,7:17:40,7:17:40,26260.0,26260.0
22766105,200406010,9,0,0,,7:18:40,7:18:40,26320.0,26320.0
22766105,200406012,10,0,0,,7:19:20,7:19:20,26360.0,26360.0
22766105,200406017,11,0,0,,7:20:20,7:20:20,26420.0,26420.0
22766105,200406007,12,0,0,,7:21:20,7:21:20,26480.0,26480.0
22766105,200406011,13,0,0,,7:22:00,7:22:00,26520.0,26520.0
22766105,200408006,14,0,0,,7:23:00,7:23:00,26580.0,26580.0
22766105,200408008,15,0,0,,7:23:40,7:23:40,26620.0,26620.0
22766105,200408001,16,0,0,,7:24:30,7:24:30,26670.0,26670.0
22766105,200408005,17,0,0,,7:25:40,7:25:40,26740.0,26740.0
22766105,200423004,18,0,0,,7:26:40,7:26:40,26800.0,26800.0
22766105,200405005,19,0,0,,7:28:40,7:28:40,26920.0,26920.0
22766105,200405020,20,0,0,,7:31:30,7:31:30,27090.0,27090.0
22766105,200405013,21,0,0,,7:34:40,7:34:40,27280.0,27280.0
22766105,200405001,22,0,0,,7:37:20,7:37:20,27440.0,27440.0
22766105,200405036,23,0,0,,7:39:30,7:39:30,27570.0,27570.0
22766105,200415003,24,0,0,,7:42:10,7:42:10,27730.0,27730.0
22766105,200415002,25,0,0,,7:44:20,7:44:20,27860.0,27860.0
22766105,200407004,26,0,0,,7:46:00,7:46:00,27960.0,27960.0
22766105,200407003,27,0,0,,7:47:40,7:47:40,28060.0,28060.0
22766105,200407007,28,0,0,,7:48:40,7:48:40,28120.0,28120.0
22766105,200407014,29,0,0,,7:50:20,7:50:20,28220.0,28220.0
22766105,200407001,30,0,0,,7:51:20,7:51:20,28280.0,28280.0
22766105,200407010,31,0,0,,7:52:00,7:52:00,28320.0,28320.0
22766105,200407005,32,0,0,,7:53:20,7:53:20,28400.0,28400.0
22766104,200406019,0,0,0,,7:25:40,7:25:40,26740.0,26740.0
22766104,200406003,1,0,0,,7:26:40,7:26:40,26800.0,26800.0
22766104,200406014,2,0,0,,7:27:30,7:27:30,26850.0,26850.0
22766104,200406004,3,0,0,,7:29:00,7:29:00,26940.0,26940.0
22766104,200406018,4,0,0,,7:29:40,7:29:40,26980.0,26980.0
22766104,200406016,5,0,0,,7:30:20,7:30:20,27020.0,27020.0
22766104,200406008,6,0,0,,7:31:00,7:31:00,27060.0,27060.0
22766104,200406005,7,0,0,,7:31:40,7:31:40,27100.0,27100.0
22766104,200406002,8,0,0,,7:32:40,7:32:40,27160.0,27160.0
22766104,200406010,9,0,0,,7:33:40,7:33:40,27220.0,27220.0
22766104,200406012,10,0,0,,7:34:20,7:34:20,27260.0,27260.0
22766104,200406017,11,0,0,,7:35:20,7:35:20,27320.0,27320.0
22766104,200406007,12,0,0,,7:36:20,7:36:20,27380.0,27380.0
22766104,200406011,13,0,0,,7:37:00,7:37:00,27420.0,27420.0
22766104,200408006,14,0,0,,7:38:00,7:38:00,27480.0,27480.0
22766104,200408008,15,0,0,,7:38:40,7:38:40,27520.0,27520.0
22766104,200408001,16,0,0,,7:39:30,7:39:30,27570.0,27570.0
22766104,200408005,17,0,0,,7:40:40,7:40:40,27640.0,27640.0
22766104,200423004,18,0,0,,7:41:40,7:41:40,27700.0,27700.0
22766104,200405005,19,0,0,,7:43:40,7:43:40,27820.0,27820.0
22766104,200405020,20,0,0,,7:46:30,7:46:30,27990.0,27990.0
22766104,200405013,21,0,0,,7:49:40,7:49:40,28180.0,28180.0
22766104,200405001,22,0,0,,7:52:20,7:52:20,28340.0,28340.0
22766104,200405036,23,0,0,,7:54:30,7:54:30,28470.0,28470.0
22766104,200415003,24,0,0,,7:57:10,7:57:10,28630.0,28630.0
22766104,200415002,25,0,0,,7:59:20,7:59:20,28760.0,28760.0
22766104,200407004,26,0,0,,8:01:00,8:01:00,28860.0,28860.0
22766104,200407003,27,0,0,,8:02:40,8:02:40,28960.0,28960.0
22766104,200407007,28,0,0,,8:03:40,8:03:40,29020.0,29020.0
22766104,200407014,29,0,0,,8:05:20,8:05:20,29120.0,29120.0
22766104,200407001,30,0,0,,8:06:20,8:06:20,29180.0,29180.0
22766104,200407010,31,0,0,,8:07:00,8:07:00,29220.0,29220.0
22766104,200407005,32,0,0,,8:08:20,8:08:20,29300.0,29300.0
22766103,200406019,0,0,0,,7:40:40,7:40:40,27640.0,27640.0
22766103,200406003,1,0,0,,7:41:40,7:41:40,27700.0,27700.0
22766103,200406014,2,0,0,,7:42:30,7:42:30,27750.0,27750.0
22766103,200406004,3,0,0,,7:44:00,7:44:00,27840.0,27840.0
22766103,200406018,4,0,0,,7:44:40,7:44:40,27880.0,27880.0
22766103,200406016,5,0,0,,7:45:20,7:45:20,27920.0,27920.0
22766103,200406008,6,0,0,,7:46:00,7:46:00,27960.0,27960.0
22766103,200406005,7,0,0,,7:46:40,7:46:40,28000.0,28000.0
22766103,200406002,8,0,0,,7:47:40,7:47:40,28060.0,28060.0
22766103,200406010,9,0,0,,7:48:40,7:48:40,28120.0,28120.0
22766103,200406012,10,0,0,,7:49:20,7:49:20,28160.0,28160.0
22766103,200406017,11,0,0,,7:50:20,7:50:20,28220.0,28220.0
22766103,200406007,12,0,0,,7:51:20,7:51:20,28280.0,28280.0
22766103,200406011,13,0,0,,7:52:00,7:52:00,28320.0,28320.0
22766103,200408006,14,0,0,,7:53:00,7:53:00,28380.0,28380.0
22766103,200408008,15,0,0,,7:53:40,7:53:40,28420.0,28420.0
22766103,200408001,16,0,0,,7:54:30,7:54:30,28470.0,28470.0
22766103,200408005,17,0,0,,7:55:40,7:55:40,28540.0,28540.0
22766103,200423004,18,0,0,,7:56:40,7:56:40,28600.0,28600.0
22766103,200405005,19,0,0,,7:58:40,7:58:40,28720.0,28720.0
22766103,200405020,20,0,0,,8:01:30,8:01:30,28890.0,28890.0
22766103,200405013,21,0,0,,8:04:40,8:04:40,29080.0,29080.0
22766103,200405001,22,0,0,,8:07:20,8:07:20,29240.0,29240.0
22766103,200405036,23,0,0,,8:09:30,8:09:30,29370.0,29370.0
22766103,200415003,24,0,0,,8:12:10,8:12:10,29530.0,29530.0
22766103,200415002,25,0,0,,8:14:20,8:14:20,29660.0,29660.0
22766103,200407004,26,0,0,,8:16:00,8:16:00,29760.0,29760.0
22766103,200407003,27,0,0,,8:17:40,8:17:40,29860.0,29860.0
22766103,200407007,28,0,0,,8:18:40,8:18:40,29920.0,29920.0
22766103,200407014,29,0,0,,8:20:20,8:20:20,30020.0,30020.0
22766103,200407001,30,0,0,,8:21:20,8:21:20,30080.0,30080.0
22766103,200407010,31,0,0,,8:22:00,8:22:00,30120.0,30120.0
22766103,200407005,32,0,0,,8:23:20,8:23:20,30200.0,30200.0
22766102,200406019,0,0,0,,7:55:40,7:55:40,28540.0,28540.0
22766102,200406003,1,0,0,,7:56:40,7:56:40,28600.0,28600.0
22766102,200406014,2,0,0,,7:57:30,7:57:30,28650.0,28650.0
22766102,200406004,3,0,0,,7:59:00,7:59:00,28740.0,28740.0
22766102,200406018,4,0,0,,7:59:40,7:59:40,28780.0,28780.0
22766102,200406016,5,0,0,,8:00:20,8:00:20,28820.0,28820.0
22766102,200406008,6,0,0,,8:01:00,8:01:00,28860.0,28860.0
22766102,200406005,7,0,0,,8:01:40,8:01:40,28900.0,28900.0
22766102,200406002,8,0,0,,8:02:40,8:02:40,28960.0,28960.0
22766102,200406010,9,0,0,,8:03:40,8:03:40,29020.0,29020.0
22766102,200406012,10,0,0,,8:04:20,8:04:20,29060.0,29060.0
22766102,200406017,11,0,0,,8:05:20,8:05:20,29120.0,29120.0
22766102,200406007,12,0,0,,8:06:20,8:06:20,29180.0,29180.0
22766102,200406011,13,0,0,,8:07:00,8:07:00,29220.0,29220.0
22766102,200408006,14,0,0,,8:08:00,8:08:00,29280.0,29280.0
22766102,200408008,15,0,0,,8:08:40,8:08:40,29320.0,29320.0
22766102,200408001,16,0,0,,8:09:30,8:09:30,29370.0,29370.0
22766102,200408005,17,0,0,,8:10:40,8:10:40,29440.0,29440.0
22766102,200423004,18,0,0,,8:11:40,8:11:40,29500.0,29500.0
22766102,200405005,19,0,0,,8:13:40,8:13:40,29620.0,29620.0
22766102,200405020,20,0,0,,8:16:30,8:16:30,29790.0,29790.0
22766102,200405013,21,0,0,,8:19:40,8:19:40,29980.0,29980.0
22766102,200405001,22,0,0,,8:22:20,8:22:20,30140.0,30140.0
22766102,200405036,23,0,0,,8:24:30,8:24:30,30270.0,30270.0
22766102,200415003,24,0,0,,8:27:10,8:27:10,30430.0,30430.0
22766102,200415002,25,0,0,,8:29:20,8:29:20,30560.0,30560.0
22766102,200407004,26,0,0,,8:31:00,8:31:00,30660.0,30660.0
22766102,200407003,27,0,0,,8:32:40,8:32:40,30760.0,30760.0
22766102,200407007,28,0,0,,8:33:40,8:33:40,30820.0,30820.0
22766102,200407014,29,0,0,,8:35:20,8:35:20,30920.0,30920.0
22766102,200407001,30,0,0,,8:36:20,8:36:20,30980.0,30980.0
22766102,200407010,31,0,0,,8:37:00,8:37:00,31020.0,31020.0
22766102,200407005,32,0,0,,8:38:20,8:38:20,31100.0,31100.0
22766101,200406019,0,0,0,,8:10:40,8:10:40,29440.0,29440.0
22766101,200406003,1,0,0,,8:11:40,8:11:40,29500.0,29500.0
22766101,200406014,2,0,0,,8:12:30,8:12:30,29550.0,29550.0
22766101,200406004,3,0,0,,8:14:00,8:14:00,29640.0,29640.0
22766101,200406018,4,0,0,,8:14:40,8:14:40,29680.0,29680.0
22766101,200406016,5,0,0,,8:15:20,8:15:20,29720.0,29720.0
22766101,200406008,6,0,0,,8:16:00,8:16:00,29760.0,29760.0
22766101,200406005,7,0,0,,8:16:40,8:16:40,29800.0,29800.0
22766101,200406002,8,0,0,,8:17:40,8:17:40,29860.0,29860.0
22766101,200406010,9,0,0,,8:18:40,8:18:40,29920.0,29920.0
22766101,200406012,10,0,0,,8:19:20,8:19:20,29960.0,29960.0
22766101,200406017,11,0,0,,8:20:20,8:20:20,30020.0,30020.0
22766101,200406007,12,0,0,,8:21:20,8:21:20,30080.0,30080.0
22766101,200406011,13,0,0,,8:22:00,8:22:00,30120.0,30120.0
22766101,200408006,14,0,0,,8:23:00,8:23:00,30180.0,30180.0
22766101,200408008,15,0,0,,8:23:40,8:23:40,30220.0,30220.0
22766101,200408001,16,0,0,,8:24:30,8:24:30,30270.0,30270.0
22766101,200408005,17,0,0,,8:25:40,8:25:40,30340.0,30340.0
22766101,200423004,18,0,0,,8:26:40,8:26:40,30400.0,30400.0
22766101,200405005,19,0,0,,8:28:40,8:28:40,30520.0,30520.0
22766101,200405020,20,0,0,,8:31:30,8:31:30,30690.0,30690.0
22766101,200405013,21,0,0,,8:34:40,8:34:40,30880.0,30880.0
22766101,200405001,22,0,0,,8:37:20,8:37:20,31040.0,31040.0
22766101,200405036,23,0,0,,8:39:30,8:39:30,31170.0,31170.0
22766101,200415003,24,0,0,,8:42:10,8:42:10,31330.0,31330.0
22766101,200415002,25,0,0,,8:44:20,8:44:20,31460.0,31460.0
22766101,200407004,26,0,0,,8:46:00,8:46:00,31560.0,31560.0
22766101,200407003,27,0,0,,8:47:40,8:47:40,31660.0,31660.0
22766101,200407007,28,0,0,,8:48:40,8:48:40,31720.0,31720.0
22766101,200407014,29,0,0,,8:50:20,8:50:20,31820.0,31820.0
22766101,200407001,30,0,0,,8:51:20,8:51:20,31880.0,31880.0
22766101,200407010,31,0,0,,8:52:00,8:52:00,31920.0,31920.0
22766101,200407005,32,0,0,,8:53:20,8:53:20,32000.0,32000.0
22766100,200406019,0,0,0,,8:25:40,8:25:40,30340.0,30340.0
22766100,200406003,1,0,0,,8:26:40,8:26:40,30400.0,30400.0
22766100,200406014,2,0,0,,8:27:30,8:27:30,30450.0,30450.0
22766100,200406004,3,0,0,,8:29:00,8:29:00,30540.0,30540.0
22766100,200406018,4,0,0,,8:29:40,8:29:40,30580.0,30580.0
22766100,200406016,5,0,0,,8:30:20,8:30:20,30620.0,30620.0
22766100,200406008,6,0,0,,8:31:00,8:31:00,30660.0,30660.0
22766100,200406005,7,0,0,,8:31:40,8:31:40,30700.0,30700.0
22766100,200406002,8,0,0,,8:32:40,8:32:40,30760.0,30760.0
22766100,200406010,9,0,0,,8:33:40,8:33:40,30820.0,30820.0
22766100,200406012,10,0,0,,8:34:20,8:34:20,30860.0,30860.0
22766100,200406017,11,0,0,,8:35:20,8:35:20,30920.0,30920.0
22766100,200406007,12,0,0,,8:36:20,8:36:20,30980.0,30980.0
22766100,200406011,13,0,0,,8:37:00,8:37:00,31020.0,31020.0
22766100,200408006,14,0,0,,8:38:00,8:38:00,31080.0,31080.0
22766100,200408008,15,0,0,,8:38:40,8:38:40,31120.0,31120.0
22766100,200408001,16,0,0,,8:39:30,8:39:30,31170.0,31170.0
22766100,200408005,17,0,0,,8:40:40,8:40:40,31240.0,31240.0
22766100,200423004,18,0,0,,8:41:40,8:41:40,31300.0,31300.0
22766100,200405005,19,0,0,,8:43:40,8:43:40,31420.0,31420.0
22766100,200405020,20,0,0,,8:46:30,8:46:30,31590.0,31590.0
22766100,200405013,21,0,0,,8:49:40,8:49:40,31780.0,31780.0
22766100,200405001,22,0,0,,8:52:20,8:52:20,31940.0,31940.0
22766100,200405036,23,0,0,,8:54:30,8:54:30,32070.0,32070.0
22766100,200415003,24,0,0,,8:57:10,8:57:10,32230.0,32230.0
22766100,200415002,25,0,0,,8:59:20,8:59:20,32360.0,32360.0
22766099,200406019,0,0,0,,8:40:40,8:40:40,31240.0,31240.0
22766099,200406003,1,0,0,,8:41:40,8:41:40,31300.0,31300.0
22766099,200406014,2,0,0,,8:42:30,8:42:30,31350.0,31350.0
22766099,200406004,3,0,0,,8:44:00,8:44:00,31440.0,31440.0
22766099,200406018,4,0,0,,8:44:40,8:44:40,31480.0,31480.0
22766099,200406016,5,0,0,,8:45:20,8:45:20,31520.0,31520.0
22766099,200406008,6,0,0,,8:46:00,8:46:00,31560.0,31560.0
22766099,200406005,7,0,0,,8:46:40,8:46:40,31600.0,31600.0
22766099,200406002,8,0,0,,8:47:40,8:47:40,31660.0,31660.0
22766099,200406010,9,0,0,,8:48:40,8:48:40,31720.0,31720.0
22766099,200406012,10,0,0,,8:49:20,8:49:20,31760.0,31760.0
22766099,200406017,11,0,0,,8:50:20,8:50:20,31820.0,31820.0
22766099,200406007,12,0,0,,8:51:20,8:51:20,31880.0,31880.0
22766099,200406011,13,0,0,,8:52:00,8:52:00,31920.0,31920.0
22766099,200408006,14,0,0,,8:53:00,8:53:00,31980.0,31980.0
22766099,200408008,15,0,0,,8:53:40,8:53:40,32020.0,32020.0
22766099,200408001,16,0,0,,8:54:30,8:54:30,32070.0,32070.0
22766099,200408005,17,0,0,,8:55:40,8:55:40,32140.0,32140.0
22766099,200423004,18,0,0,,8:56:40,8:56:40,32200.0,32200.0
22766099,200405005,19,0,0,,8:58:40,8:58:40,32320.0,32320.0
22766098,200406019,0,0,0,,8:55:40,8:55:40,32140.0,32140.0
22766098,200406003,1,0,0,,8:56:40,8:56:40,32200.0,32200.0
22766098,200406014,2,0,0,,8:57:30,8:57:30,32250.0,32250.0
22766098,200406004,3,0,0,,8:59:00,8:59:00,32340.0,32340.0
22766098,200406018,4,0,0,,8:59:40,8:59:40,32380.0,32380.0
22763755,200405008,27,0,0,,7:00:10,7:00:10,25210.0,25210.0
22763754,200405013,17,0,0,,7:00:20,7:00:20,25220.0,25220.0
22763754,200405025,18,0,0,,7:03:40,7:03:40,25420.0,25420.0
22763754,200403020,19,0,0,,7:04:50,7:04:50,25490.0,25490.0
22763754,200403005,20,0,0,,7:07:30,7:07:30,25650.0,25650.0
22763754,200403010,21,0,0,,7:08:40,7:08:40,25720.0,25720.0
22763754,200403012,22,0,0,,7:09:50,7:09:50,25790.0,25790.0
22763754,200420007,23,0,0,,7:10:50,7:10:50,25850.0,25850.0
22763754,200403019,24,0,0,,7:12:10,7:12:10,25930.0,25930.0
22763754,200403003,25,0,0,,7:13:00,7:13:00,25980.0,25980.0
22763754,200403009,26,0,0,,7:14:30,7:14:30,26070.0,26070.0
22763754,200405008,27,0,0,,7:15:10,7:15:10,26110.0,26110.0
22763753,200412011,7,0,0,,7:00:00,7:00:00,25200.0,25200.0
22763753,200412001,8,0,0,,7:00:30,7:00:30,25230.0,25230.0
22763753,200412003,9,0,0,,7:01:20,7:01:20,25280.0,25280.0
22763753,200412005,10,0,0,,7:02:20,7:02:20,25340.0,25340.0
22763753,200412016,11,0,0,,7:03:40,7:03:40,25420.0,25420.0
22763753,200412020,12,0,0,,7:05:10,7:05:10,25510.0,25510.0
22763753,200412007,13,0,0,,7:06:10,7:06:10,25570.0,25570.0
22763753,200405003,14,0,0,,7:07:20,7:07:20,25640.0,25640.0
22763753,200405036,15,0,0,,7:10:30,7:10:30,25830.0,25830.0
22763753,200405001,16,0,0,,7:12:50,7:12:50,25970.0,25970.0
22763753,200405013,17,0,0,,7:15:20,7:15:20,26120.0,26120.0
22763753,200405025,18,0,0,,7:18:40,7:18:40,26320.0,26320.0
22763753,200403020,19,0,0,,7:19:50,7:19:50,26390.0,26390.0
22763753,200403005,20,0,0,,7:22:30,7:22:30,26550.0,26550.0
22763753,200403010,21,0,0,,7:23:40,7:23:40,26620.0,26620.0
22763753,200403012,22,0,0,,7:24:50,7:24:50,26690.0,26690.0
22763753,200420007,23,0,0,,7:25:50,7:25:50,26750.0,26750.0
22763753,200403019,24,0,0,,7:27:10,7:27:10,26830.0,26830.0
22763753,200403003,25,0,0,,7:28:00,7:28:00,26880.0,26880.0
22763753,200403009,26,0,0,,7:29:30,7:29:30,26970.0,26970.0
22763753,200405008,27,0,0,,7:30:10,7:30:10,27010.0,27010.0
22763752,200407005,0,0,0,,7:07:50,7:07:50,25670.0,25670.0
22763752,200407010,1,0,0,,7:08:40,7:08:40,25720.0,25720.0
22763752,200407002,2,0,0,,7:09:20,7:09:20,25760.0,25760.0
22763752,200407012,3,0,0,,7:10:30,7:10:30,25830.0,25830.0
22763752,200407009,4,0,0,,7:11:30,7:11:30,25890.0,25890.0
22763752,200407011,5,0,0,,7:12:10,7:12:10,25930.0,25930.0
22763752,200412013,6,0,0,,7:13:50,7:13:50,26030.0,26030.0
22763752,200412011,7,0,0,,7:15:00,7:15:00,26100.0,26100.0
22763752,200412001,8,0,0,,7:15:30,7:15:30,26130.0,26130.0
22763752,200412003,9,0,0,,7:16:20,7:16:20,26180.0,26180.0
22763752,200412005,10,0,0,,7:17:20,7:17:20,26240.0,26240.0
22763752,200412016,11,0,0,,7:18:40,7:18:40,26320.0,26320.0
22763752,200412020,12,0,0,,7:20:10,7:20:10,26410.0,26410.0
22763752,200412007,13,0,0,,7:21:10,7:21:10,26470.0,26470.0
22763752,200405003,14,0,0,,7:22:20,7:22:20,26540.0,26540.0
22763752,200405036,15,0,0,,7:25:30,7:25:30,26730.0,26730.0
22763752,200405001,16,0,0,,7:27:50,7:27:50,26870.0,26870.0
22763752,200405013,17,0,0,,7:30:20,7:30:20,27020.0,27020.0
22763752,200405025,18,0,0,,7:33:40,7:33:40,27220.0,27220.0
22763752,200403020,19,0,0,,7:34:50,7:34:50,27290.0,27290.0
22763752,200403005,20,0,0,,7:37:30,7:37:30,27450.0,27450.0
22763752,200403010,21,0,0,,7:38:40,7:38:40,27520.0,27520.0
22763752,200403012,22,0,0,,7:39:50,7:39:50,27590.0,27590.0
22763752,200420007,23,0,0,,7:40:50,7:40:50,27650.0,27650.0
22763752,200403019,24,0,0,,7:42:10,7:42:10,27730.0,27730.0
22763752,200403003,25,0,0,,7:43:00,7:43:00,27780.0,27780.0
22763752,200403009,26,0,0,,7:44:30,7:44:30,27870.0,27870.0
22763752,200405008,27,0,0,,7:45:10,7:45:10,27910.0,27910.0
22763751,200407005,0,0,0,,7:22:50,7:22:50,26570.0,26570.0
22763751,200407010,1,0,0,,7:23:40,7:23:40,26620.0,26620.0
22763751,200407002,2,0,0,,7:24:20,7:24:20,26660.0,26660.0
22763751,200407012,3,0,0,,7:25:30,7:25:30,26730.0,26730.0
22763751,200407009,4,0,0,,7:26:30,7:26:30,26790.0,26790.0
22763751,200407011,5,0,0,,7:27:10,7:27:10,26830.0,26830.0
22763751,200412013,6,0,0,,7:28:50,7:28:50,26930.0,26930.0
22763751,200412011,7,0,0,,7:30:00,7:30:00,27000.0,27000.0
22763751,200412001,8,0,0,,7:30:30,7:30:30,27030.0,27030.0
22763751,200412003,9,0,0,,7:31:20,7:31:20,27080.0,27080.0
22763751,200412005,10,0,0,,7:32:20,7:32:20,27140.0,27140.0
22763751,200412016,11,0,0,,7:33:40,7:33:40,27220.0,27220.0
22763751,200412020,12,0,0,,7:35:10,7:35:10,27310.0,27310.0
22763751,200412007,13,0,0,,7:36:10,7:36:10,27370.0,27370.0
22763751,200405003,14,0,0,,7:37:20,7:37:20,27440.0,27440.0
22763751,200405036,15,0,0,,7:40:30,7:40:30,27630.0,27630.0
22763751,200405001,16,0,0,,7:42:50,7:42:50,27770.0,27770.0
22763751,200405013,17,0,0,,7:45:20,7:45:20,27920.0,27920.0
22763751,200405025,18,0,0,,7:48:40,7:48:40,28120.0,28120.0
22763751,200403020,19,0,0,,7:49:50,7:49:50,28190.0,28190.0
22763751,200403005,20,0,0,,7:52:30,7:52:30,28350.0,28350.0
22763751,200403010,21,0,0,,7:53:40,7:53:40,28420.0,28420.0
22763751,200403012,22,0,0,,7:54:50,7:54:50,28490.0,28490.0
22763751,200420007,23,0,0,,7:55:50,7:55:50,28550.0,28550.0
22763751,200403019,24,0,0,,7:57:10,7:57:10,28630.0,28630.0
22763751,200403003,25,0,0,,7:58:00,7:58:00,28680.0,28680.0
22763751,200403009,26,0,0,,7:59:30,7:59:30,28770.0,28770.0
22763751,200405008,27,0,0,,8:00:10,8:00:10,28810.0,28810.0
22763750,200407005,0,0,0,,7:37:50,7:37:50,27470.0,27470.0
22763750,200407010,1,0,0,,7:38:40,7:38:40,27520.0,27520.0
22763750,200407002,2,0,0,,7:39:20,7:39:20,27560.0,27560.0
22763750,200407012,3,0,0,,7:40:30,7:40:30,27630.0,27630.0
22763750,200407009,4,0,0,,7:41:30,7:41:30,27690.0,27690.0
22763750,200407011,5,0,0,,7:42:10,7:42:10,27730.0,27730.0
22763750,200412013,6,0,0,,7:43:50,7:43:50,27830.0,27830.0
22763750,200412011,7,0,0,,7:45:00,7:45:00,27900.0,27900.0
22763750,200412001,8,0,0,,7:45:30,7:45:30,27930.0,27930.0
22763750,200412003,9,0,0,,7:46:20,7:46:20,27980.0,27980.0
22763750,200412005,10,0,0,,7:47:20,7:47:20,28040.0,28040.0
22763750,200412016,11,0,0,,7:48:40,7:48:40,28120.0,28120.0
22763750,200412020,12,0,0,,7:50:10,7:50:10,28210.0,28210.0
22763750,200412007,13,0,0,,7:51:10,7:51:10,28270.0,28270.0
22763750,200405003,14,0,0,,7:52:20,7:52:20,28340.0,28340.0
22763750,200405036,15,0,0,,7:55:30,7:55:30,28530.0,28530.0
22763750,200405001,16,0,0,,7:57:50,7:57:50,28670.0,28670.0
22763750,200405013,17,0,0,,8:00:20,8:00:20,28820.0,28820.0
22763750,200405025,18,0,0,,8:03:40,8:03:40,29020.0,29020.0
22763750,200403020,19,0,0,,8:04:50,8:04:50,29090.0,29090.0
22763750,200403005,20,0,0,,8:07:30,8:07:30,29250.0,29250.0
22763750,200403010,21,0,0,,8:08:40,8:08:40,29320.0,29320.0
22763750,200403012,22,0,0,,8:09:50,8:09:50,29390.0,29390.0
22763750,200420007,23,0,0,,8:10:50,8:10:50,29450.0,29450.0
22763750,200403019,24,0,0,,8:12:10,8:12:10,29530.0,29530.0
22763750,200403003,25,0,0,,8:13:00,8:13:00,29580.0,29580.0
22763750,200403009,26,0,0,,8:14:30,8:14:30,29670.0,29670.0
22763750,200405008,27,0,0,,8:15:10,8:15:10,29710.0,29710.0
22763749,200407005,0,0,0,,7:52:50,7:52:50,28370.0,28370.0
22763749,200407010,1,0,0,,7:53:40,7:53:40,28420.0,28420.0
22763749,200407002,2,0,0,,7:54:20,7:54:20,28460.0,28460.0
22763749,200407012,3,0,0,,7:55:30,7:55:30,28530.0,28530.0
22763749,200407009,4,0,0,,7:56:30,7:56:30,28590.0,28590.0
22763749,200407011,5,0,0,,7:57:10,7:57:10,28630.0,28630.0
22763749,200412013,6,0,0,,7:58:50,7:58:50,28730.0,28730.0
22763749,200412011,7,0,0,,8:00:00,8:00:00,28800.0,28800.0
22763749,200412001,8,0,0,,8:00:30,8:00:30,28830.0,28830.0
22763749,200412003,9,0,0,,8:01:20,8:01:20,28880.0,28880.0
22763749,200412005,10,0,0,,8:02:20,8:02:20,28940.0,28940.0
22763749,200412016,11,0,0,,8:03:40,8:03:40,29020.0,29020.0
22763749,200412020,12,0,0,,8:05:10,8:05:10,29110.0,29110.0
22763749,200412007,13,0,0,,8:06:10,8:06:10,29170.0,29170.0
22763749,200405003,14,0,0,,8:07:20,8:07:20,29240.0,29240.0
22763749,200405036,15,0,0,,8:10:30,8:10:30,29430.0,29430.0
22763749,200405001,16,0,0,,8:12:50,8:12:50,29570.0,29570.0
22763749,200405013,17,0,0,,8:15:20,8:15:20,29720.0,29720.0
22763749,200405025,18,0,0,,8:18:40,8:18:40,29920.0,29920.0
22763749,200403020,19,0,0,,8:19:50,8:19:50,29990.0,29990.0
22763749,200403005,20,0,0,,8:22:30,8:22:30,30150.0,30150.0
22763749,200403010,21,0,0,,8:23:40,8:23:40,30220.0,30220.0
22763749,200403012,22,0,0,,8:24:50,8:24:50,30290.0,30290.0
22763749,200420007,23,0,0,,8:25:50,8:25:50,30350.0,30350.0
22763749,200403019,24,0,0,,8:27:10,8:27:10,30430.0,30430.0
22763749,200403003,25,0,0,,8:28:00,8:28:00,30480.0,30480.0
22763749,200403009,26,0,0,,8:29:30,8:29:30,30570.0,30570.0
22763749,200405008,27,0,0,,8:30:10,8:30:10,30610.0,30610.0
22763748,200407005,0,0,0,,8:07:50,8:07:50,29270.0,29270.0
22763748,200407010,1,0,0,,8:08:40,8:08:40,29320.0,29320.0
22763748,200407002,2,0,0,,8:09:20,8:09:20,29360.0,29360.0
22763748,200407012,3,0,0,,8:10:30,8:10:30,29430.0,29430.0
22763748,200407009,4,0,0,,8:11:30,8:11:30,29490.0,29490.0
22763748,200407011,5,0,0,,8:12:10,8:12:10,29530.0,29530.0
22763748,200412013,6,0,0,,8:13:50,8:13:50,29630.0,29630.0
22763748,200412011,7,0,0,,8:15:00,8:15:00,29700.0,29700.0
22763748,200412001,8,0,0,,8:15:30,8:15:30,29730.0,29730.0
22763748,200412003,9,0,0,,8:16:20,8:16:20,29780.0,29780.0
22763748,200412005,10,0,0,,8:17:20,8:17:20,29840.0,29840.0
22763748,200412016,11,0,0,,8:18:40,8:18:40,29920.0,29920.0
22763748,200412020,12,0,0,,8:20:10,8:20:10,30010.0,30010.0
22763748,200412007,13,0,0,,8:21:10,8:21:10,30070.0,30070.0
22763748,200405003,14,0,0,,8:22:20,8:22:20,30140.0,30140.0
22763748,200405036,15,0,0,,8:25:30,8:25:30,30330.0,30330.0
22763748,200405001,16,0,0,,8:27:50,8:27:50,30470.0,30470.0
22763748,200405013,17,0,0,,8:30:20,8:30:20,30620.0,30620.0
22763748,200405025,18,0,0,,8:33:40,8:33:40,30820.0,30820.0
22763748,200403020,19,0,0,,8:34:50,8:34:50,30890.0,30890.0
22763748,200403005,20,0,0,,8:37:30,8:37:30,31050.0,31050.0
22763748,200403010,21,0,0,,8:38:40,8:38:40,31120.0,31120.0
22763748,200403012,22,0,0,,8:39:50,8:39:50,31190.0,31190.0
22763748,200420007,23,0,0,,8:40:50,8:40:50,31250.0,31250.0
22763748,200403019,24,0,0,,8:42:10,8:42:10,31330.0,31330.0
22763748,200403003,25,0,0,,8:43:00,8:43:00,31380.0,31380.0
22763748,200403009,26,0,0,,8:44:30,8:44:30,31470.0,31470.0
22763748,200405008,27,0,0,,8:45:10,8:45:10,31510.0,31510.0
22763747,200407005,0,0,0,,8:22:50,8:22:50,30170.0,30170.0
22763747,200407010,1,0,0,,8:23:40,8:23:40,30220.0,30220.0
22763747,200407002,2,0,0,,8:24:20,8:24:20,30260.0,30260.0
22763747,200407012,3,0,0,,8:25:30,8:25:30,30330.0,30330.0
22763747,200407009,4,0,0,,8:26:30,8:26:30,30390.0,30390.0
22763747,200407011,5,0,0,,8:27:10,8:27:10,30430.0,30430.0
22763747,200412013,6,0,0,,8:28:50,8:28:50,30530.0,30530.0
22763747,200412011,7,0,0,,8:30:00,8:30:00,30600.0,30600.0
22763747,200412001,8,0,0,,8:30:30,8:30:30,30630.0,30630.0
22763747,200412003,9,0,0,,8:31:20,8:31:20,30680.0,30680.0
22763747,200412005,10,0,0,,8:32:20,8:32:20,30740.0,30740.0
22763747,200412016,11,0,0,,8:33:40,8:33:40,30820.0,30820.0
22763747,200412020,12,0,0,,8:35:10,8:35:10,30910.0,30910.0
22763747,200412007,13,0,0,,8:36:10,8:36:10,30970.0,30970.0
22763747,200405003,14,0,0,,8:37:20,8:37:20,31040.0,31040.0
22763747,200405036,15,0,0,,8:40:30,8:40:30,31230.0,31230.0
22763747,200405001,16,0,0,,8:42:50,8:42:50,31370.0,31370.0
22763747,200405013,17,0,0,,8:45:20,8:45:20,31520.0,31520.0
22763747,200405025,18,0,0,,8:48:40,8:48:40,31720.0,31720.0
22763747,200403020,19,0,0,,8:49:50,8:49:50,31790.0,31790.0
22763747,200403005,20,0,0,,8:52:30,8:52:30,31950.0,31950.0
22763747,200403010,21,0,0,,8:53:40,8:53:40,32020.0,32020.0
22763747,200403012,22,0,0,,8:54:50,8:54:50,32090.0,32090.0
22763747,200420007,23,0,0,,8:55:50,8:55:50,32150.0,32150.0
22763747,200403019,24,0,0,,8:57:10,8:57:10,32230.0,32230.0
22763747,200403003,25,0,0,,8:58:00,8:58:00,32280.0,32280.0
22763747,200403009,26,0,0,,8:59:30,8:59:30,32370.0,32370.0
22763746,200407005,0,0,0,,8:37:50,8:37:50,31070.0,31070.0
22763746,200407010,1,0,0,,8:38:40,8:38:40,31120.0,31120.0
22763746,200407002,2,0,0,,8:39:20,8:39:20,31160.0,31160.0
22763746,200407012,3,0,0,,8:40:30,8:40:30,31230.0,31230.0
22763746,200407009,4,0,0,,8:41:30,8:41:30,31290.0,31290.0
22763746,200407011,5,0,0,,8:42:10,8:42:10,31330.0,31330.0
22763746,200412013,6,0,0,,8:43:50,8:43:50,31430.0,31430.0
22763746,200412011,7,0,0,,8:45:00,8:45:00,31500.0,31500.0
22763746,200412001,8,0,0,,8:45:30,8:45:30,31530.0,31530.0
22763746,200412003,9,0,0,,8:46:20,8:46:20,31580.0,31580.0
22763746,200412005,10,0,0,,8:47:20,8:47:20,31640.0,31640.0
22763746,200412016,11,0,0,,8:48:40,8:48:40,31720.0,31720.0
22763746,200412020,12,0,0,,8:50:10,8:50:10,31810.0,31810.0
22763746,200412007,13,0,0,,8:51:10,8:51:10,31870.0,31870.0
22763746,200405003,14,0,0,,8:52:20,8:52:20,31940.0,31940.0
22763746,200405036,15,0,0,,8:55:30,8:55:30,32130.0,32130.0
22763746,200405001,16,0,0,,8:57:50,8:57:50,32270.0,32270.0
22763745,200407005,0,0,0,,8:52:50,8:52:50,31970.0,31970.0
22763745,200407010,1,0,0,,8:53:40,8:53:40,32020.0,32020.0
22763745,200407002,2,0,0,,8:54:20,8:54:20,32060.0,32060.0
22763745,200407012,3,0,0,,8:55:30,8:55:30,32130.0,32130.0
22763745,200407009,4,0,0,,8:56:30,8:56:30,32190.0,32190.0
22763745,200407011,5,0,0,,8:57:10,8:57:10,32230.0,32230.0
22763745,200412013,6,0,0,,8:58:50,8:58:50,32330.0,32330.0
22763745,200412011,7,0,0,,9:00:00,9:00:00,32400.0,32400.0
22763607,200412001,19,0,0,,7:00:20,7:00:20,25220.0,25220.0
22763607,200412011,20,0,0,,7:01:00,7:01:00,25260.0,25260.0
22763607,200412013,21,0,0,,7:02:00,7:02:00,25320.0,25320.0
22763607,200407011,22,0,0,,7:03:40,7:03:40,25420.0,25420.0
22763607,200407009,23,0,0,,7:04:20,7:04:20,25460.0,25460.0
22763607,200407012,24,0,0,,7:05:10,7:05:10,25510.0,25510.0
22763607,200407002,25,0,0,,7:06:20,7:06:20,25580.0,25580.0
22763607,200407010,26,0,0,,7:07:00,7:07:00,25620.0,25620.0
22763607,200407005,27,0,0,,7:08:30,7:08:30,25710.0,25710.0
22763606,200405013,10,0,0,,7:00:10,7:00:10,25210.0,25210.0
22763606,200405001,11,0,0,,7:02:50,7:02:50,25370.0,25370.0
22763606,200405036,12,0,0,,7:05:00,7:05:00,25500.0,25500.0
22763606,200405003,13,0,0,,7:08:20,7:08:20,25700.0,25700.0
22763606,200412007,14,0,0,,7:09:30,7:09:30,25770.0,25770.0
22763606,200412020,15,0,0,,7:10:30,7:10:30,25830.0,25830.0
22763606,200412005,16,0,0,,7:11:40,7:11:40,25900.0,25900.0
22763606,200412016,17,0,0,,7:13:00,7:13:00,25980.0,25980.0
22763606,200412003,18,0,0,,7:14:20,7:14:20,26060.0,26060.0
22763606,200412001,19,0,0,,7:15:20,7:15:20,26120.0,26120.0
22763606,200412011,20,0,0,,7:16:00,7:16:00,26160.0,26160.0
22763606,200412013,21,0,0,,7:17:00,7:17:00,26220.0,26220.0
22763606,200407011,22,0,0,,7:18:40,7:18:40,26320.0,26320.0
22763606,200407009,23,0,0,,7:19:20,7:19:20,26360.0,26360.0
22763606,200407012,24,0,0,,7:20:10,7:20:10,26410.0,26410.0
22763606,200407002,25,0,0,,7:21:20,7:21:20,26480.0,26480.0
22763606,200407010,26,0,0,,7:22:00,7:22:00,26520.0,26520.0
22763606,200407005,27,0,0,,7:23:30,7:23:30,26610.0,26610.0
22763605,200403009,1,0,0,,7:00:20,7:00:20,25220.0,25220.0
22763605,200403003,2,0,0,,7:01:40,7:01:40,25300.0,25300.0
22763605,200403019,3,0,0,,7:03:00,7:03:00,25380.0,25380.0
22763605,200420007,4,0,0,,7:04:20,7:04:20,25460.0,25460.0
22763605,200403012,5,0,0,,7:05:20,7:05:20,25520.0,25520.0
22763605,200403010,6,0,0,,7:06:30,7:06:30,25590.0,25590.0
22763605,200403005,7,0,0,,7:07:40,7:07:40,25660.0,25660.0
22763605,200403020,8,0,0,,7:10:30,7:10:30,25830.0,25830.0
22763605,200405025,9,0,0,,7:12:00,7:12:00,25920.0,25920.0
22763605,200405013,10,0,0,,7:15:10,7:15:10,26110.0,26110.0
22763605,200405001,11,0,0,,7:17:50,7:17:50,26270.0,26270.0
22763605,200405036,12,0,0,,7:20:00,7:20:00,26400.0,26400.0
22763605,200405003,13,0,0,,7:23:20,7:23:20,26600.0,26600.0
22763605,200412007,14,0,0,,7:24:30,7:24:30,26670.0,26670.0
22763605,200412020,15,0,0,,7:25:30,7:25:30,26730.0,26730.0
22763605,200412005,16,0,0,,7:26:40,7:26:40,26800.0,26800.0
22763605,200412016,17,0,0,,7:28:00,7:28:00,26880.0,26880.0
22763605,200412003,18,0,0,,7:29:20,7:29:20,26960.0,26960.0
22763605,200412001,19,0,0,,7:30:20,7:30:20,27020.0,27020.0
22763605,200412011,20,0,0,,7:31:00,7:31:00,27060.0,27060.0
22763605,200412013,21,0,0,,7:32:00,7:32:00,27120.0,27120.0
22763605,200407011,22,0,0,,7:33:40,7:33:40,27220.0,27220.0
22763605,200407009,23,0,0,,7:34:20,7:34:20,27260.0,27260.0
22763605,200407012,24,0,0,,7:35:10,7:35:10,27310.0,27310.0
22763605,200407002,25,0,0,,7:36:20,7:36:20,27380.0,27380.0
22763605,200407010,26,0,0,,7:37:00,7:37:00,27420.0,27420.0
22763605,200407005,27,0,0,,7:38:30,7:38:30,27510.0,27510.0
22763604,200405008,0,0,0,,7:13:10,7:13:10,25990.0,25990.0
22763604,200403009,1,0,0,,7:15:20,7:15:20,26120.0,26120.0
22763604,200403003,2,0,0,,7:16:40,7:16:40,26200.0,26200.0
22763604,200403019,3,0,0,,7:18:00,7:18:00,26280.0,26280.0
22763604,200420007,4,0,0,,7:19:20,7:19:20,26360.0,26360.0
22763604,200403012,5,0,0,,7:20:20,7:20:20,26420.0,26420.0
22763604,200403010,6,0,0,,7:21:30,7:21:30,26490.0,26490.0
22763604,200403005,7,0,0,,7:22:40,7:22:40,26560.0,26560.0
22763604,200403020,8,0,0,,7:25:30,7:25:30,26730.0,26730.0
22763604,200405025,9,0,0,,7:27:00,7:27:00,26820.0,26820.0
22763604,200405013,10,0,0,,7:30:10,7:30:10,27010.0,27010.0
22763604,200405001,11,0,0,,7:32:50,7:32:50,27170.0,27170.0
22763604,200405036,12,0,0,,7:35:00,7:35:00,27300.0,27300.0
22763604,200405003,13,0,0,,7:38:20,7:38:20,27500.0,27500.0
22763604,200412007,14,0,0,,7:39:30,7:39:30,27570.0,27570.0
22763604,200412020,15,0,0,,7:40:30,7:40:30,27630.0,27630.0
22763604,200412005,16,0,0,,7:41:40,7:41:40,27700.0,27700.0
22763604,200412016,17,0,0,,7:43:00,7:43:00,27780.0,27780.0
22763604,200412003,18,0,0,,7:44:20,7:44:20,27860.0,27860.0
22763604,200412001,19,0,0,,7:45:20,7:45:20,27920.0,27920.0
22763604,200412011,20,0,0,,7:46:00,7:46:00,27960.0,27960.0
22763604,200412013,21,0,0,,7:47:00,7:47:00,28020.0,28020.0
22763604,200407011,22,0,0,,7:48:40,7:48:40,28120.0,28120.0
22763604,200407009,23,0,0,,7:49:20,7:49:20,28160.0,28160.0
22763604,200407012,24,0,0,,7:50:10,7:50:10,28210.0,28210.0
22763604,200407002,25,0,0,,7:51:20,7:51:20,28280.0,28280.0
22763604,200407010,26,0,0,,7:52:00,7:52:00,28320.0,28320.0
22763604,200407005,27,0,0,,7:53:30,7:53:30,28410.0,28410.0
22763603,200405008,0,0,0,,7:28:10,7:28:10,26890.0,26890.0
22763603,200403009,1,0,0,,7:30:20,7:30:20,27020.0,27020.0
22763603,200403003,2,0,0,,7:31:40,7:31:40,27100.0,27100.0
22763603,200403019,3,0,0,,7:33:00,7:33:00,27180.0,27180.0
22763603,200420007,4,0,0,,7:34:20,7:34:20,27260.0,27260.0
22763603,200403012,5,0,0,,7:35:20,7:35:20,27320.0,27320.0
22763603,200403010,6,0,0,,7:36:30,7:36:30,27390.0,27390.0
22763603,200403005,7,0,0,,7:37:40,7:37:40,27460.0,27460.0
22763603,200403020,8,0,0,,7:40:30,7:40:30,27630.0,27630.0
22763603,200405025,9,0,0,,7:42:00,7:42:00,27720.0,27720.0
22763603,200405013,10,0,0,,7:45:10,7:45:10,27910.0,27910.0
22763603,200405001,11,0,0,,7:47:50,7:47:50,28070.0,28070.0
22763603,200405036,12,0,0,,7:50:00,7:50:00,28200.0,28200.0
22763603,200405003,13,0,0,,7:53:20,7:53:20,28400.0,28400.0
22763603,200412007,14,0,0,,7:54:30,7:54:30,28470.0,28470.0
22763603,200412020,15,0,0,,7:55:30,7:55:30,28530.0,28530.0
22763603,200412005,16,0,0,,7:56:40,7:56:40,28600.0,28600.0
22763603,200412016,17,0,0,,7:58:00,7:58:00,28680.0,28680.0
22763603,200412003,18,0,0,,7:59:20,7:59:20,28760.0,28760.0
22763603,200412001,19,0,0,,8:00:20,8:00:20,28820.0,28820.0
22763603,200412011,20,0,0,,8:01:00,8:01:00,28860.0,28860.0
22763603,200412013,21,0,0,,8:02:00,8:02:00,28920.0,28920.0
22763603,200407011,22,0,0,,8:03:40,8:03:40,29020.0,29020.0
22763603,200407009,23,0,0,,8:04:20,8:04:20,29060.0,29060.0
22763603,200407012,24,0,0,,8:05:10,8:05:10,29110.0,29110.0
22763603,200407002,25,0,0,,8:06:20,8:06:20,29180.0,29180.0
22763603,200407010,26,0,0,,8:07:00,8:07:00,29220.0,29220.0
22763603,200407005,27,0,0,,8:08:30,8:08:30,29310.0,29310.0
22763602,200405008,0,0,0,,7:43:10,7:43:10,27790.0,27790.0
22763602,200403009,1,0,0,,7:45:20,7:45:20,27920.0,27920.0
22763602,200403003,2,0,0,,7:46:40,7:46:40,28000.0,28000.0
22763602,200403019,3,0,0,,7:48:00,7:48:00,28080.0,28080.0
22763602,200420007,4,0,0,,7:49:20,7:49:20,28160.0,28160.0
22763602,200403012,5,0,0,,7:50:20,7:50:20,28220.0,28220.0
22763602,200403010,6,0,0,,7:51:30,7:51:30,28290.0,28290.0
22763602,200403005,7,0,0,,7:52:40,7:52:40,28360.0,28360.0
22763602,200403020,8,0,0,,7:55:30,7:55:30,28530.0,28530.0
22763602,200405025,9,0,0,,7:57:00,7:57:00,28620.0,28620.0
22763602,200405013,10,0,0,,8:00:10,8:00:10,28810.0,28810.0
22763602,200405001,11,0,0,,8:02:50,8:02:50,28970.0,28970.0
22763602,200405036,12,0,0,,8:05:00,8:05:00,29100.0,29100.0
22763602,200405003,13,0,0,,8:08:20,8:08:20,29300.0,29300.0
22763602,200412007,14,0,0,,8:09:30,8:09:30,29370.0,29370.0
22763602,200412020,15,0,0,,8:10:30,8:10:30,29430.0,29430.0
22763602,200412005,16,0,0,,8:11:40,8:11:40,29500.0,29500.0
22763602,200412016,17,0,0,,8:13:00,8:13:00,29580.0,29580.0
22763602,200412003,18,0,0,,8:14:20,8:14:20,29660.0,29660.0
22763602,200412001,19,0,0,,8:15:20,8:15:20,29720.0,29720.0
22763602,200412011,20,0,0,,8:16:00,8:16:00,29760.0,29760.0
22763602,200412013,21,0,0,,8:17:00,8:17:00,29820.0,29820.0
22763602,200407011,22,0,0,,8:18:40,8:18:40,29920.0,29920.0
22763602,200407009,23,0,0,,8:19:20,8:19:20,29960.0,29960.0
22763602,200407012,24,0,0,,8:20:10,8:20:10,30010.0,30010.0
22763602,200407002,25,0,0,,8:21:20,8:21:20,30080.0,30080.0
22763602,200407010,26,0,0,,8:22:00,8:22:00,30120.0,30120.0
22763602,200407005,27,0,0,,8:23:30,8:23:30,30210.0,30210.0
22763601,200405008,0,0,0,,7:58:10,7:58:10,28690.0,28690.0
22763601,200403009,1,0,0,,8:00:20,8:00:20,28820.0,28820.0
22763601,200403003,2,0,0,,8:01:40,8:01:40,28900.0,28900.0
22763601,200403019,3,0,0,,8:03:00,8:03:00,28980.0,28980.0
22763601,200420007,4,0,0,,8:04:20,8:04:20,29060.0,29060.0
22763601,200403012,5,0,0,,8:05:20,8:05:20,29120.0,29120.0
22763601,200403010,6,0,0,,8:06:30,8:06:30,29190.0,29190.0
22763601,200403005,7,0,0,,8:07:40,8:07:40,29260.0,29260.0
22763601,200403020,8,0,0,,8:10:30,8:10:30,29430.0,29430.0
22763601,200405025,9,0,0,,8:12:00,8:12:00,29520.0,29520.0
22763601,200405013,10,0,0,,8:15:10,8:15:10,29710.0,29710.0
22763601,200405001,11,0,0,,8:17:50,8:17:50,29870.0,29870.0
22763601,200405036,12,0,0,,8:20:00,8:20:00,30000.0,30000.0
22763601,200405003,13,0,0,,8:23:20,8:23:20,30200.0,30200.0
22763601,200412007,14,0,0,,8:24:30,8:24:30,30270.0,30270.0
22763601,200412020,15,0,0,,8:25:30,8:25:30,30330.0,30330.0
22763601,200412005,16,0,0,,8:26:40,8:26:40,30400.0,30400.0
22763601,200412016,17,0,0,,8:28:00,8:28:00,30480.0,30480.0
22763601,200412003,18,0,0,,8:29:20,8:29:20,30560.0,30560.0
22763601,200412001,19,0,0,,8:30:20,8:30:20,30620.0,30620.0
22763601,200412011,20,0,0,,8:31:00,8:31:00,30660.0,30660.0
22763601,200412013,21,0,0,,8:32:00,8:32:00,30720.0,30720.0
22763601,200407011,22,0,0,,8:33:40,8:33:40,30820.0,30820.0
22763601,200407009,23,0,0,,8:34:20,8:34:20,30860.0,30860.0
22763601,200407012,24,0,0,,8:35:10,8:35:10,30910.0,30910.0
22763601,200407002,25,0,0,,8:36:20,8:36:20,30980.0,30980.0
22763601,200407010,26,0,0,,8:37:00,8:37:00,31020.0,31020.0
22763601,200407005,27,0,0,,8:38:30,8:38:30,31110.0,31110.0
22763600,200405008,0,0,0,,8:13:10,8:13:10,29590.0,29590.0
22763600,200403009,1,0,0,,8:15:20,8:15:20,29720.0,29720.0
22763600,200403003,2,0,0,,8:16:40,8:16:40,29800.0,29800.0
22763600,200403019,3,0,0,,8:18:00,8:18:00,29880.0,29880.0
22763600,200420007,4,0,0,,8:19:20,8:19:20,29960.0,29960.0
22763600,200403012,5,0,0,,8:20:20,8:20:20,30020.0,30020.0
22763600,200403010,6,0,0,,8:21:30,8:21:30,30090.0,30090.0
22763600,200403005,7,0,0,,8:22:40,8:22:40,30160.0,30160.0
22763600,200403020,8,0,0,,8:25:30,8:25:30,30330.0,30330.0
22763600,200405025,9,0,0,,8:27:00,8:27:00,30420.0,30420.0
22763600,200405013,10,0,0,,8:30:10,8:30:10,30610.0,30610.0
22763600,200405001,11,0,0,,8:32:50,8:32:50,30770.0,30770.0
22763600,200405036,12,0,0,,8:35:00,8:35:00,30900.0,30900.0
22763600,200405003,13,0,0,,8:38:20,8:38:20,31100.0,31100.0
22763600,200412007,14,0,0,,8:39:30,8:39:30,31170.0,31170.0
22763600,200412020,15,0,0,,8:40:30,8:40:30,31230.0,31230.0
22763600,200412005,16,0,0,,8:41:40,8:41:40,31300.0,31300.0
22763600,200412016,17,0,0,,8:43:00,8:43:00,31380.0,31380.0
22763600,200412003,18,0,0,,8:44:20,8:44:20,31460.0,31460.0
22763600,200412001,19,0,0,,8:45:20,8:45:20,31520.0,31520.0
22763600,200412011,20,0,0,,8:46:00,8:46:00,31560.0,31560.0
22763600,200412013,21,0,0,,8:47:00,8:47:00,31620.0,31620.0
22763600,200407011,22,0,0,,8:48:40,8:48:40,31720.0,31720.0
22763600,200407009,23,0,0,,8:49:20,8:49:20,31760.0,31760.0
22763600,200407012,24,0,0,,8:50:10,8:50:10,31810.0,31810.0
22763600,200407002,25,0,0,,8:51:20,8:51:20,31880.0,31880.0
22763600,200407010,26,0,0,,8:52:00,8:52:00,31920.0,31920.0
22763600,200407005,27,0,0,,8:53:30,8:53:30,32010.0,32010.0
22763599,200405008,0,0,0,,8:28:10,8:28:10,30490.0,30490.0
22763599,200403009,1,0,0,,8:30:20,8:30:20,30620.0,30620.0
22763599,200403003,2,0,0,,8:31:40,8:31:40,30700.0,30700.0
22763599,200403019,3,0,0,,8:33:00,8:33:00,30780.0,30780.0
22763599,200420007,4,0,0,,8:34:20,8:34:20,30860.0,30860.0
22763599,200403012,5,0,0,,8:35:20,8:35:20,30920.0,30920.0
22763599,200403010,6,0,0,,8:36:30,8:36:30,30990.0,30990.0
22763599,200403005,7,0,0,,8:37:40,8:37:40,31060.0,31060.0
22763599,200403020,8,0,0,,8:40:30,8:40:30,31230.0,31230.0
22763599,200405025,9,0,0,,8:42:00,8:42:00,31320.0,31320.0
22763599,200405013,10,0,0,,8:45:10,8:45:10,31510.0,31510.0
22763599,200405001,11,0,0,,8:47:50,8:47:50,31670.0,31670.0
22763599,200405036,12,0,0,,8:50:00,8:50:00,31800.0,31800.0
22763599,200405003,13,0,0,,8:53:20,8:53:20,32000.0,32000.0
22763599,200412007,14,0,0,,8:54:30,8:54:30,32070.0,32070.0
22763599,200412020,15,0,0,,8:55:30,8:55:30,32130.0,32130.0
22763599,200412005,16,0,0,,8:56:40,8:56:40,32200.0,32200.0
22763599,200412016,17,0,0,,8:58:00,8:58:00,32280.0,32280.0
22763599,200412003,18,0,0,,8:59:20,8:59:20,32360.0,32360.0
22763598,200405008,0,0,0,,8:43:10,8:43:10,31390.0,31390.0
22763598,200403009,1,0,0,,8:45:20,8:45:20,31520.0,31520.0
22763598,200403003,2,0,0,,8:46:40,8:46:40,31600.0,31600.0
22763598,200403019,3,0,0,,8:48:00,8:48:00,31680.0,31680.0
22763598,200420007,4,0,0,,8:49:20,8:49:20,31760.0,31760.0
22763598,200403012,5,0,0,,8:50:20,8:50:20,31820.0,31820.0
22763598,200403010,6,0,0,,8:51:30,8:51:30,31890.0,31890.0
22763598,200403005,7,0,0,,8:52:40,8:52:40,31960.0,31960.0
22763598,200403020,8,0,0,,8:55:30,8:55:30,32130.0,32130.0
22763598,200405025,9,0,0,,8:57:00,8:57:00,32220.0,32220.0
22763597,200405008,0,0,0,,8:58:10,8:58:10,32290.0,32290.0
22760435,200417004,27,0,0,,7:01:50,7:01:50,25310.0,25310.0
22760435,200417012,28,0,0,,7:02:40,7:02:40,25360.0,25360.0
22760434,200405025,12,0,0,,7:00:00,7:00:00,25200.0,25200.0
22760434,200405049,13,0,0,,7:02:10,7:02:10,25330.0,25330.0
22760434,200405014,14,0,0,,7:03:50,7:03:50,25430.0,25430.0
22760434,200417047,15,0,0,,7:06:10,7:06:10,25570.0,25570.0
22760434,200417061,16,0,0,,7:08:20,7:08:20,25700.0,25700.0
22760434,200417049,17,0,0,,7:09:10,7:09:10,25750.0,25750.0
22760434,200417021,18,0,0,,7:10:20,7:10:20,25820.0,25820.0
22760434,200426001,19,0,0,,7:12:20,7:12:20,25940.0,25940.0
22760434,200426003,20,0,0,,7:13:30,7:13:30,26010.0,26010.0
22760434,200417024,21,0,0,,7:14:00,7:14:00,26040.0,26040.0
22760434,200417026,22,0,0,,7:15:10,7:15:10,26110.0,26110.0
22760434,200417020,23,0,0,,7:16:10,7:16:10,26170.0,26170.0
22760434,200417034,24,0,0,,7:17:30,7:17:30,26250.0,26250.0
22760434,200417032,25,0,0,,7:18:10,7:18:10,26290.0,26290.0
22760434,200417015,26,0,0,,7:19:40,7:19:40,26380.0,26380.0
22760434,200417004,27,0,0,,7:21:50,7:21:50,26510.0,26510.0
22760434,200417012,28,0,0,,7:22:40,7:22:40,26560.0,26560.0
22760433,200420003,0,0,0,,7:04:10,7:04:10,25450.0,25450.0
22760433,200420002,1,0,0,,7:04:50,7:04:50,25490.0,25490.0
22760433,200420009,2,0,0,,7:06:10,7:06:10,25570.0,25570.0
22760433,200420004,3,0,0,,7:07:30,7:07:30,25650.0,25650.0
22760433,200420001,4,0,0,,7:09:40,7:09:40,25780.0,25780.0
22760433,200403014,5,0,0,,7:11:20,7:11:20,25880.0,25880.0
22760433,200403010,6,0,0,,7:12:30,7:12:30,25950.0,25950.0
22760433,200403001,7,0,0,,7:13:30,7:13:30,26010.0,26010.0
22760433,200403002,8,0,0,,7:14:20,7:14:20,26060.0,26060.0
22760433,200403022,9,0,0,,7:15:00,7:15:00,26100.0,26100.0
22760433,200405045,10,0,0,,7:16:40,7:16:40,26200.0,26200.0
22760433,200403020,11,0,0,,7:19:10,7:19:10,26350.0,26350.0
22760433,200405025,12,0,0,,7:20:00,7:20:00,26400.0,26400.0
22760433,200405049,13,0,0,,7:22:10,7:22:10,26530.0,26530.0
22760433,200405014,14,0,0,,7:23:50,7:23:50,26630.0,26630.0
22760433,200417047,15,0,0,,7:26:10,7:26:10,26770.0,26770.0
22760433,200417061,16,0,0,,7:28:20,7:28:20,26900.0,26900.0
22760433,200417049,17,0,0,,7:29:10,7:29:10,26950.0,26950.0
22760433,200417021,18,0,0,,7:30:20,7:30:20,27020.0,27020.0
22760433,200426001,19,0,0,,7:32:20,7:32:20,27140.0,27140.0
22760433,200426003,20,0,0,,7:33:30,7:33:30,27210.0,27210.0
22760433,200417024,21,0,0,,7:34:00,7:34:00,27240.0,27240.0
22760433,200417026,22,0,0,,7:35:10,7:35:10,27310.0,27310.0
22760433,200417020,23,0,0,,7:36:10,7:36:10,27370.0,27370.0
22760433,200417034,24,0,0,,7:37:30,7:37:30,27450.0,27450.0
22760433,200417032,25,0,0,,7:38:10,7:38:10,27490.0,27490.0
22760433,200417015,26,0,0,,7:39:40,7:39:40,27580.0,27580.0
22760433,200417004,27,0,0,,7:41:50,7:41:50,27710.0,27710.0
22760433,200417012,28,0,0,,7:42:40,7:42:40,27760.0,27760.0
22760432,200420003,0,0,0,,7:24:10,7:24:10,26650.0,26650.0
22760432,200420002,1,0,0,,7:24:50,7:24:50,26690.0,26690.0
22760432,200420009,2,0,0,,7:26:10,7:26:10,26770.0,26770.0
22760432,200420004,3,0,0,,7:27:30,7:27:30,26850.0,26850.0
22760432,200420001,4,0,0,,7:29:40,7:29:40,26980.0,26980.0
22760432,200403014,5,0,0,,7:31:20,7:31:20,27080.0,27080.0
22760432,200403010,6,0,0,,7:32:30,7:32:30,27150.0,27150.0
22760432,200403001,7,0,0,,7:33:30,7:33:30,27210.0,27210.0
22760432,200403002,8,0,0,,7:34:20,7:34:20,27260.0,27260.0
22760432,200403022,9,0,0,,7:35:00,7:35:00,27300.0,27300.0
22760432,200405045,10,0,0,,7:36:40,7:36:40,27400.0,27400.0
22760432,200403020,11,0,0,,7:39:10,7:39:10,27550.0,27550.0
22760432,200405025,12,0,0,,7:40:00,7:40:00,27600.0,27600.0
22760432,200405049,13,0,0,,7:42:10,7:42:10,27730.0,27730.0
22760432,200405014,14,0,0,,7:43:50,7:43:50,27830.0,27830.0
22760432,200417047,15,0,0,,7:46:10,7:46:10,27970.0,27970.0
22760432,200417061,16,0,0,,7:48:20,7:48:20,28100.0,28100.0
22760432,200417049,17,0,0,,7:49:10,7:49:10,28150.0,28150.0
22760432,200417021,18,0,0,,7:50:20,7:50:20,28220.0,28220.0
22760432,200426001,19,0,0,,7:52:20,7:52:20,28340.0,28340.0
22760432,200426003,20,0,0,,7:53:30,7:53:30,28410.0,28410.0
22760432,200417024,21,0,0,,7:54:00,7:54:00,28440.0,28440.0
22760432,200417026,22,0,0,,7:55:10,7:55:10,28510.0,28510.0
22760432,200417020,23,0,0,,7:56:10,7:56:10,28570.0,28570.0
22760432,200417034,24,0,0,,7:57:30,7:57:30,28650.0,28650.0
22760432,200417032,25,0,0,,7:58:10,7:58:10,28690.0,28690.0
22760432,200417015,26,0,0,,7:59:40,7:59:40,28780.0,28780.0
22760432,200417004,27,0,0,,8:01:50,8:01:50,28910.0,28910.0
22760432,200417012,28,0,0,,8:02:40,8:02:40,28960.0,28960.0
22760431,200420003,0,0,0,,7:44:10,7:44:10,27850.0,27850.0
22760431,200420002,1,0,0,,7:44:50,7:44:50,27890.0,27890.0
22760431,200420009,2,0,0,,7:46:10,7:46:10,27970.0,27970.0
22760431,200420004,3,0,0,,7:47:30,7:47:30,28050.0,28050.0
22760431,200420001,4,0,0,,7:49:40,7:49:40,28180.0,28180.0
22760431,200403014,5,0,0,,7:51:20,7:51:20,28280.0,28280.0
22760431,200403010,6,0,0,,7:52:30,7:52:30,28350.0,28350.0
22760431,200403001,7,0,0,,7:53:30,7:53:30,28410.0,28410.0
22760431,200403002,8,0,0,,7:54:20,7:54:20,28460.0,28460.0
22760431,200403022,9,0,0,,7:55:00,7:55:00,28500.0,28500.0
22760431,200405045,10,0,0,,7:56:40,7:56:40,28600.0,28600.0
22760431,200403020,11,0,0,,7:59:10,7:59:10,28750.0,28750.0
22760431,200405025,12,0,0,,8:00:00,8:00:00,28800.0,28800.0
22760431,200405049,13,0,0,,8:02:10,8:02:10,28930.0,28930.0
22760431,200405014,14,0,0,,8:03:50,8:03:50,29030.0,29030.0
22760431,200417047,15,0,0,,8:06:10,8:06:10,29170.0,29170.0
22760431,200417061,16,0,0,,8:08:20,8:08:20,29300.0,29300.0
22760431,200417049,17,0,0,,8:09:10,8:09:10,29350.0,29350.0
22760431,200417021,18,0,0,,8:10:20,8:10:20,29420.0,29420.0
22760431,200426001,19,0,0,,8:12:20,8:12:20,29540.0,29540.0
22760431,200426003,20,0,0,,8:13:30,8:13:30,29610.0,29610.0
22760431,200417024,21,0,0,,8:14:00,8:14:00,29640.0,29640.0
22760431,200417026,22,0,0,,8:15:10,8:15:10,29710.0,29710.0
22760431,200417020,23,0,0,,8:16:10,8:16:10,29770.0,29770.0
22760431,200417034,24,0,0,,8:17:30,8:17:30,29850.0,29850.0
22760431,200417032,25,0,0,,8:18:10,8:18:10,29890.0,29890.0
22760431,200417015,26,0,0,,8:19:40,8:19:40,29980.0,29980.0
22760431,200417004,27,0,0,,8:21:50,8:21:50,30110.0,30110.0
22760431,200417012,28,0,0,,8:22:40,8:22:40,30160.0,30160.0
22760430,200420003,0,0,0,,8:04:10,8:04:10,29050.0,29050.0
22760430,200420002,1,0,0,,8:04:50,8:04:50,29090.0,29090.0
22760430,200420009,2,0,0,,8:06:10,8:06:10,29170.0,29170.0
22760430,200420004,3,0,0,,8:07:30,8:07:30,29250.0,29250.0
22760430,200420001,4,0,0,,8:09:40,8:09:40,29380.0,29380.0
22760430,200403014,5,0,0,,8:11:20,8:11:20,29480.0,29480.0
22760430,200403010,6,0,0,,8:12:30,8:12:30,29550.0,29550.0
22760430,200403001,7,0,0,,8:13:30,8:13:30,29610.0,29610.0
22760430,200403002,8,0,0,,8:14:20,8:14:20,29660.0,29660.0
22760430,200403022,9,0,0,,8:15:00,8:15:00,29700.0,29700.0
22760430,200405045,10,0,0,,8:16:40,8:16:40,29800.0,29800.0
22760430,200403020,11,0,0,,8:19:10,8:19:10,29950.0,29950.0
22760430,200405025,12,0,0,,8:20:00,8:20:00,30000.0,30000.0
22760430,200405049,13,0,0,,8:22:10,8:22:10,30130.0,30130.0
22760430,200405014,14,0,0,,8:23:50,8:23:50,30230.0,30230.0
22760430,200417047,15,0,0,,8:26:10,8:26:10,30370.0,30370.0
22760430,200417061,16,0,0,,8:28:20,8:28:20,30500.0,30500.0
22760430,200417049,17,0,0,,8:29:10,8:29:10,30550.0,30550.0
22760430,200417021,18,0,0,,8:30:20,8:30:20,30620.0,30620.0
22760430,200426001,19,0,0,,8:32:20,8:32:20,30740.0,30740.0
22760430,200426003,20,0,0,,8:33:30,8:33:30,30810.0,30810.0
22760430,200417024,21,0,0,,8:34:00,8:34:00,30840.0,30840.0
22760430,200417026,22,0,0,,8:35:10,8:35:10,30910.0,30910.0
22760430,200417020,23,0,0,,8:36:10,8:36:10,30970.0,30970.0
22760430,200417034,24,0,0,,8:37:30,8:37:30,31050.0,31050.0
22760430,200417032,25,0,0,,8:38:10,8:38:10,31090.0,31090.0
22760430,200417015,26,0,0,,8:39:40,8:39:40,31180.0,31180.0
22760430,200417004,27,0,0,,8:41:50,8:41:50,31310.0,31310.0
22760430,200417012,28,0,0,,8:42:40,8:42:40,31360.0,31360.0
22760429,200420003,0,0,0,,8:24:10,8:24:10,30250.0,30250.0
22760429,200420002,1,0,0,,8:24:50,8:24:50,30290.0,30290.0
22760429,200420009,2,0,0,,8:26:10,8:26:10,30370.0,30370.0
22760429,200420004,3,0,0,,8:27:30,8:27:30,30450.0,30450.0
22760429,200420001,4,0,0,,8:29:40,8:29:40,30580.0,30580.0
22760429,200403014,5,0,0,,8:31:20,8:31:20,30680.0,30680.0
22760429,200403010,6,0,0,,8:32:30,8:32:30,30750.0,30750.0
22760429,200403001,7,0,0,,8:33:30,8:33:30,30810.0,30810.0
22760429,200403002,8,0,0,,8:34:20,8:34:20,30860.0,30860.0
22760429,200403022,9,0,0,,8:35:00,8:35:00,30900.0,30900.0
22760429,200405045,10,0,0,,8:36:40,8:36:40,31000.0,31000.0
22760429,200403020,11,0,0,,8:39:10,8:39:10,31150.0,31150.0
22760429,200405025,12,0,0,,8:40:00,8:40:00,31200.0,31200.0
22760429,200405049,13,0,0,,8:42:10,8:42:10,31330.0,31330.0
22760429,200405014,14,0,0,,8:43:50,8:43:50,31430.0,31430.0
22760429,200417047,15,0,0,,8:46:10,8:46:10,31570.0,31570.0
22760429,200417061,16,0,0,,8:48:20,8:48:20,31700.0,31700.0
22760429,200417049,17,0,0,,8:49:10,8:49:10,31750.0,31750.0
22760429,200417021,18,0,0,,8:50:20,8:50:20,31820.0,31820.0
22760429,200426001,19,0,0,,8:52:20,8:52:20,31940.0,31940.0
22760429,200426003,20,0,0,,8:53:30,8:53:30,32010.0,32010.0
22760429,200417024,21,0,0,,8:54:00,8:54:00,32040.0,32040.0
22760429,200417026,22,0,0,,8:55:10,8:55:10,32110.0,32110.0
22760429,200417020,23,0,0,,8:56:10,8:56:10,32170.0,32170.0
22760429,200417034,24,0,0,,8:57:30,8:57:30,32250.0,32250.0
22760429,200417032,25,0,0,,8:58:10,8:58:10,32290.0,32290.0
22760429,200417015,26,0,0,,8:59:40,8:59:40,32380.0,32380.0
22760428,200420003,0,0,0,,8:44:10,8:44:10,31450.0,31450.0
22760428,200420002,1,0,0,,8:44:50,8:44:50,31490.0,31490.0
22760428,200420009,2,0,0,,8:46:10,8:46:10,31570.0,31570.0
22760428,200420004,3,0,0,,8:47:30,8:47:30,31650.0,31650.0
22760428,200420001,4,0,0,,8:49:40,8:49:40,31780.0,31780.0
22760428,200403014,5,0,0,,8:51:20,8:51:20,31880.0,31880.0
22760428,200403010,6,0,0,,8:52:30,8:52:30,31950.0,31950.0
22760428,200403001,7,0,0,,8:53:30,8:53:30,32010.0,32010.0
22760428,200403002,8,0,0,,8:54:20,8:54:20,32060.0,32060.0
22760428,200403022,9,0,0,,8:55:00,8:55:00,32100.0,32100.0
22760428,200405045,10,0,0,,8:56:40,8:56:40,32200.0,32200.0
22760428,200403020,11,0,0,,8:59:10,8:59:10,32350.0,32350.0
22760428,200405025,12,0,0,,9:00:00,9:00:00,32400.0,32400.0
22760357,200420009,24,0,0,,7:00:00,7:00:00,25200.0,25200.0
22760357,200420002,25,0,0,,7:01:00,7:01:00,25260.0,25260.0
22760357,200420015,26,0,0,,7:01:50,7:01:50,25310.0,25310.0
22760357,200420003,27,0,0,,7:02:20,7:02:20,25340.0,25340.0
22760356,200417047,13,0,0,,7:00:00,7:00:00,25200.0,25200.0
22760356,200405014,14,0,0,,7:02:30,7:02:30,25350.0,25350.0
22760356,200405020,15,0,0,,7:06:00,7:06:00,25560.0,25560.0
22760356,200405045,16,0,0,,7:10:10,7:10:10,25810.0,25810.0
22760356,200403022,17,0,0,,7:11:30,7:11:30,25890.0,25890.0
22760356,200403002,18,0,0,,7:12:30,7:12:30,25950.0,25950.0
22760356,200403001,19,0,0,,7:13:20,7:13:20,26000.0,26000.0
22760356,200403010,20,0,0,,7:14:20,7:14:20,26060.0,26060.0
22760356,200403014,21,0,0,,7:15:30,7:15:30,26130.0,26130.0
22760356,200420001,22,0,0,,7:17:00,7:17:00,26220.0,26220.0
22760356,200420004,23,0,0,,7:18:30,7:18:30,26310.0,26310.0
22760356,200420009,24,0,0,,7:20:00,7:20:00,26400.0,26400.0
22760356,200420002,25,0,0,,7:21:00,7:21:00,26460.0,26460.0
22760356,200420015,26,0,0,,7:21:50,7:21:50,26510.0,26510.0
22760356,200420003,27,0,0,,7:22:20,7:22:20,26540.0,26540.0
22760355,200417012,0,0,0,,7:03:40,7:03:40,25420.0,25420.0
22760355,200417004,1,0,0,,7:04:30,7:04:30,25470.0,25470.0
22760355,200417015,2,0,0,,7:06:40,7:06:40,25600.0,25600.0
22760355,200417032,3,0,0,,7:07:50,7:07:50,25670.0,25670.0
22760355,200417034,4,0,0,,7:08:40,7:08:40,25720.0,25720.0
22760355,200417020,5,0,0,,7:10:00,7:10:00,25800.0,25800.0
22760355,200417026,6,0,0,,7:11:10,7:11:10,25870.0,25870.0
22760355,200417024,7,0,0,,7:12:10,7:12:10,25930.0,25930.0
22760355,200426003,8,0,0,,7:12:40,7:12:40,25960.0,25960.0
22760355,200426001,9,0,0,,7:13:50,7:13:50,26030.0,26030.0
22760355,200417021,10,0,0,,7:16:10,7:16:10,26170.0,26170.0
22760355,200417049,11,0,0,,7:17:00,7:17:00,26220.0,26220.0
22760355,200417061,12,0,0,,7:17:40,7:17:40,26260.0,26260.0
22760355,200417047,13,0,0,,7:20:00,7:20:00,26400.0,26400.0
22760355,200405014,14,0,0,,7:22:30,7:22:30,26550.0,26550.0
22760355,200405020,15,0,0,,7:26:00,7:26:00,26760.0,26760.0
22760355,200405045,16,0,0,,7:30:10,7:30:10,27010.0,27010.0
22760355,200403022,17,0,0,,7:31:30,7:31:30,27090.0,27090.0
22760355,200403002,18,0,0,,7:32:30,7:32:30,27150.0,27150.0
22760355,200403001,19,0,0,,7:33:20,7:33:20,27200.0,27200.0
22760355,200403010,20,0,0,,7:34:20,7:34:20,27260.0,27260.0
22760355,200403014,21,0,0,,7:35:30,7:35:30,27330.0,27330.0
22760355,200420001,22,0,0,,7:37:00,7:37:00,27420.0,27420.0
22760355,200420004,23,0,0,,7:38:30,7:38:30,27510.0,27510.0
22760355,200420009,24,0,0,,7:40:00,7:40:00,27600.0,27600.0
22760355,200420002,25,0,0,,7:41:00,7:41:00,27660.0,27660.0
22760355,200420015,26,0,0,,7:41:50,7:41:50,27710.0,27710.0
22760355,200420003,27,0,0,,7:42:20,7:42:20,27740.0,27740.0
22760354,200417012,0,0,0,,7:23:40,7:23:40,26620.0,26620.0
22760354,200417004,1,0,0,,7:24:30,7:24:30,26670.0,26670.0
22760354,200417015,2,0,0,,7:26:40,7:26:40,26800.0,26800.0
22760354,200417032,3,0,0,,7:27:50,7:27:50,26870.0,26870.0
22760354,200417034,4,0,0,,7:28:40,7:28:40,26920.0,26920.0
22760354,200417020,5,0,0,,7:30:00,7:30:00,27000.0,27000.0
22760354,200417026,6,0,0,,7:31:10,7:31:10,27070.0,27070.0
22760354,200417024,7,0,0,,7:32:10,7:32:10,27130.0,27130.0
22760354,200426003,8,0,0,,7:32:40,7:32:40,27160.0,27160.0
22760354,200426001,9,0,0,,7:33:50,7:33:50,27230.0,27230.0
22760354,200417021,10,0,0,,7:36:10,7:36:10,27370.0,27370.0
22760354,200417049,11,0,0,,7:37:00,7:37:00,27420.0,27420.0
22760354,200417061,12,0,0,,7:37:40,7:37:40,27460.0,27460.0
22760354,200417047,13,0,0,,7:40:00,7:40:00,27600.0,27600.0
22760354,200405014,14,0,0,,7:42:30,7:42:30,27750.0,27750.0
22760354,200405020,15,0,0,,7:46:00,7:46:00,27960.0,27960.0
22760354,200405045,16,0,0,,7:50:10,7:50:10,28210.0,28210.0
22760354,200403022,17,0,0,,7:51:30,7:51:30,28290.0,28290.0
22760354,200403002,18,0,0,,7:52:30,7:52:30,28350.0,28350.0
22760354,200403001,19,0,0,,7:53:20,7:53:20,28400.0,28400.0
22760354,200403010,20,0,0,,7:54:20,7:54:20,28460.0,28460.0
22760354,200403014,21,0,0,,7:55:30,7:55:30,28530.0,28530.0
22760354,200420001,22,0,0,,7:57:00,7:57:00,28620.0,28620.0
22760354,200420004,23,0,0,,7:58:30,7:58:30,28710.0,28710.0
22760354,200420009,24,0,0,,8:00:00,8:00:00,28800.0,28800.0
22760354,200420002,25,0,0,,8:01:00,8:01:00,28860.0,28860.0
22760354,200420015,26,0,0,,8:01:50,8:01:50,28910.0,28910.0
22760354,200420003,27,0,0,,8:02:20,8:02:20,28940.0,28940.0
22760353,200417012,0,0,0,,7:43:40,7:43:40,27820.0,27820.0
22760353,200417004,1,0,0,,7:44:30,7:44:30,27870.0,27870.0
22760353,200417015,2,0,0,,7:46:40,7:46:40,28000.0,28000.0
22760353,200417032,3,0,0,,7:47:50,7:47:50,28070.0,28070.0
22760353,200417034,4,0,0,,7:48:40,7:48:40,28120.0,28120.0
22760353,200417020,5,0,0,,7:50:00,7:50:00,28200.0,28200.0
22760353,200417026,6,0,0,,7:51:10,7:51:10,28270.0,28270.0
22760353,200417024,7,0,0,,7:52:10,7:52:10,28330.0,28330.0
22760353,200426003,8,0,0,,7:52:40,7:52:40,28360.0,28360.0
22760353,200426001,9,0,0,,7:53:50,7:53:50,28430.0,28430.0
22760353,200417021,10,0,0,,7:56:10,7:56:10,28570.0,28570.0
22760353,200417049,11,0,0,,7:57:00,7:57:00,28620.0,28620.0
22760353,200417061,12,0,0,,7:57:40,7:57:40,28660.0,28660.0
22760353,200417047,13,0,0,,8:00:00,8:00:00,28800.0,28800.0
22760353,200405014,14,0,0,,8:02:30,8:02:30,28950.0,28950.0
22760353,200405020,15,0,0,,8:06:00,8:06:00,29160.0,29160.0
22760353,200405045,16,0,0,,8:10:10,8:10:10,29410.0,29410.0
22760353,200403022,17,0,0,,8:11:30,8:11:30,29490.0,29490.0
22760353,200403002,18,0,0,,8:12:30,8:12:30,29550.0,29550.0
22760353,200403001,19,0,0,,8:13:20,8:13:20,29600.0,29600.0
22760353,200403010,20,0,0,,8:14:20,8:14:20,29660.0,29660.0
22760353,200403014,21,0,0,,8:15:30,8:15:30,29730.0,29730.0
22760353,200420001,22,0,0,,8:17:00,8:17:00,29820.0,29820.0
22760353,200420004,23,0,0,,8:18:30,8:18:30,29910.0,29910.0
22760353,200420009,24,0,0,,8:20:00,8:20:00,30000.0,30000.0
22760353,200420002,25,0,0,,8:21:00,8:21:00,30060.0,30060.0
22760353,200420015,26,0,0,,8:21:50,8:21:50,30110.0,30110.0
22760353,200420003,27,0,0,,8:22:20,8:22:20,30140.0,30140.0
22760352,200417012,0,0,0,,8:03:40,8:03:40,29020.0,29020.0
22760352,200417004,1,0,0,,8:04:30,8:04:30,29070.0,29070.0
22760352,200417015,2,0,0,,8:06:40,8:06:40,29200.0,29200.0
22760352,200417032,3,0,0,,8:07:50,8:07:50,29270.0,29270.0
22760352,200417034,4,0,0,,8:08:40,8:08:40,29320.0,29320.0
22760352,200417020,5,0,0,,8:10:00,8:10:00,29400.0,29400.0
22760352,200417026,6,0,0,,8:11:10,8:11:10,29470.0,29470.0
22760352,200417024,7,0,0,,8:12:10,8:12:10,29530.0,29530.0
22760352,200426003,8,0,0,,8:12:40,8:12:40,29560.0,29560.0
22760352,200426001,9,0,0,,8:13:50,8:13:50,29630.0,29630.0
22760352,200417021,10,0,0,,8:16:10,8:16:10,29770.0,29770.0
22760352,200417049,11,0,0,,8:17:00,8:17:00,29820.0,29820.0
22760352,200417061,12,0,0,,8:17:40,8:17:40,29860.0,29860.0
22760352,200417047,13,0,0,,8:20:00,8:20:00,30000.0,30000.0
22760352,200405014,14,0,0,,8:22:30,8:22:30,30150.0,30150.0
22760352,200405020,15,0,0,,8:26:00,8:26:00,30360.0,30360.0
22760352,200405045,16,0,0,,8:30:10,8:30:10,30610.0,30610.0
22760352,200403022,17,0,0,,8:31:30,8:31:30,30690.0,30690.0
22760352,200403002,18,0,0,,8:32:30,8:32:30,30750.0,30750.0
22760352,200403001,19,0,0,,8:33:20,8:33:20,30800.0,30800.0
22760352,200403010,20,0,0,,8:34:20,8:34:20,30860.0,30860.0
22760352,200403014,21,0,0,,8:35:30,8:35:30,30930.0,30930.0
22760352,200420001,22,0,0,,8:37:00,8:37:00,31020.0,31020.0
22760352,200420004,23,0,0,,8:38:30,8:38:30,31110.0,31110.0
22760352,200420009,24,0,0,,8:40:00,8:40:00,31200.0,31200.0
22760352,200420002,25,0,0,,8:41:00,8:41:00,31260.0,31260.0
22760352,200420015,26,0,0,,8:41:50,8:41:50,31310.0,31310.0
22760352,200420003,27,0,0,,8:42:20,8:42:20,31340.0,31340.0
22760351,200417012,0,0,0,,8:23:40,8:23:40,30220.0,30220.0
22760351,200417004,1,0,0,,8:24:30,8:24:30,30270.0,30270.0
22760351,200417015,2,0,0,,8:26:40,8:26:40,30400.0,30400.0
22760351,200417032,3,0,0,,8:27:50,8:27:50,30470.0,30470.0
22760351,200417034,4,0,0,,8:28:40,8:28:40,30520.0,30520.0
22760351,200417020,5,0,0,,8:30:00,8:30:00,30600.0,30600.0
22760351,200417026,6,0,0,,8:31:10,8:31:10,30670.0,30670.0
22760351,200417024,7,0,0,,8:32:10,8:32:10,30730.0,30730.0
22760351,200426003,8,0,0,,8:32:40,8:32:40,30760.0,30760.0
22760351,200426001,9,0,0,,8:33:50,8:33:50,30830.0,30830.0
22760351,200417021,10,0,0,,8:36:10,8:36:10,30970.0,30970.0
22760351,200417049,11,0,0,,8:37:00,8:37:00,31020.0,31020.0
22760351,200417061,12,0,0,,8:37:40,8:37:40,31060.0,31060.0
22760351,200417047,13,0,0,,8:40:00,8:40:00,31200.0,31200.0
22760351,200405014,14,0,0,,8:42:30,8:42:30,31350.0,31350.0
22760351,200405020,15,0,0,,8:46:00,8:46:00,31560.0,31560.0
22760351,200405045,16,0,0,,8:50:10,8:50:10,31810.0,31810.0
22760351,200403022,17,0,0,,8:51:30,8:51:30,31890.0,31890.0
22760351,200403002,18,0,0,,8:52:30,8:52:30,31950.0,31950.0
22760351,200403001,19,0,0,,8:53:20,8:53:20,32000.0,32000.0
22760351,200403010,20,0,0,,8:54:20,8:54:20,32060.0,32060.0
22760351,200403014,21,0,0,,8:55:30,8:55:30,32130.0,32130.0
22760351,200420001,22,0,0,,8:57:00,8:57:00,32220.0,32220.0
22760351,200420004,23,0,0,,8:58:30,8:58:30,32310.0,32310.0
22760351,200420009,24,0,0,,9:00:00,9:00:00,32400.0,32400.0
22760350,200417012,0,0,0,,8:43:40,8:43:40,31420.0,31420.0
22760350,200417004,1,0,0,,8:44:30,8:44:30,31470.0,31470.0
22760350,200417015,2,0,0,,8:46:40,8:46:40,31600.0,31600.0
22760350,200417032,3,0,0,,8:47:50,8:47:50,31670.0,31670.0
22760350,200417034,4,0,0,,8:48:40,8:48:40,31720.0,31720.0
22760350,200417020,5,0,0,,8:50:00,8:50:00,31800.0,31800.0
22760350,200417026,6,0,0,,8:51:10,8:51:10,31870.0,31870.0
22760350,200417024,7,0,0,,8:52:10,8:52:10,31930.0,31930.0
22760350,200426003,8,0,0,,8:52:40,8:52:40,31960.0,31960.0
22760350,200426001,9,0,0,,8:53:50,8:53:50,32030.0,32030.0
22760350,200417021,10,0,0,,8:56:10,8:56:10,32170.0,32170.0
22760350,200417049,11,0,0,,8:57:00,8:57:00,32220.0,32220.0
22760350,200417061,12,0,0,,8:57:40,8:57:40,32260.0,32260.0
22760350,200417047,13,0,0,,9:00:00,9:00:00,32400.0,32400.0
22758093,201001002,27,0,0,,7:00:30,7:00:30,25230.0,25230.0
22758093,201004002,28,0,0,,7:01:40,7:01:40,25300.0,25300.0
22758093,201003001,29,0,0,,7:03:00,7:03:00,25380.0,25380.0
22758093,201004003,30,0,0,,7:03:40,7:03:40,25420.0,25420.0
22758093,201003004,31,0,0,,7:04:50,7:04:50,25490.0,25490.0
22758093,201003002,32,0,0,,7:05:40,7:05:40,25540.0,25540.0
22758093,200802005,33,0,0,,7:06:50,7:06:50,25610.0,25610.0
22758093,200802002,34,0,0,,7:07:10,7:07:10,25630.0,25630.0
22758093,200802004,35,0,0,,7:07:50,7:07:50,25670.0,25670.0
22758093,200802001,36,0,0,,7:08:50,7:08:50,25730.0,25730.0
22758093,200801001,37,0,0,,7:09:50,7:09:50,25790.0,25790.0
22758093,200801005,38,0,0,,7:11:20,7:11:20,25880.0,25880.0
22758093,200801008,39,0,0,,7:12:20,7:12:20,25940.0,25940.0
22758093,200801003,40,0,0,,7:13:20,7:13:20,26000.0,26000.0
22758093,200801011,41,0,0,,7:14:20,7:14:20,26060.0,26060.0
22758092,200405020,14,0,0,,7:02:30,7:02:30,25350.0,25350.0
22758092,200405005,15,0,0,,7:05:30,7:05:30,25530.0,25530.0
22758092,200419013,16,0,0,,7:07:30,7:07:30,25650.0,25650.0
22758092,200410005,17,0,0,,7:08:10,7:08:10,25690.0,25690.0
22758092,200410003,18,0,0,,7:09:40,7:09:40,25780.0,25780.0
22758092,200410004,19,0,0,,7:11:20,7:11:20,25880.0,25880.0
22758092,200409007,20,0,0,,7:12:40,7:12:40,25960.0,25960.0
22758092,200402005,21,0,0,,7:13:20,7:13:20,26000.0,26000.0
22758092,200402002,22,0,0,,7:14:20,7:14:20,26060.0,26060.0
22758092,200402006,23,0,0,,7:15:10,7:15:10,26110.0,26110.0
22758092,200402001,24,0,0,,7:16:00,7:16:00,26160.0,26160.0
22758092,201001004,25,0,0,,7:18:00,7:18:00,26280.0,26280.0
22758092,201001003,26,0,0,,7:18:50,7:18:50,26330.0,26330.0
22758092,201001002,27,0,0,,7:20:30,7:20:30,26430.0,26430.0
22758092,201004002,28,0,0,,7:21:40,7:21:40,26500.0,26500.0
22758092,201003001,29,0,0,,7:23:00,7:23:00,26580.0,26580.0
22758092,201004003,30,0,0,,7:23:40,7:23:40,26620.0,26620.0
22758092,201003004,31,0,0,,7:24:50,7:24:50,26690.0,26690.0
22758092,201003002,32,0,0,,7:25:40,7:25:40,26740.0,26740.0
22758092,200802005,33,0,0,,7:26:50,7:26:50,26810.0,26810.0
22758092,200802002,34,0,0,,7:27:10,7:27:10,26830.0,26830.0
22758092,200802004,35,0,0,,7:27:50,7:27:50,26870.0,26870.0
22758092,200802001,36,0,0,,7:28:50,7:28:50,26930.0,26930.0
22758092,200801001,37,0,0,,7:29:50,7:29:50,26990.0,26990.0
22758092,200801005,38,0,0,,7:31:20,7:31:20,27080.0,27080.0
22758092,200801008,39,0,0,,7:32:20,7:32:20,27140.0,27140.0
22758092,200801003,40,0,0,,7:33:20,7:33:20,27200.0,27200.0
22758092,200801011,41,0,0,,7:34:20,7:34:20,27260.0,27260.0
22758091,200101002,0,0,0,,7:00:40,7:00:40,25240.0,25240.0
22758091,200901011,1,0,0,,7:01:50,7:01:50,25310.0,25310.0
22758091,200901016,2,0,0,,7:02:30,7:02:30,25350.0,25350.0
22758091,200901017,3,0,0,,7:03:40,7:03:40,25420.0,25420.0
22758091,200901004,4,0,0,,7:04:50,7:04:50,25490.0,25490.0
22758091,200901020,5,0,0,,7:05:50,7:05:50,25550.0,25550.0
22758091,200901003,6,0,0,,7:06:50,7:06:50,25610.0,25610.0
22758091,200901014,7,0,0,,7:07:50,7:07:50,25670.0,25670.0
22758091,200901015,8,0,0,,7:08:50,7:08:50,25730.0,25730.0
22758091,200403021,9,0,0,,7:11:00,7:11:00,25860.0,25860.0
22758091,200403018,10,0,0,,7:12:10,7:12:10,25930.0,25930.0
22758091,200403017,11,0,0,,7:13:20,7:13:20,26000.0,26000.0
22758091,200405045,12,0,0,,7:14:50,7:14:50,26090.0,26090.0
22758091,200403020,13,0,0,,7:17:20,7:17:20,26240.0,26240.0
22758091,200405020,14,0,0,,7:20:00,7:20:00,26400.0,26400.0
22758091,200405005,15,0,0,,7:23:00,7:23:00,26580.0,26580.0
22758091,200419013,16,0,0,,7:25:00,7:25:00,26700.0,26700.0
22758091,200410005,17,0,0,,7:25:40,7:25:40,26740.0,26740.0
22758091,200410003,18,0,0,,7:27:10,7:27:10,26830.0,26830.0
22758091,200410004,19,0,0,,7:28:50,7:28:50,26930.0,26930.0
22758091,200409007,20,0,0,,7:30:10,7:30:10,27010.0,27010.0
22758091,200402005,21,0,0,,7:30:50,7:30:50,27050.0,27050.0
22758091,200402002,22,0,0,,7:31:50,7:31:50,27110.0,27110.0
22758091,200402006,23,0,0,,7:32:40,7:32:40,27160.0,27160.0
22758091,200402001,24,0,0,,7:33:30,7:33:30,27210.0,27210.0
22758091,201001004,25,0,0,,7:35:30,7:35:30,27330.0,27330.0
22758091,201001003,26,0,0,,7:36:20,7:36:20,27380.0,27380.0
22758091,201001002,27,0,0,,7:38:00,7:38:00,27480.0,27480.0
22758091,201004002,28,0,0,,7:39:10,7:39:10,27550.0,27550.0
22758091,201003001,29,0,0,,7:40:30,7:40:30,27630.0,27630.0
22758091,201004003,30,0,0,,7:41:10,7:41:10,27670.0,27670.0
22758091,201003004,31,0,0,,7:42:20,7:42:20,27740.0,27740.0
22758091,201003002,32,0,0,,7:43:10,7:43:10,27790.0,27790.0
22758091,200802005,33,0,0,,7:44:20,7:44:20,27860.0,27860.0
22758091,200802002,34,0,0,,7:44:40,7:44:40,27880.0,27880.0
22758091,200802004,35,0,0,,7:45:20,7:45:20,27920.0,27920.0
22758091,200802001,36,0,0,,7:46:20,7:46:20,27980.0,27980.0
22758091,200801001,37,0,0,,7:47:20,7:47:20,28040.0,28040.0
22758091,200801005,38,0,0,,7:48:50,7:48:50,28130.0,28130.0
22758091,200801008,39,0,0,,7:49:50,7:49:50,28190.0,28190.0
22758091,200801003,40,0,0,,7:50:50,7:50:50,28250.0,28250.0
22758091,200801011,41,0,0,,7:51:50,7:51:50,28310.0,28310.0
22758090,200101002,0,0,0,,7:15:40,7:15:40,26140.0,26140.0
22758090,200901011,1,0,0,,7:16:50,7:16:50,26210.0,26210.0
22758090,200901016,2,0,0,,7:17:30,7:17:30,26250.0,26250.0
22758090,200901017,3,0,0,,7:18:40,7:18:40,26320.0,26320.0
22758090,200901004,4,0,0,,7:19:50,7:19:50,26390.0,26390.0
22758090,200901020,5,0,0,,7:20:50,7:20:50,26450.0,26450.0
22758090,200901003,6,0,0,,7:21:50,7:21:50,26510.0,26510.0
22758090,200901014,7,0,0,,7:22:50,7:22:50,26570.0,26570.0
22758090,200901015,8,0,0,,7:23:50,7:23:50,26630.0,26630.0
22758090,200403021,9,0,0,,7:26:00,7:26:00,26760.0,26760.0
22758090,200403018,10,0,0,,7:27:10,7:27:10,26830.0,26830.0
22758090,200403017,11,0,0,,7:28:20,7:28:20,26900.0,26900.0
22758090,200405045,12,0,0,,7:29:50,7:29:50,26990.0,26990.0
22758090,200403020,13,0,0,,7:32:20,7:32:20,27140.0,27140.0
22758090,200405020,14,0,0,,7:35:00,7:35:00,27300.0,27300.0
22758090,200405005,15,0,0,,7:38:00,7:38:00,27480.0,27480.0
22758090,200419013,16,0,0,,7:40:00,7:40:00,27600.0,27600.0
22758090,200410005,17,0,0,,7:40:40,7:40:40,27640.0,27640.0
22758090,200410003,18,0,0,,7:42:10,7:42:10,27730.0,27730.0
22758090,200410004,19,0,0,,7:43:50,7:43:50,27830.0,27830.0
22758090,200409007,20,0,0,,7:45:10,7:45:10,27910.0,27910.0
22758090,200402005,21,0,0,,7:45:50,7:45:50,27950.0,27950.0
22758090,200402002,22,0,0,,7:46:50,7:46:50,28010.0,28010.0
22758090,200402006,23,0,0,,7:47:40,7:47:40,28060.0,28060.0
22758090,200402001,24,0,0,,7:48:30,7:48:30,28110.0,28110.0
22758090,201001004,25,0,0,,7:50:30,7:50:30,28230.0,28230.0
22758090,201001003,26,0,0,,7:51:20,7:51:20,28280.0,28280.0
22758090,201001002,27,0,0,,7:53:00,7:53:00,28380.0,28380.0
22758090,201004002,28,0,0,,7:54:10,7:54:10,28450.0,28450.0
22758090,201003001,29,0,0,,7:55:30,7:55:30,28530.0,28530.0
22758090,201004003,30,0,0,,7:56:10,7:56:10,28570.0,28570.0
22758090,201003004,31,0,0,,7:57:20,7:57:20,28640.0,28640.0
22758090,201003002,32,0,0,,7:58:10,7:58:10,28690.0,28690.0
22758090,200802005,33,0,0,,7:59:20,7:59:20,28760.0,28760.0
22758090,200802002,34,0,0,,7:59:40,7:59:40,28780.0,28780.0
22758090,200802004,35,0,0,,8:00:20,8:00:20,28820.0,28820.0
22758090,200802001,36,0,0,,8:01:20,8:01:20,28880.0,28880.0
22758090,200801001,37,0,0,,8:02:20,8:02:20,28940.0,28940.0
22758090,200801005,38,0,0,,8:03:50,8:03:50,29030.0,29030.0
22758090,200801008,39,0,0,,8:04:50,8:04:50,29090.0,29090.0
22758090,200801003,40,0,0,,8:05:50,8:05:50,29150.0,29150.0
22758090,200801011,41,0,0,,8:06:50,8:06:50,29210.0,29210.0
22758043,200101021,0,0,0,,7:26:40,7:26:40,26800.0,26800.0
22758043,200101002,1,0,0,,7:30:40,7:30:40,27040.0,27040.0
22758043,200901011,2,0,0,,7:31:50,7:31:50,27110.0,27110.0
22758043,200901016,3,0,0,,7:32:30,7:32:30,27150.0,27150.0
22758043,200901017,4,0,0,,7:33:40,7:33:40,27220.0,27220.0
22758043,200901004,5,0,0,,7:34:50,7:34:50,27290.0,27290.0
22758043,200901020,6,0,0,,7:35:50,7:35:50,27350.0,27350.0
22758043,200901003,7,0,0,,7:36:50,7:36:50,27410.0,27410.0
22758043,200901014,8,0,0,,7:37:50,7:37:50,27470.0,27470.0
22758043,200901015,9,0,0,,7:38:50,7:38:50,27530.0,27530.0
22758043,200403021,10,0,0,,7:41:00,7:41:00,27660.0,27660.0
22758043,200403018,11,0,0,,7:42:10,7:42:10,27730.0,27730.0
22758043,200403017,12,0,0,,7:43:20,7:43:20,27800.0,27800.0
22758043,200405045,13,0,0,,7:44:50,7:44:50,27890.0,27890.0
22758043,200403020,14,0,0,,7:47:20,7:47:20,28040.0,28040.0
22758043,200405020,15,0,0,,7:50:00,7:50:00,28200.0,28200.0
22758043,200405005,16,0,0,,7:53:00,7:53:00,28380.0,28380.0
22758043,200419013,17,0,0,,7:55:00,7:55:00,28500.0,28500.0
22758043,200410005,18,0,0,,7:55:40,7:55:40,28540.0,28540.0
22758043,200410003,19,0,0,,7:57:10,7:57:10,28630.0,28630.0
22758043,200410004,20,0,0,,7:58:50,7:58:50,28730.0,28730.0
22758043,200409007,21,0,0,,8:00:10,8:00:10,28810.0,28810.0
22758043,200402005,22,0,0,,8:00:50,8:00:50,28850.0,28850.0
22758043,200402002,23,0,0,,8:01:50,8:01:50,28910.0,28910.0
22758043,200402006,24,0,0,,8:02:40,8:02:40,28960.0,28960.0
22758043,200402001,25,0,0,,8:03:30,8:03:30,29010.0,29010.0
22758043,201001004,26,0,0,,8:05:30,8:05:30,29130.0,29130.0
22758043,201001003,27,0,0,,8:06:20,8:06:20,29180.0,29180.0
22758043,201001002,28,0,0,,8:08:00,8:08:00,29280.0,29280.0
22758043,201004002,29,0,0,,8:09:10,8:09:10,29350.0,29350.0
22758043,201003001,30,0,0,,8:10:30,8:10:30,29430.0,29430.0
22758043,201004003,31,0,0,,8:11:10,8:11:10,29470.0,29470.0
22758043,201003004,32,0,0,,8:12:20,8:12:20,29540.0,29540.0
22758043,201003002,33,0,0,,8:13:10,8:13:10,29590.0,29590.0
22758043,200802005,34,0,0,,8:14:20,8:14:20,29660.0,29660.0
22758043,200802002,35,0,0,,8:14:40,8:14:40,29680.0,29680.0
22758043,200802004,36,0,0,,8:15:20,8:15:20,29720.0,29720.0
22758043,200802001,37,0,0,,8:16:20,8:16:20,29780.0,29780.0
22758043,200801001,38,0,0,,8:17:20,8:17:20,29840.0,29840.0
22758043,200801005,39,0,0,,8:18:50,8:18:50,29930.0,29930.0
22758043,200801008,40,0,0,,8:19:50,8:19:50,29990.0,29990.0
22758043,200801003,41,0,0,,8:20:50,8:20:50,30050.0,30050.0
22758043,200801011,42,0,0,,8:21:50,8:21:50,30110.0,30110.0
22758042,200101021,0,0,0,,7:41:40,7:41:40,27700.0,27700.0
22758042,200101002,1,0,0,,7:45:40,7:45:40,27940.0,27940.0
22758042,200901011,2,0,0,,7:46:50,7:46:50,28010.0,28010.0
22758042,200901016,3,0,0,,7:47:30,7:47:30,28050.0,28050.0
22758042,200901017,4,0,0,,7:48:40,7:48:40,28120.0,28120.0
22758042,200901004,5,0,0,,7:49:50,7:49:50,28190.0,28190.0
22758042,200901020,6,0,0,,7:50:50,7:50:50,28250.0,28250.0
22758042,200901003,7,0,0,,7:51:50,7:51:50,28310.0,28310.0
22758042,200901014,8,0,0,,7:52:50,7:52:50,28370.0,28370.0
22758042,200901015,9,0,0,,7:53:50,7:53:50,28430.0,28430.0
22758042,200403021,10,0,0,,7:56:00,7:56:00,28560.0,28560.0
22758042,200403018,11,0,0,,7:57:10,7:57:10,28630.0,28630.0
22758042,200403017,12,0,0,,7:58:20,7:58:20,28700.0,28700.0
22758042,200405045,13,0,0,,7:59:50,7:59:50,28790.0,28790.0
22758042,200403020,14,0,0,,8:02:20,8:02:20,28940.0,28940.0
22758042,200405020,15,0,0,,8:05:00,8:05:00,29100.0,29100.0
22758042,200405005,16,0,0,,8:08:00,8:08:00,29280.0,29280.0
22758042,200419013,17,0,0,,8:10:00,8:10:00,29400.0,29400.0
22758042,200410005,18,0,0,,8:10:40,8:10:40,29440.0,29440.0
22758042,200410003,19,0,0,,8:12:10,8:12:10,29530.0,29530.0
22758042,200410004,20,0,0,,8:13:50,8:13:50,29630.0,29630.0
22758042,200409007,21,0,0,,8:15:10,8:15:10,29710.0,29710.0
22758042,200402005,22,0,0,,8:15:50,8:15:50,29750.0,29750.0
22758042,200402002,23,0,0,,8:16:50,8:16:50,29810.0,29810.0
22758042,200402006,24,0,0,,8:17:40,8:17:40,29860.0,29860.0
22758042,200402001,25,0,0,,8:18:30,8:18:30,29910.0,29910.0
22758042,201001004,26,0,0,,8:20:30,8:20:30,30030.0,30030.0
22758042,201001003,27,0,0,,8:21:20,8:21:20,30080.0,30080.0
22758042,201001002,28,0,0,,8:23:00,8:23:00,30180.0,30180.0
22758042,201004002,29,0,0,,8:24:10,8:24:10,30250.0,30250.0
22758042,201003001,30,0,0,,8:25:30,8:25:30,30330.0,30330.0
22758042,201004003,31,0,0,,8:26:10,8:26:10,30370.0,30370.0
22758042,201003004,32,0,0,,8:27:20,8:27:20,30440.0,30440.0
22758042,201003002,33,0,0,,8:28:10,8:28:10,30490.0,30490.0
22758042,200802005,34,0,0,,8:29:20,8:29:20,30560.0,30560.0
22758042,200802002,35,0,0,,8:29:40,8:29:40,30580.0,30580.0
22758042,200802004,36,0,0,,8:30:20,8:30:20,30620.0,30620.0
22758042,200802001,37,0,0,,8:31:20,8:31:20,30680.0,30680.0
22758042,200801001,38,0,0,,8:32:20,8:32:20,30740.0,30740.0
22758042,200801005,39,0,0,,8:33:50,8:33:50,30830.0,30830.0
22758042,200801008,40,0,0,,8:34:50,8:34:50,30890.0,30890.0
22758042,200801003,41,0,0,,8:35:50,8:35:50,30950.0,30950.0
22758042,200801011,42,0,0,,8:36:50,8:36:50,31010.0,31010.0
22758041,200101021,0,0,0,,7:56:40,7:56:40,28600.0,28600.0
22758041,200101002,1,0,0,,8:00:40,8:00:40,28840.0,28840.0
22758041,200901011,2,0,0,,8:01:50,8:01:50,28910.0,28910.0
22758041,200901016,3,0,0,,8:02:30,8:02:30,28950.0,28950.0
22758041,200901017,4,0,0,,8:03:40,8:03:40,29020.0,29020.0
22758041,200901004,5,0,0,,8:04:50,8:04:50,29090.0,29090.0
22758041,200901020,6,0,0,,8:05:50,8:05:50,29150.0,29150.0
22758041,200901003,7,0,0,,8:06:50,8:06:50,29210.0,29210.0
22758041,200901014,8,0,0,,8:07:50,8:07:50,29270.0,29270.0
22758041,200901015,9,0,0,,8:08:50,8:08:50,29330.0,29330.0
22758041,200403021,10,0,0,,8:11:00,8:11:00,29460.0,29460.0
22758041,200403018,11,0,0,,8:12:10,8:12:10,29530.0,29530.0
22758041,200403017,12,0,0,,8:13:20,8:13:20,29600.0,29600.0
22758041,200405045,13,0,0,,8:14:50,8:14:50,29690.0,29690.0
22758041,200403020,14,0,0,,8:17:20,8:17:20,29840.0,29840.0
22758041,200405020,15,0,0,,8:20:00,8:20:00,30000.0,30000.0
22758041,200405005,16,0,0,,8:23:00,8:23:00,30180.0,30180.0
22758041,200419013,17,0,0,,8:25:00,8:25:00,30300.0,30300.0
22758041,200410005,18,0,0,,8:25:40,8:25:40,30340.0,30340.0
22758041,200410003,19,0,0,,8:27:10,8:27:10,30430.0,30430.0
22758041,200410004,20,0,0,,8:28:50,8:28:50,30530.0,30530.0
22758041,200409007,21,0,0,,8:30:10,8:30:10,30610.0,30610.0
22758041,200402005,22,0,0,,8:30:50,8:30:50,30650.0,30650.0
22758041,200402002,23,0,0,,8:31:50,8:31:50,30710.0,30710.0
22758041,200402006,24,0,0,,8:32:40,8:32:40,30760.0,30760.0
22758041,200402001,25,0,0,,8:33:30,8:33:30,30810.0,30810.0
22758041,201001004,26,0,0,,8:35:30,8:35:30,30930.0,30930.0
22758041,201001003,27,0,0,,8:36:20,8:36:20,30980.0,30980.0
22758041,201001002,28,0,0,,8:38:00,8:38:00,31080.0,31080.0
22758041,201004002,29,0,0,,8:39:10,8:39:10,31150.0,31150.0
22758041,201003001,30,0,0,,8:40:30,8:40:30,31230.0,31230.0
22758041,201004003,31,0,0,,8:41:10,8:41:10,31270.0,31270.0
22758041,201003004,32,0,0,,8:42:20,8:42:20,31340.0,31340.0
22758041,201003002,33,0,0,,8:43:10,8:43:10,31390.0,31390.0
22758041,200802005,34,0,0,,8:44:20,8:44:20,31460.0,31460.0
22758041,200802002,35,0,0,,8:44:40,8:44:40,31480.0,31480.0
22758041,200802004,36,0,0,,8:45:20,8:45:20,31520.0,31520.0
22758041,200802001,37,0,0,,8:46:20,8:46:20,31580.0,31580.0
22758041,200801001,38,0,0,,8:47:20,8:47:20,31640.0,31640.0
22758041,200801005,39,0,0,,8:48:50,8:48:50,31730.0,31730.0
22758041,200801008,40,0,0,,8:49:50,8:49:50,31790.0,31790.0
22758041,200801003,41,0,0,,8:50:50,8:50:50,31850.0,31850.0
22758041,200801011,42,0,0,,8:51:50,8:51:50,31910.0,31910.0
22758040,200101021,0,0,0,,8:11:40,8:11:40,29500.0,29500.0
22758040,200101002,1,0,0,,8:15:40,8:15:40,29740.0,29740.0
22758040,200901011,2,0,0,,8:16:50,8:16:50,29810.0,29810.0
22758040,200901016,3,0,0,,8:17:30,8:17:30,29850.0,29850.0
22758040,200901017,4,0,0,,8:18:40,8:18:40,29920.0,29920.0
22758040,200901004,5,0,0,,8:19:50,8:19:50,29990.0,29990.0
22758040,200901020,6,0,0,,8:20:50,8:20:50,30050.0,30050.0
22758040,200901003,7,0,0,,8:21:50,8:21:50,30110.0,30110.0
22758040,200901014,8,0,0,,8:22:50,8:22:50,30170.0,30170.0
22758040,200901015,9,0,0,,8:23:50,8:23:50,30230.0,30230.0
22758040,200403021,10,0,0,,8:26:00,8:26:00,30360.0,30360.0
22758040,200403018,11,0,0,,8:27:10,8:27:10,30430.0,30430.0
22758040,200403017,12,0,0,,8:28:20,8:28:20,30500.0,30500.0
22758040,200405045,13,0,0,,8:29:50,8:29:50,30590.0,30590.0
22758040,200403020,14,0,0,,8:32:20,8:32:20,30740.0,30740.0
22758040,200405020,15,0,0,,8:35:00,8:35:00,30900.0,30900.0
22758040,200405005,16,0,0,,8:38:00,8:38:00,31080.0,31080.0
22758040,200419013,17,0,0,,8:40:00,8:40:00,31200.0,31200.0
22758040,200410005,18,0,0,,8:40:40,8:40:40,31240.0,31240.0
22758040,200410003,19,0,0,,8:42:10,8:42:10,31330.0,31330.0
22758040,200410004,20,0,0,,8:43:50,8:43:50,31430.0,31430.0
22758040,200409007,21,0,0,,8:45:10,8:45:10,31510.0,31510.0
22758040,200402005,22,0,0,,8:45:50,8:45:50,31550.0,31550.0
22758040,200402002,23,0,0,,8:46:50,8:46:50,31610.0,31610.0
22758040,200402006,24,0,0,,8:47:40,8:47:40,31660.0,31660.0
22758040,200402001,25,0,0,,8:48:30,8:48:30,31710.0,31710.0
22758040,201001004,26,0,0,,8:50:30,8:50:30,31830.0,31830.0
22758040,201001003,27,0,0,,8:51:20,8:51:20,31880.0,31880.0
22758040,201001002,28,0,0,,8:53:00,8:53:00,31980.0,31980.0
22758040,201004002,29,0,0,,8:54:10,8:54:10,32050.0,32050.0
22758040,201003001,30,0,0,,8:55:30,8:55:30,32130.0,32130.0
22758040,201004003,31,0,0,,8:56:10,8:56:10,32170.0,32170.0
22758040,201003004,32,0,0,,8:57:20,8:57:20,32240.0,32240.0
22758040,201003002,33,0,0,,8:58:10,8:58:10,32290.0,32290.0
22758040,200802005,34,0,0,,8:59:20,8:59:20,32360.0,32360.0
22758040,200802002,35,0,0,,8:59:40,8:59:40,32380.0,32380.0
22758039,200101021,0,0,0,,8:26:40,8:26:40,30400.0,30400.0
22758039,200101002,1,0,0,,8:30:40,8:30:40,30640.0,30640.0
22758039,200901011,2,0,0,,8:31:50,8:31:50,30710.0,30710.0
22758039,200901016,3,0,0,,8:32:30,8:32:30,30750.0,30750.0
22758039,200901017,4,0,0,,8:33:40,8:33:40,30820.0,30820.0
22758039,200901004,5,0,0,,8:34:50,8:34:50,30890.0,30890.0
22758039,200901020,6,0,0,,8:35:50,8:35:50,30950.0,30950.0
22758039,200901003,7,0,0,,8:36:50,8:36:50,31010.0,31010.0
22758039,200901014,8,0,0,,8:37:50,8:37:50,31070.0,31070.0
22758039,200901015,9,0,0,,8:38:50,8:38:50,31130.0,31130.0
22758039,200403021,10,0,0,,8:41:00,8:41:00,31260.0,31260.0
22758039,200403018,11,0,0,,8:42:10,8:42:10,31330.0,31330.0
22758039,200403017,12,0,0,,8:43:20,8:43:20,31400.0,31400.0
22758039,200405045,13,0,0,,8:44:50,8:44:50,31490.0,31490.0
22758039,200403020,14,0,0,,8:47:20,8:47:20,31640.0,31640.0
22758039,200405020,15,0,0,,8:50:00,8:50:00,31800.0,31800.0
22758039,200405005,16,0,0,,8:53:00,8:53:00,31980.0,31980.0
22758039,200419013,17,0,0,,8:55:00,8:55:00,32100.0,32100.0
22758039,200410005,18,0,0,,8:55:40,8:55:40,32140.0,32140.0
22758039,200410003,19,0,0,,8:57:10,8:57:10,32230.0,32230.0
22758039,200410004,20,0,0,,8:58:50,8:58:50,32330.0,32330.0
22758038,200101021,0,0,0,,8:41:40,8:41:40,31300.0,31300.0
22758038,200101002,1,0,0,,8:45:40,8:45:40,31540.0,31540.0
22758038,200901011,2,0,0,,8:46:50,8:46:50,31610.0,31610.0
22758038,200901016,3,0,0,,8:47:30,8:47:30,31650.0,31650.0
22758038,200901017,4,0,0,,8:48:40,8:48:40,31720.0,31720.0
22758038,200901004,5,0,0,,8:49:50,8:49:50,31790.0,31790.0
22758038,200901020,6,0,0,,8:50:50,8:50:50,31850.0,31850.0
22758038,200901003,7,0,0,,8:51:50,8:51:50,31910.0,31910.0
22758038,200901014,8,0,0,,8:52:50,8:52:50,31970.0,31970.0
22758038,200901015,9,0,0,,8:53:50,8:53:50,32030.0,32030.0
22758038,200403021,10,0,0,,8:56:00,8:56:00,32160.0,32160.0
22758038,200403018,11,0,0,,8:57:10,8:57:10,32230.0,32230.0
22758038,200403017,12,0,0,,8:58:20,8:58:20,32300.0,32300.0
22758038,200405045,13,0,0,,8:59:50,8:59:50,32390.0,32390.0
22758037,200101021,0,0,0,,8:59:10,8:59:10,32350.0,32350.0
22757884,200901015,31,0,0,,7:01:00,7:01:00,25260.0,25260.0
22757884,200901014,32,0,0,,7:01:40,7:01:40,25300.0,25300.0
22757884,200901003,33,0,0,,7:03:00,7:03:00,25380.0,25380.0
22757884,200901020,34,0,0,,7:03:50,7:03:50,25430.0,25430.0
22757884,200901004,35,0,0,,7:05:20,7:05:20,25520.0,25520.0
22757884,200901017,36,0,0,,7:06:10,7:06:10,25570.0,25570.0
22757884,200901016,37,0,0,,7:07:10,7:07:10,25630.0,25630.0
22757884,200901011,38,0,0,,7:07:50,7:07:50,25670.0,25670.0
22757884,200101002,39,0,0,,7:09:40,7:09:40,25780.0,25780.0
22757884,200101021,40,0,0,,7:12:10,7:12:10,25930.0,25930.0
22757883,200801011,0,0,0,,7:17:00,7:17:00,26220.0,26220.0
22757883,200801003,1,0,0,,7:18:20,7:18:20,26300.0,26300.0
22757883,200801008,2,0,0,,7:19:10,7:19:10,26350.0,26350.0
22757883,200801005,3,0,0,,7:20:10,7:20:10,26410.0,26410.0
22757883,200801001,4,0,0,,7:21:50,7:21:50,26510.0,26510.0
22757883,200802001,5,0,0,,7:22:50,7:22:50,26570.0,26570.0
22757883,200802004,6,0,0,,7:24:00,7:24:00,26640.0,26640.0
22757883,200802002,7,0,0,,7:24:40,7:24:40,26680.0,26680.0
22757883,200802005,8,0,0,,7:25:20,7:25:20,26720.0,26720.0
22757883,201003002,9,0,0,,7:26:10,7:26:10,26770.0,26770.0
22757883,201004003,10,0,0,,7:28:30,7:28:30,26910.0,26910.0
22757883,201003001,11,0,0,,7:29:00,7:29:00,26940.0,26940.0
22757883,201004002,12,0,0,,7:30:40,7:30:40,27040.0,27040.0
22757883,201001002,13,0,0,,7:32:00,7:32:00,27120.0,27120.0
22757883,201001003,14,0,0,,7:33:50,7:33:50,27230.0,27230.0
22757883,200402007,15,0,0,,7:34:50,7:34:50,27290.0,27290.0
22757883,200402001,16,0,0,,7:35:50,7:35:50,27350.0,27350.0
22757883,200402006,17,0,0,,7:37:10,7:37:10,27430.0,27430.0
22757883,200402002,18,0,0,,7:38:20,7:38:20,27500.0,27500.0
22757883,200402005,19,0,0,,7:39:10,7:39:10,27550.0,27550.0
22757883,200409007,20,0,0,,7:40:00,7:40:00,27600.0,27600.0
22757883,200410004,21,0,0,,7:41:30,7:41:30,27690.0,27690.0
22757883,200410003,22,0,0,,7:43:40,7:43:40,27820.0,27820.0
22757883,200410005,23,0,0,,7:44:50,7:44:50,27890.0,27890.0
22757883,200419013,24,0,0,,7:45:50,7:45:50,27950.0,27950.0
22757883,200405005,25,0,0,,7:48:10,7:48:10,28090.0,28090.0
22757883,200405020,26,0,0,,7:51:00,7:51:00,28260.0,28260.0
22757883,200405045,27,0,0,,7:55:20,7:55:20,28520.0,28520.0
22757883,200403017,28,0,0,,7:56:30,7:56:30,28590.0,28590.0
22757883,200403018,29,0,0,,7:57:30,7:57:30,28650.0,28650.0
22757883,200403021,30,0,0,,7:58:40,7:58:40,28720.0,28720.0
22757883,200901015,31,0,0,,8:01:00,8:01:00,28860.0,28860.0
22757883,200901014,32,0,0,,8:01:40,8:01:40,28900.0,28900.0
22757883,200901003,33,0,0,,8:03:00,8:03:00,28980.0,28980.0
22757883,200901020,34,0,0,,8:03:50,8:03:50,29030.0,29030.0
22757883,200901004,35,0,0,,8:05:20,8:05:20,29120.0,29120.0
22757883,200901017,36,0,0,,8:06:10,8:06:10,29170.0,29170.0
22757883,200901016,37,0,0,,8:07:10,8:07:10,29230.0,29230.0
22757883,200901011,38,0,0,,8:07:50,8:07:50,29270.0,29270.0
22757883,200101002,39,0,0,,8:09:40,8:09:40,29380.0,29380.0
22757883,200101021,40,0,0,,8:12:10,8:12:10,29530.0,29530.0
22757882,200801011,0,0,0,,7:32:00,7:32:00,27120.0,27120.0
22757882,200801003,1,0,0,,7:33:20,7:33:20,27200.0,27200.0
22757882,200801008,2,0,0,,7:34:10,7:34:10,27250.0,27250.0
22757882,200801005,3,0,0,,7:35:10,7:35:10,27310.0,27310.0
22757882,200801001,4,0,0,,7:36:50,7:36:50,27410.0,27410.0
22757882,200802001,5,0,0,,7:37:50,7:37:50,27470.0,27470.0
22757882,200802004,6,0,0,,7:39:00,7:39:00,27540.0,27540.0
22757882,200802002,7,0,0,,7:39:40,7:39:40,27580.0,27580.0
22757882,200802005,8,0,0,,7:40:20,7:40:20,27620.0,27620.0
22757882,201003002,9,0,0,,7:41:10,7:41:10,27670.0,27670.0
22757882,201004003,10,0,0,,7:43:30,7:43:30,27810.0,27810.0
22757882,201003001,11,0,0,,7:44:00,7:44:00,27840.0,27840.0
22757882,201004002,12,0,0,,7:45:40,7:45:40,27940.0,27940.0
22757882,201001002,13,0,0,,7:47:00,7:47:00,28020.0,28020.0
22757882,201001003,14,0,0,,7:48:50,7:48:50,28130.0,28130.0
22757882,200402007,15,0,0,,7:49:50,7:49:50,28190.0,28190.0
22757882,200402001,16,0,0,,7:50:50,7:50:50,28250.0,28250.0
22757882,200402006,17,0,0,,7:52:10,7:52:10,28330.0,28330.0
22757882,200402002,18,0,0,,7:53:20,7:53:20,28400.0,28400.0
22757882,200402005,19,0,0,,7:54:10,7:54:10,28450.0,28450.0
22757882,200409007,20,0,0,,7:55:00,7:55:00,28500.0,28500.0
22757882,200410004,21,0,0,,7:56:30,7:56:30,28590.0,28590.0
22757882,200410003,22,0,0,,7:58:40,7:58:40,28720.0,28720.0
22757882,200410005,23,0,0,,7:59:50,7:59:50,28790.0,28790.0
22757882,200419013,24,0,0,,8:00:50,8:00:50,28850.0,28850.0
22757882,200405005,25,0,0,,8:03:10,8:03:10,28990.0,28990.0
22757882,200405020,26,0,0,,8:06:00,8:06:00,29160.0,29160.0
22757882,200405045,27,0,0,,8:10:20,8:10:20,29420.0,29420.0
22757882,200403017,28,0,0,,8:11:30,8:11:30,29490.0,29490.0
22757882,200403018,29,0,0,,8:12:30,8:12:30,29550.0,29550.0
22757882,200403021,30,0,0,,8:13:40,8:13:40,29620.0,29620.0
22757882,200901015,31,0,0,,8:16:00,8:16:00,29760.0,29760.0
22757882,200901014,32,0,0,,8:16:40,8:16:40,29800.0,29800.0
22757882,200901003,33,0,0,,8:18:00,8:18:00,29880.0,29880.0
22757882,200901020,34,0,0,,8:18:50,8:18:50,29930.0,29930.0
22757882,200901004,35,0,0,,8:20:20,8:20:20,30020.0,30020.0
22757882,200901017,36,0,0,,8:21:10,8:21:10,30070.0,30070.0
22757882,200901016,37,0,0,,8:22:10,8:22:10,30130.0,30130.0
22757882,200901011,38,0,0,,8:22:50,8:22:50,30170.0,30170.0
22757882,200101002,39,0,0,,8:24:40,8:24:40,30280.0,30280.0
22757882,200101021,40,0,0,,8:27:10,8:27:10,30430.0,30430.0
22757881,200801011,0,0,0,,7:47:00,7:47:00,28020.0,28020.0
22757881,200801003,1,0,0,,7:48:20,7:48:20,28100.0,28100.0
22757881,200801008,2,0,0,,7:49:10,7:49:10,28150.0,28150.0
22757881,200801005,3,0,0,,7:50:10,7:50:10,28210.0,28210.0
22757881,200801001,4,0,0,,7:51:50,7:51:50,28310.0,28310.0
22757881,200802001,5,0,0,,7:52:50,7:52:50,28370.0,28370.0
22757881,200802004,6,0,0,,7:54:00,7:54:00,28440.0,28440.0
22757881,200802002,7,0,0,,7:54:40,7:54:40,28480.0,28480.0
22757881,200802005,8,0,0,,7:55:20,7:55:20,28520.0,28520.0
22757881,201003002,9,0,0,,7:56:10,7:56:10,28570.0,28570.0
22757881,201004003,10,0,0,,7:58:30,7:58:30,28710.0,28710.0
22757881,201003001,11,0,0,,7:59:00,7:59:00,28740.0,28740.0
22757881,201004002,12,0,0,,8:00:40,8:00:40,28840.0,28840.0
22757881,201001002,13,0,0,,8:02:00,8:02:00,28920.0,28920.0
22757881,201001003,14,0,0,,8:03:50,8:03:50,29030.0,29030.0
22757881,200402007,15,0,0,,8:04:50,8:04:50,29090.0,29090.0
22757881,200402001,16,0,0,,8:05:50,8:05:50,29150.0,29150.0
22757881,200402006,17,0,0,,8:07:10,8:07:10,29230.0,29230.0
22757881,200402002,18,0,0,,8:08:20,8:08:20,29300.0,29300.0
22757881,200402005,19,0,0,,8:09:10,8:09:10,29350.0,29350.0
22757881,200409007,20,0,0,,8:10:00,8:10:00,29400.0,29400.0
22757881,200410004,21,0,0,,8:11:30,8:11:30,29490.0,29490.0
22757881,200410003,22,0,0,,8:13:40,8:13:40,29620.0,29620.0
22757881,200410005,23,0,0,,8:14:50,8:14:50,29690.0,29690.0
22757881,200419013,24,0,0,,8:15:50,8:15:50,29750.0,29750.0
22757881,200405005,25,0,0,,8:18:10,8:18:10,29890.0,29890.0
22757881,200405020,26,0,0,,8:21:00,8:21:00,30060.0,30060.0
22757881,200405045,27,0,0,,8:25:20,8:25:20,30320.0,30320.0
22757881,200403017,28,0,0,,8:26:30,8:26:30,30390.0,30390.0
22757881,200403018,29,0,0,,8:27:30,8:27:30,30450.0,30450.0
22757881,200403021,30,0,0,,8:28:40,8:28:40,30520.0,30520.0
22757881,200901015,31,0,0,,8:31:00,8:31:00,30660.0,30660.0
22757881,200901014,32,0,0,,8:31:40,8:31:40,30700.0,30700.0
22757881,200901003,33,0,0,,8:33:00,8:33:00,30780.0,30780.0
22757881,200901020,34,0,0,,8:33:50,8:33:50,30830.0,30830.0
22757881,200901004,35,0,0,,8:35:20,8:35:20,30920.0,30920.0
22757881,200901017,36,0,0,,8:36:10,8:36:10,30970.0,30970.0
22757881,200901016,37,0,0,,8:37:10,8:37:10,31030.0,31030.0
22757881,200901011,38,0,0,,8:37:50,8:37:50,31070.0,31070.0
22757881,200101002,39,0,0,,8:39:40,8:39:40,31180.0,31180.0
22757881,200101021,40,0,0,,8:42:10,8:42:10,31330.0,31330.0
22757880,200801011,0,0,0,,8:02:00,8:02:00,28920.0,28920.0
22757880,200801003,1,0,0,,8:03:20,8:03:20,29000.0,29000.0
22757880,200801008,2,0,0,,8:04:10,8:04:10,29050.0,29050.0
22757880,200801005,3,0,0,,8:05:10,8:05:10,29110.0,29110.0
22757880,200801001,4,0,0,,8:06:50,8:06:50,29210.0,29210.0
22757880,200802001,5,0,0,,8:07:50,8:07:50,29270.0,29270.0
22757880,200802004,6,0,0,,8:09:00,8:09:00,29340.0,29340.0
22757880,200802002,7,0,0,,8:09:40,8:09:40,29380.0,29380.0
22757880,200802005,8,0,0,,8:10:20,8:10:20,29420.0,29420.0
22757880,201003002,9,0,0,,8:11:10,8:11:10,29470.0,29470.0
22757880,201004003,10,0,0,,8:13:30,8:13:30,29610.0,29610.0
22757880,201003001,11,0,0,,8:14:00,8:14:00,29640.0,29640.0
22757880,201004002,12,0,0,,8:15:40,8:15:40,29740.0,29740.0
22757880,201001002,13,0,0,,8:17:00,8:17:00,29820.0,29820.0
22757880,201001003,14,0,0,,8:18:50,8:18:50,29930.0,29930.0
22757880,200402007,15,0,0,,8:19:50,8:19:50,29990.0,29990.0
22757880,200402001,16,0,0,,8:20:50,8:20:50,30050.0,30050.0
22757880,200402006,17,0,0,,8:22:10,8:22:10,30130.0,30130.0
22757880,200402002,18,0,0,,8:23:20,8:23:20,30200.0,30200.0
22757880,200402005,19,0,0,,8:24:10,8:24:10,30250.0,30250.0
22757880,200409007,20,0,0,,8:25:00,8:25:00,30300.0,30300.0
22757880,200410004,21,0,0,,8:26:30,8:26:30,30390.0,30390.0
22757880,200410003,22,0,0,,8:28:40,8:28:40,30520.0,30520.0
22757880,200410005,23,0,0,,8:29:50,8:29:50,30590.0,30590.0
22757880,200419013,24,0,0,,8:30:50,8:30:50,30650.0,30650.0
22757880,200405005,25,0,0,,8:33:10,8:33:10,30790.0,30790.0
22757880,200405020,26,0,0,,8:36:00,8:36:00,30960.0,30960.0
22757880,200405045,27,0,0,,8:40:20,8:40:20,31220.0,31220.0
22757880,200403017,28,0,0,,8:41:30,8:41:30,31290.0,31290.0
22757880,200403018,29,0,0,,8:42:30,8:42:30,31350.0,31350.0
22757880,200403021,30,0,0,,8:43:40,8:43:40,31420.0,31420.0
22757880,200901015,31,0,0,,8:46:00,8:46:00,31560.0,31560.0
22757880,200901014,32,0,0,,8:46:40,8:46:40,31600.0,31600.0
22757880,200901003,33,0,0,,8:48:00,8:48:00,31680.0,31680.0
22757880,200901020,34,0,0,,8:48:50,8:48:50,31730.0,31730.0
22757880,200901004,35,0,0,,8:50:20,8:50:20,31820.0,31820.0
22757880,200901017,36,0,0,,8:51:10,8:51:10,31870.0,31870.0
22757880,200901016,37,0,0,,8:52:10,8:52:10,31930.0,31930.0
22757880,200901011,38,0,0,,8:52:50,8:52:50,31970.0,31970.0
22757880,200101002,39,0,0,,8:54:40,8:54:40,32080.0,32080.0
22757880,200101021,40,0,0,,8:57:10,8:57:10,32230.0,32230.0
22757879,200801011,0,0,0,,8:17:00,8:17:00,29820.0,29820.0
22757879,200801003,1,0,0,,8:18:20,8:18:20,29900.0,29900.0
22757879,200801008,2,0,0,,8:19:10,8:19:10,29950.0,29950.0
22757879,200801005,3,0,0,,8:20:10,8:20:10,30010.0,30010.0
22757879,200801001,4,0,0,,8:21:50,8:21:50,30110.0,30110.0
22757879,200802001,5,0,0,,8:22:50,8:22:50,30170.0,30170.0
22757879,200802004,6,0,0,,8:24:00,8:24:00,30240.0,30240.0
22757879,200802002,7,0,0,,8:24:40,8:24:40,30280.0,30280.0
22757879,200802005,8,0,0,,8:25:20,8:25:20,30320.0,30320.0
22757879,201003002,9,0,0,,8:26:10,8:26:10,30370.0,30370.0
22757879,201004003,10,0,0,,8:28:30,8:28:30,30510.0,30510.0
22757879,201003001,11,0,0,,8:29:00,8:29:00,30540.0,30540.0
22757879,201004002,12,0,0,,8:30:40,8:30:40,30640.0,30640.0
22757879,201001002,13,0,0,,8:32:00,8:32:00,30720.0,30720.0
22757879,201001003,14,0,0,,8:33:50,8:33:50,30830.0,30830.0
22757879,200402007,15,0,0,,8:34:50,8:34:50,30890.0,30890.0
22757879,200402001,16,0,0,,8:35:50,8:35:50,30950.0,30950.0
22757879,200402006,17,0,0,,8:37:10,8:37:10,31030.0,31030.0
22757879,200402002,18,0,0,,8:38:20,8:38:20,31100.0,31100.0
22757879,200402005,19,0,0,,8:39:10,8:39:10,31150.0,31150.0
22757879,200409007,20,0,0,,8:40:00,8:40:00,31200.0,31200.0
22757879,200410004,21,0,0,,8:41:30,8:41:30,31290.0,31290.0
22757879,200410003,22,0,0,,8:43:40,8:43:40,31420.0,31420.0
22757879,200410005,23,0,0,,8:44:50,8:44:50,31490.0,31490.0
22757879,200419013,24,0,0,,8:45:50,8:45:50,31550.0,31550.0
22757879,200405005,25,0,0,,8:48:10,8:48:10,31690.0,31690.0
22757879,200405020,26,0,0,,8:51:00,8:51:00,31860.0,31860.0
22757879,200405045,27,0,0,,8:55:20,8:55:20,32120.0,32120.0
22757879,200403017,28,0,0,,8:56:30,8:56:30,32190.0,32190.0
22757879,200403018,29,0,0,,8:57:30,8:57:30,32250.0,32250.0
22757879,200403021,30,0,0,,8:58:40,8:58:40,32320.0,32320.0
22757878,200801011,0,0,0,,8:33:00,8:33:00,30780.0,30780.0
22757878,200801003,1,0,0,,8:34:20,8:34:20,30860.0,30860.0
22757878,200801008,2,0,0,,8:35:10,8:35:10,30910.0,30910.0
22757878,200801005,3,0,0,,8:36:10,8:36:10,30970.0,30970.0
22757878,200801001,4,0,0,,8:37:50,8:37:50,31070.0,31070.0
22757878,200802001,5,0,0,,8:38:50,8:38:50,31130.0,31130.0
22757878,200802004,6,0,0,,8:40:00,8:40:00,31200.0,31200.0
22757878,200802002,7,0,0,,8:40:40,8:40:40,31240.0,31240.0
22757878,200802005,8,0,0,,8:41:20,8:41:20,31280.0,31280.0
22757878,201003002,9,0,0,,8:42:10,8:42:10,31330.0,31330.0
22757878,201004003,10,0,0,,8:44:30,8:44:30,31470.0,31470.0
22757878,201003001,11,0,0,,8:45:00,8:45:00,31500.0,31500.0
22757878,201004002,12,0,0,,8:46:40,8:46:40,31600.0,31600.0
22757878,201001002,13,0,0,,8:48:00,8:48:00,31680.0,31680.0
22757878,201001003,14,0,0,,8:49:50,8:49:50,31790.0,31790.0
22757878,200402007,15,0,0,,8:50:50,8:50:50,31850.0,31850.0
22757878,200402001,16,0,0,,8:51:50,8:51:50,31910.0,31910.0
22757878,200402006,17,0,0,,8:53:10,8:53:10,31990.0,31990.0
22757878,200402002,18,0,0,,8:54:20,8:54:20,32060.0,32060.0
22757878,200402005,19,0,0,,8:55:10,8:55:10,32110.0,32110.0
22757878,200409007,20,0,0,,8:56:00,8:56:00,32160.0,32160.0
22757878,200410004,21,0,0,,8:57:30,8:57:30,32250.0,32250.0
22757878,200410003,22,0,0,,8:59:40,8:59:40,32380.0,32380.0
22757877,200801011,0,0,0,,8:53:00,8:53:00,31980.0,31980.0
22757877,200801003,1,0,0,,8:54:20,8:54:20,32060.0,32060.0
22757877,200801008,2,0,0,,8:55:10,8:55:10,32110.0,32110.0
22757877,200801005,3,0,0,,8:56:10,8:56:10,32170.0,32170.0
22757877,200801001,4,0,0,,8:57:50,8:57:50,32270.0,32270.0
22757877,200802001,5,0,0,,8:58:50,8:58:50,32330.0,32330.0
22757877,200802004,6,0,0,,9:00:00,9:00:00,32400.0,32400.0
22757845,200419013,24,0,0,,7:00:50,7:00:50,25250.0,25250.0
22757845,200405005,25,0,0,,7:03:10,7:03:10,25390.0,25390.0
22757845,200405020,26,0,0,,7:06:00,7:06:00,25560.0,25560.0
22757845,200405045,27,0,0,,7:10:20,7:10:20,25820.0,25820.0
22757845,200403017,28,0,0,,7:11:30,7:11:30,25890.0,25890.0
22757845,200403018,29,0,0,,7:12:30,7:12:30,25950.0,25950.0
22757845,200403021,30,0,0,,7:13:40,7:13:40,26020.0,26020.0
22757845,200901015,31,0,0,,7:16:00,7:16:00,26160.0,26160.0
22757845,200901014,32,0,0,,7:16:40,7:16:40,26200.0,26200.0
22757845,200901003,33,0,0,,7:18:00,7:18:00,26280.0,26280.0
22757845,200901020,34,0,0,,7:18:50,7:18:50,26330.0,26330.0
22757845,200901004,35,0,0,,7:20:20,7:20:20,26420.0,26420.0
22757845,200901017,36,0,0,,7:21:10,7:21:10,26470.0,26470.0
22757845,200901016,37,0,0,,7:22:10,7:22:10,26530.0,26530.0
22757845,200901011,38,0,0,,7:22:50,7:22:50,26570.0,26570.0
22757845,200101002,39,0,0,,7:24:40,7:24:40,26680.0,26680.0
22757845,200101009,40,0,0,,7:27:50,7:27:50,26870.0,26870.0
22757845,200101021,41,0,0,,7:29:10,7:29:10,26950.0,26950.0
22757844,201004002,12,0,0,,7:00:40,7:00:40,25240.0,25240.0
22757844,201001002,13,0,0,,7:02:00,7:02:00,25320.0,25320.0
22757844,201001003,14,0,0,,7:03:50,7:03:50,25430.0,25430.0
22757844,200402007,15,0,0,,7:04:50,7:04:50,25490.0,25490.0
22757844,200402001,16,0,0,,7:05:50,7:05:50,25550.0,25550.0
22757844,200402006,17,0,0,,7:07:10,7:07:10,25630.0,25630.0
22757844,200402002,18,0,0,,7:08:20,7:08:20,25700.0,25700.0
22757844,200402005,19,0,0,,7:09:10,7:09:10,25750.0,25750.0
22757844,200409007,20,0,0,,7:10:00,7:10:00,25800.0,25800.0
22757844,200410004,21,0,0,,7:11:30,7:11:30,25890.0,25890.0
22757844,200410003,22,0,0,,7:13:40,7:13:40,26020.0,26020.0
22757844,200410005,23,0,0,,7:14:50,7:14:50,26090.0,26090.0
22757844,200419013,24,0,0,,7:15:50,7:15:50,26150.0,26150.0
22757844,200405005,25,0,0,,7:18:10,7:18:10,26290.0,26290.0
22757844,200405020,26,0,0,,7:21:00,7:21:00,26460.0,26460.0
22757844,200405045,27,0,0,,7:25:20,7:25:20,26720.0,26720.0
22757844,200403017,28,0,0,,7:26:30,7:26:30,26790.0,26790.0
22757844,200403018,29,0,0,,7:27:30,7:27:30,26850.0,26850.0
22757844,200403021,30,0,0,,7:28:40,7:28:40,26920.0,26920.0
22757844,200901015,31,0,0,,7:31:00,7:31:00,27060.0,27060.0
22757844,200901014,32,0,0,,7:31:40,7:31:40,27100.0,27100.0
22757844,200901003,33,0,0,,7:33:00,7:33:00,27180.0,27180.0
22757844,200901020,34,0,0,,7:33:50,7:33:50,27230.0,27230.0
22757844,200901004,35,0,0,,7:35:20,7:35:20,27320.0,27320.0
22757844,200901017,36,0,0,,7:36:10,7:36:10,27370.0,27370.0
22757844,200901016,37,0,0,,7:37:10,7:37:10,27430.0,27430.0
22757844,200901011,38,0,0,,7:37:50,7:37:50,27470.0,27470.0
22757844,200101002,39,0,0,,7:39:40,7:39:40,27580.0,27580.0
22757844,200101009,40,0,0,,7:42:50,7:42:50,27770.0,27770.0
22757844,200101021,41,0,0,,7:44:10,7:44:10,27850.0,27850.0
22757843,200801011,0,0,0,,7:02:00,7:02:00,25320.0,25320.0
22757843,200801003,1,0,0,,7:03:20,7:03:20,25400.0,25400.0
22757843,200801008,2,0,0,,7:04:10,7:04:10,25450.0,25450.0
22757843,200801005,3,0,0,,7:05:10,7:05:10,25510.0,25510.0
22757843,200801001,4,0,0,,7:06:50,7:06:50,25610.0,25610.0
22757843,200802001,5,0,0,,7:07:50,7:07:50,25670.0,25670.0
22757843,200802004,6,0,0,,7:09:00,7:09:00,25740.0,25740.0
22757843,200802002,7,0,0,,7:09:40,7:09:40,25780.0,25780.0
22757843,200802005,8,0,0,,7:10:20,7:10:20,25820.0,25820.0
22757843,201003002,9,0,0,,7:11:10,7:11:10,25870.0,25870.0
22757843,201004003,10,0,0,,7:13:30,7:13:30,26010.0,26010.0
22757843,201003001,11,0,0,,7:14:00,7:14:00,26040.0,26040.0
22757843,201004002,12,0,0,,7:15:40,7:15:40,26140.0,26140.0
22757843,201001002,13,0,0,,7:17:00,7:17:00,26220.0,26220.0
22757843,201001003,14,0,0,,7:18:50,7:18:50,26330.0,26330.0
22757843,200402007,15,0,0,,7:19:50,7:19:50,26390.0,26390.0
22757843,200402001,16,0,0,,7:20:50,7:20:50,26450.0,26450.0
22757843,200402006,17,0,0,,7:22:10,7:22:10,26530.0,26530.0
22757843,200402002,18,0,0,,7:23:20,7:23:20,26600.0,26600.0
22757843,200402005,19,0,0,,7:24:10,7:24:10,26650.0,26650.0
22757843,200409007,20,0,0,,7:25:00,7:25:00,26700.0,26700.0
22757843,200410004,21,0,0,,7:26:30,7:26:30,26790.0,26790.0
22757843,200410003,22,0,0,,7:28:40,7:28:40,26920.0,26920.0
22757843,200410005,23,0,0,,7:29:50,7:29:50,26990.0,26990.0
22757843,200419013,24,0,0,,7:30:50,7:30:50,27050.0,27050.0
22757843,200405005,25,0,0,,7:33:10,7:33:10,27190.0,27190.0
22757843,200405020,26,0,0,,7:36:00,7:36:00,27360.0,27360.0
22757843,200405045,27,0,0,,7:40:20,7:40:20,27620.0,27620.0
22757843,200403017,28,0,0,,7:41:30,7:41:30,27690.0,27690.0
22757843,200403018,29,0,0,,7:42:30,7:42:30,27750.0,27750.0
22757843,200403021,30,0,0,,7:43:40,7:43:40,27820.0,27820.0
22757843,200901015,31,0,0,,7:46:00,7:46:00,27960.0,27960.0
22757843,200901014,32,0,0,,7:46:40,7:46:40,28000.0,28000.0
22757843,200901003,33,0,0,,7:48:00,7:48:00,28080.0,28080.0
22757843,200901020,34,0,0,,7:48:50,7:48:50,28130.0,28130.0
22757843,200901004,35,0,0,,7:50:20,7:50:20,28220.0,28220.0
22757843,200901017,36,0,0,,7:51:10,7:51:10,28270.0,28270.0
22757843,200901016,37,0,0,,7:52:10,7:52:10,28330.0,28330.0
22757843,200901011,38,0,0,,7:52:50,7:52:50,28370.0,28370.0
22757843,200101002,39,0,0,,7:54:40,7:54:40,28480.0,28480.0
22757843,200101009,40,0,0,,7:57:50,7:57:50,28670.0,28670.0
22757843,200101021,41,0,0,,7:59:10,7:59:10,28750.0,28750.0
22754973,200410004,22,0,0,,7:01:20,7:01:20,25280.0,25280.0
22754973,200409007,23,0,0,,7:02:40,7:02:40,25360.0,25360.0
22754973,200402005,24,0,0,,7:03:20,7:03:20,25400.0,25400.0
22754973,200402002,25,0,0,,7:04:20,7:04:20,25460.0,25460.0
22754973,200402006,26,0,0,,7:05:10,7:05:10,25510.0,25510.0
22754973,200402001,27,0,0,,7:06:00,7:06:00,25560.0,25560.0
22754973,201001004,28,0,0,,7:08:00,7:08:00,25680.0,25680.0
22754973,201001003,29,0,0,,7:08:50,7:08:50,25730.0,25730.0
22754973,201001002,30,0,0,,7:10:30,7:10:30,25830.0,25830.0
22754973,201001001,31,0,0,,7:12:00,7:12:00,25920.0,25920.0
22754973,200801004,32,0,0,,7:14:00,7:14:00,26040.0,26040.0
22754973,200801003,33,0,0,,7:14:40,7:14:40,26080.0,26080.0
22754973,200801008,34,0,0,,7:15:30,7:15:30,26130.0,26130.0
22754973,200801002,35,0,0,,7:16:20,7:16:20,26180.0,26180.0
22754972,200415003,13,0,0,,7:01:20,7:01:20,25280.0,25280.0
22754972,200405036,14,0,0,,7:04:40,7:04:40,25480.0,25480.0
22754972,200405001,15,0,0,,7:07:00,7:07:00,25620.0,25620.0
22754972,200405013,16,0,0,,7:09:30,7:09:30,25770.0,25770.0
22754972,200405020,17,0,0,,7:12:30,7:12:30,25950.0,25950.0
22754972,200405005,18,0,0,,7:15:30,7:15:30,26130.0,26130.0
22754972,200419013,19,0,0,,7:17:30,7:17:30,26250.0,26250.0
22754972,200410005,20,0,0,,7:18:10,7:18:10,26290.0,26290.0
22754972,200410003,21,0,0,,7:19:40,7:19:40,26380.0,26380.0
22754972,200410004,22,0,0,,7:21:20,7:21:20,26480.0,26480.0
22754972,200409007,23,0,0,,7:22:40,7:22:40,26560.0,26560.0
22754972,200402005,24,0,0,,7:23:20,7:23:20,26600.0,26600.0
22754972,200402002,25,0,0,,7:24:20,7:24:20,26660.0,26660.0
22754972,200402006,26,0,0,,7:25:10,7:25:10,26710.0,26710.0
22754972,200402001,27,0,0,,7:26:00,7:26:00,26760.0,26760.0
22754972,201001004,28,0,0,,7:28:00,7:28:00,26880.0,26880.0
22754972,201001003,29,0,0,,7:28:50,7:28:50,26930.0,26930.0
22754972,201001002,30,0,0,,7:30:30,7:30:30,27030.0,27030.0
22754972,201001001,31,0,0,,7:32:00,7:32:00,27120.0,27120.0
22754972,200801004,32,0,0,,7:34:00,7:34:00,27240.0,27240.0
22754972,200801003,33,0,0,,7:34:40,7:34:40,27280.0,27280.0
22754972,200801008,34,0,0,,7:35:30,7:35:30,27330.0,27330.0
22754972,200801002,35,0,0,,7:36:20,7:36:20,27380.0,27380.0
22754971,200901002,5,0,0,,7:00:20,7:00:20,25220.0,25220.0
22754971,200420010,6,0,0,,7:05:40,7:05:40,25540.0,25540.0
22754971,200420013,7,0,0,,7:06:20,7:06:20,25580.0,25580.0
22754971,200420015,8,0,0,,7:07:30,7:07:30,25650.0,25650.0
22754971,200420009,9,0,0,,7:09:00,7:09:00,25740.0,25740.0
22754971,200415009,10,0,0,,7:11:30,7:11:30,25890.0,25890.0
22754971,200415017,11,0,0,,7:12:30,7:12:30,25950.0,25950.0
22754971,200415006,12,0,0,,7:14:40,7:14:40,26080.0,26080.0
22754971,200415003,13,0,0,,7:16:20,7:16:20,26180.0,26180.0
22754971,200405036,14,0,0,,7:19:40,7:19:40,26380.0,26380.0
22754971,200405001,15,0,0,,7:22:00,7:22:00,26520.0,26520.0
22754971,200405013,16,0,0,,7:24:30,7:24:30,26670.0,26670.0
22754971,200405020,17,0,0,,7:27:30,7:27:30,26850.0,26850.0
22754971,200405005,18,0,0,,7:30:30,7:30:30,27030.0,27030.0
22754971,200419013,19,0,0,,7:32:30,7:32:30,27150.0,27150.0
22754971,200410005,20,0,0,,7:33:10,7:33:10,27190.0,27190.0
22754971,200410003,21,0,0,,7:34:40,7:34:40,27280.0,27280.0
22754971,200410004,22,0,0,,7:36:20,7:36:20,27380.0,27380.0
22754971,200409007,23,0,0,,7:37:40,7:37:40,27460.0,27460.0
22754971,200402005,24,0,0,,7:38:20,7:38:20,27500.0,27500.0
22754971,200402002,25,0,0,,7:39:20,7:39:20,27560.0,27560.0
22754971,200402006,26,0,0,,7:40:10,7:40:10,27610.0,27610.0
22754971,200402001,27,0,0,,7:41:00,7:41:00,27660.0,27660.0
22754971,201001004,28,0,0,,7:43:00,7:43:00,27780.0,27780.0
22754971,201001003,29,0,0,,7:43:50,7:43:50,27830.0,27830.0
22754971,201001002,30,0,0,,7:45:30,7:45:30,27930.0,27930.0
22754971,201001001,31,0,0,,7:47:00,7:47:00,28020.0,28020.0
22754971,200801004,32,0,0,,7:49:00,7:49:00,28140.0,28140.0
22754971,200801003,33,0,0,,7:49:40,7:49:40,28180.0,28180.0
22754971,200801008,34,0,0,,7:50:30,7:50:30,28230.0,28230.0
22754971,200801002,35,0,0,,7:51:20,7:51:20,28280.0,28280.0
22754970,200101002,0,0,0,,7:07:00,7:07:00,25620.0,25620.0
22754970,200101007,1,0,0,,7:09:30,7:09:30,25770.0,25770.0
22754970,200102005,2,0,0,,7:10:50,7:10:50,25850.0,25850.0
22754970,200901033,3,0,0,,7:12:20,7:12:20,25940.0,25940.0
22754970,200901007,4,0,0,,7:14:10,7:14:10,26050.0,26050.0
22754970,200901002,5,0,0,,7:15:20,7:15:20,26120.0,26120.0
22754970,200420010,6,0,0,,7:20:40,7:20:40,26440.0,26440.0
22754970,200420013,7,0,0,,7:21:20,7:21:20,26480.0,26480.0
22754970,200420015,8,0,0,,7:22:30,7:22:30,26550.0,26550.0
22754970,200420009,9,0,0,,7:24:00,7:24:00,26640.0,26640.0
22754970,200415009,10,0,0,,7:26:30,7:26:30,26790.0,26790.0
22754970,200415017,11,0,0,,7:27:30,7:27:30,26850.0,26850.0
22754970,200415006,12,0,0,,7:29:40,7:29:40,26980.0,26980.0
22754970,200415003,13,0,0,,7:31:20,7:31:20,27080.0,27080.0
22754970,200405036,14,0,0,,7:34:40,7:34:40,27280.0,27280.0
22754970,200405001,15,0,0,,7:37:00,7:37:00,27420.0,27420.0
22754970,200405013,16,0,0,,7:39:30,7:39:30,27570.0,27570.0
22754970,200405020,17,0,0,,7:42:30,7:42:30,27750.0,27750.0
22754970,200405005,18,0,0,,7:45:30,7:45:30,27930.0,27930.0
22754970,200419013,19,0,0,,7:47:30,7:47:30,28050.0,28050.0
22754970,200410005,20,0,0,,7:48:10,7:48:10,28090.0,28090.0
22754970,200410003,21,0,0,,7:49:40,7:49:40,28180.0,28180.0
22754970,200410004,22,0,0,,7:51:20,7:51:20,28280.0,28280.0
22754970,200409007,23,0,0,,7:52:40,7:52:40,28360.0,28360.0
22754970,200402005,24,0,0,,7:53:20,7:53:20,28400.0,28400.0
22754970,200402002,25,0,0,,7:54:20,7:54:20,28460.0,28460.0
22754970,200402006,26,0,0,,7:55:10,7:55:10,28510.0,28510.0
22754970,200402001,27,0,0,,7:56:00,7:56:00,28560.0,28560.0
22754970,201001004,28,0,0,,7:58:00,7:58:00,28680.0,28680.0
22754970,201001003,29,0,0,,7:58:50,7:58:50,28730.0,28730.0
22754970,201001002,30,0,0,,8:00:30,8:00:30,28830.0,28830.0
22754970,201001001,31,0,0,,8:02:00,8:02:00,28920.0,28920.0
22754970,200801004,32,0,0,,8:04:00,8:04:00,29040.0,29040.0
22754970,200801003,33,0,0,,8:04:40,8:04:40,29080.0,29080.0
22754970,200801008,34,0,0,,8:05:30,8:05:30,29130.0,29130.0
22754970,200801002,35,0,0,,8:06:20,8:06:20,29180.0,29180.0
22754969,200101002,0,0,0,,7:22:00,7:22:00,26520.0,26520.0
22754969,200101007,1,0,0,,7:24:30,7:24:30,26670.0,26670.0
22754969,200102005,2,0,0,,7:25:50,7:25:50,26750.0,26750.0
22754969,200901033,3,0,0,,7:27:20,7:27:20,26840.0,26840.0
22754969,200901007,4,0,0,,7:29:10,7:29:10,26950.0,26950.0
22754969,200901002,5,0,0,,7:30:20,7:30:20,27020.0,27020.0
22754969,200420010,6,0,0,,7:35:40,7:35:40,27340.0,27340.0
22754969,200420013,7,0,0,,7:36:20,7:36:20,27380.0,27380.0
22754969,200420015,8,0,0,,7:37:30,7:37:30,27450.0,27450.0
22754969,200420009,9,0,0,,7:39:00,7:39:00,27540.0,27540.0
22754969,200415009,10,0,0,,7:41:30,7:41:30,27690.0,27690.0
22754969,200415017,11,0,0,,7:42:30,7:42:30,27750.0,27750.0
22754969,200415006,12,0,0,,7:44:40,7:44:40,27880.0,27880.0
22754969,200415003,13,0,0,,7:46:20,7:46:20,27980.0,27980.0
22754969,200405036,14,0,0,,7:49:40,7:49:40,28180.0,28180.0
22754969,200405001,15,0,0,,7:52:00,7:52:00,28320.0,28320.0
22754969,200405013,16,0,0,,7:54:30,7:54:30,28470.0,28470.0
22754969,200405020,17,0,0,,7:57:30,7:57:30,28650.0,28650.0
22754969,200405005,18,0,0,,8:00:30,8:00:30,28830.0,28830.0
22754969,200419013,19,0,0,,8:02:30,8:02:30,28950.0,28950.0
22754969,200410005,20,0,0,,8:03:10,8:03:10,28990.0,28990.0
22754969,200410003,21,0,0,,8:04:40,8:04:40,29080.0,29080.0
22754969,200410004,22,0,0,,8:06:20,8:06:20,29180.0,29180.0
22754969,200409007,23,0,0,,8:07:40,8:07:40,29260.0,29260.0
22754969,200402005,24,0,0,,8:08:20,8:08:20,29300.0,29300.0
22754969,200402002,25,0,0,,8:09:20,8:09:20,29360.0,29360.0
22754969,200402006,26,0,0,,8:10:10,8:10:10,29410.0,29410.0
22754969,200402001,27,0,0,,8:11:00,8:11:00,29460.0,29460.0
22754969,201001004,28,0,0,,8:13:00,8:13:00,29580.0,29580.0
22754969,201001003,29,0,0,,8:13:50,8:13:50,29630.0,29630.0
22754969,201001002,30,0,0,,8:15:30,8:15:30,29730.0,29730.0
22754969,201001001,31,0,0,,8:17:00,8:17:00,29820.0,29820.0
22754969,200801004,32,0,0,,8:19:00,8:19:00,29940.0,29940.0
22754969,200801003,33,0,0,,8:19:40,8:19:40,29980.0,29980.0
22754969,200801008,34,0,0,,8:20:30,8:20:30,30030.0,30030.0
22754969,200801002,35,0,0,,8:21:20,8:21:20,30080.0,30080.0
22754968,200101002,0,0,0,,7:37:00,7:37:00,27420.0,27420.0
22754968,200101007,1,0,0,,7:39:30,7:39:30,27570.0,27570.0
22754968,200102005,2,0,0,,7:40:50,7:40:50,27650.0,27650.0
22754968,200901033,3,0,0,,7:42:20,7:42:20,27740.0,27740.0
22754968,200901007,4,0,0,,7:44:10,7:44:10,27850.0,27850.0
22754968,200901002,5,0,0,,7:45:20,7:45:20,27920.0,27920.0
22754968,200420010,6,0,0,,7:50:40,7:50:40,28240.0,28240.0
22754968,200420013,7,0,0,,7:51:20,7:51:20,28280.0,28280.0
22754968,200420015,8,0,0,,7:52:30,7:52:30,28350.0,28350.0
22754968,200420009,9,0,0,,7:54:00,7:54:00,28440.0,28440.0
22754968,200415009,10,0,0,,7:56:30,7:56:30,28590.0,28590.0
22754968,200415017,11,0,0,,7:57:30,7:57:30,28650.0,28650.0
22754968,200415006,12,0,0,,7:59:40,7:59:40,28780.0,28780.0
22754968,200415003,13,0,0,,8:01:20,8:01:20,28880.0,28880.0
22754968,200405036,14,0,0,,8:04:40,8:04:40,29080.0,29080.0
22754968,200405001,15,0,0,,8:07:00,8:07:00,29220.0,29220.0
22754968,200405013,16,0,0,,8:09:30,8:09:30,29370.0,29370.0
22754968,200405020,17,0,0,,8:12:30,8:12:30,29550.0,29550.0
22754968,200405005,18,0,0,,8:15:30,8:15:30,29730.0,29730.0
22754968,200419013,19,0,0,,8:17:30,8:17:30,29850.0,29850.0
22754968,200410005,20,0,0,,8:18:10,8:18:10,29890.0,29890.0
22754968,200410003,21,0,0,,8:19:40,8:19:40,29980.0,29980.0
22754968,200410004,22,0,0,,8:21:20,8:21:20,30080.0,30080.0
22754968,200409007,23,0,0,,8:22:40,8:22:40,30160.0,30160.0
22754968,200402005,24,0,0,,8:23:20,8:23:20,30200.0,30200.0
22754968,200402002,25,0,0,,8:24:20,8:24:20,30260.0,30260.0
22754968,200402006,26,0,0,,8:25:10,8:25:10,30310.0,30310.0
22754968,200402001,27,0,0,,8:26:00,8:26:00,30360.0,30360.0
22754968,201001004,28,0,0,,8:28:00,8:28:00,30480.0,30480.0
22754968,201001003,29,0,0,,8:28:50,8:28:50,30530.0,30530.0
22754968,201001002,30,0,0,,8:30:30,8:30:30,30630.0,30630.0
22754968,201001001,31,0,0,,8:32:00,8:32:00,30720.0,30720.0
22754968,200801004,32,0,0,,8:34:00,8:34:00,30840.0,30840.0
22754968,200801003,33,0,0,,8:34:40,8:34:40,30880.0,30880.0
22754968,200801008,34,0,0,,8:35:30,8:35:30,30930.0,30930.0
22754968,200801002,35,0,0,,8:36:20,8:36:20,30980.0,30980.0
22754967,200101002,0,0,0,,7:52:00,7:52:00,28320.0,28320.0
22754967,200101007,1,0,0,,7:54:30,7:54:30,28470.0,28470.0
22754967,200102005,2,0,0,,7:55:50,7:55:50,28550.0,28550.0
22754967,200901033,3,0,0,,7:57:20,7:57:20,28640.0,28640.0
22754967,200901007,4,0,0,,7:59:10,7:59:10,28750.0,28750.0
22754967,200901002,5,0,0,,8:00:20,8:00:20,28820.0,28820.0
22754967,200420010,6,0,0,,8:05:40,8:05:40,29140.0,29140.0
22754967,200420013,7,0,0,,8:06:20,8:06:20,29180.0,29180.0
22754967,200420015,8,0,0,,8:07:30,8:07:30,29250.0,29250.0
22754967,200420009,9,0,0,,8:09:00,8:09:00,29340.0,29340.0
22754967,200415009,10,0,0,,8:11:30,8:11:30,29490.0,29490.0
22754967,200415017,11,0,0,,8:12:30,8:12:30,29550.0,29550.0
22754967,200415006,12,0,0,,8:14:40,8:14:40,29680.0,29680.0
22754967,200415003,13,0,0,,8:16:20,8:16:20,29780.0,29780.0
22754967,200405036,14,0,0,,8:19:40,8:19:40,29980.0,29980.0
22754967,200405001,15,0,0,,8:22:00,8:22:00,30120.0,30120.0
22754967,200405013,16,0,0,,8:24:30,8:24:30,30270.0,30270.0
22754967,200405020,17,0,0,,8:27:30,8:27:30,30450.0,30450.0
22754967,200405005,18,0,0,,8:30:30,8:30:30,30630.0,30630.0
22754967,200419013,19,0,0,,8:32:30,8:32:30,30750.0,30750.0
22754967,200410005,20,0,0,,8:33:10,8:33:10,30790.0,30790.0
22754967,200410003,21,0,0,,8:34:40,8:34:40,30880.0,30880.0
22754967,200410004,22,0,0,,8:36:20,8:36:20,30980.0,30980.0
22754967,200409007,23,0,0,,8:37:40,8:37:40,31060.0,31060.0
22754967,200402005,24,0,0,,8:38:20,8:38:20,31100.0,31100.0
22754967,200402002,25,0,0,,8:39:20,8:39:20,31160.0,31160.0
22754967,200402006,26,0,0,,8:40:10,8:40:10,31210.0,31210.0
22754967,200402001,27,0,0,,8:41:00,8:41:00,31260.0,31260.0
22754967,201001004,28,0,0,,8:43:00,8:43:00,31380.0,31380.0
22754967,201001003,29,0,0,,8:43:50,8:43:50,31430.0,31430.0
22754967,201001002,30,0,0,,8:45:30,8:45:30,31530.0,31530.0
22754967,201001001,31,0,0,,8:47:00,8:47:00,31620.0,31620.0
22754967,200801004,32,0,0,,8:49:00,8:49:00,31740.0,31740.0
22754967,200801003,33,0,0,,8:49:40,8:49:40,31780.0,31780.0
22754967,200801008,34,0,0,,8:50:30,8:50:30,31830.0,31830.0
22754967,200801002,35,0,0,,8:51:20,8:51:20,31880.0,31880.0
22754966,200101002,0,0,0,,8:07:00,8:07:00,29220.0,29220.0
22754966,200101007,1,0,0,,8:09:30,8:09:30,29370.0,29370.0
22754966,200102005,2,0,0,,8:10:50,8:10:50,29450.0,29450.0
22754966,200901033,3,0,0,,8:12:20,8:12:20,29540.0,29540.0
22754966,200901007,4,0,0,,8:14:10,8:14:10,29650.0,29650.0
22754966,200901002,5,0,0,,8:15:20,8:15:20,29720.0,29720.0
22754966,200420010,6,0,0,,8:20:40,8:20:40,30040.0,30040.0
22754966,200420013,7,0,0,,8:21:20,8:21:20,30080.0,30080.0
22754966,200420015,8,0,0,,8:22:30,8:22:30,30150.0,30150.0
22754966,200420009,9,0,0,,8:24:00,8:24:00,30240.0,30240.0
22754966,200415009,10,0,0,,8:26:30,8:26:30,30390.0,30390.0
22754966,200415017,11,0,0,,8:27:30,8:27:30,30450.0,30450.0
22754966,200415006,12,0,0,,8:29:40,8:29:40,30580.0,30580.0
22754966,200415003,13,0,0,,8:31:20,8:31:20,30680.0,30680.0
22754966,200405036,14,0,0,,8:34:40,8:34:40,30880.0,30880.0
22754966,200405001,15,0,0,,8:37:00,8:37:00,31020.0,31020.0
22754966,200405013,16,0,0,,8:39:30,8:39:30,31170.0,31170.0
22754966,200405020,17,0,0,,8:42:30,8:42:30,31350.0,31350.0
22754966,200405005,18,0,0,,8:45:30,8:45:30,31530.0,31530.0
22754966,200419013,19,0,0,,8:47:30,8:47:30,31650.0,31650.0
22754966,200410005,20,0,0,,8:48:10,8:48:10,31690.0,31690.0
22754966,200410003,21,0,0,,8:49:40,8:49:40,31780.0,31780.0
22754966,200410004,22,0,0,,8:51:20,8:51:20,31880.0,31880.0
22754966,200409007,23,0,0,,8:52:40,8:52:40,31960.0,31960.0
22754966,200402005,24,0,0,,8:53:20,8:53:20,32000.0,32000.0
22754966,200402002,25,0,0,,8:54:20,8:54:20,32060.0,32060.0
22754966,200402006,26,0,0,,8:55:10,8:55:10,32110.0,32110.0
22754966,200402001,27,0,0,,8:56:00,8:56:00,32160.0,32160.0
22754966,201001004,28,0,0,,8:58:00,8:58:00,32280.0,32280.0
22754966,201001003,29,0,0,,8:58:50,8:58:50,32330.0,32330.0
22754965,200101002,0,0,0,,8:22:00,8:22:00,30120.0,30120.0
22754965,200101007,1,0,0,,8:24:30,8:24:30,30270.0,30270.0
22754965,200102005,2,0,0,,8:25:50,8:25:50,30350.0,30350.0
22754965,200901033,3,0,0,,8:27:20,8:27:20,30440.0,30440.0
22754965,200901007,4,0,0,,8:29:10,8:29:10,30550.0,30550.0
22754965,200901002,5,0,0,,8:30:20,8:30:20,30620.0,30620.0
22754965,200420010,6,0,0,,8:35:40,8:35:40,30940.0,30940.0
22754965,200420013,7,0,0,,8:36:20,8:36:20,30980.0,30980.0
22754965,200420015,8,0,0,,8:37:30,8:37:30,31050.0,31050.0
22754965,200420009,9,0,0,,8:39:00,8:39:00,31140.0,31140.0
22754965,200415009,10,0,0,,8:41:30,8:41:30,31290.0,31290.0
22754965,200415017,11,0,0,,8:42:30,8:42:30,31350.0,31350.0
22754965,200415006,12,0,0,,8:44:40,8:44:40,31480.0,31480.0
22754965,200415003,13,0,0,,8:46:20,8:46:20,31580.0,31580.0
22754965,200405036,14,0,0,,8:49:40,8:49:40,31780.0,31780.0
22754965,200405001,15,0,0,,8:52:00,8:52:00,31920.0,31920.0
22754965,200405013,16,0,0,,8:54:30,8:54:30,32070.0,32070.0
22754965,200405020,17,0,0,,8:57:30,8:57:30,32250.0,32250.0
22754964,200101002,0,0,0,,8:37:00,8:37:00,31020.0,31020.0
22754964,200101007,1,0,0,,8:39:30,8:39:30,31170.0,31170.0
22754964,200102005,2,0,0,,8:40:50,8:40:50,31250.0,31250.0
22754964,200901033,3,0,0,,8:42:20,8:42:20,31340.0,31340.0
22754964,200901007,4,0,0,,8:44:10,8:44:10,31450.0,31450.0
22754964,200901002,5,0,0,,8:45:20,8:45:20,31520.0,31520.0
22754964,200420010,6,0,0,,8:50:40,8:50:40,31840.0,31840.0
22754964,200420013,7,0,0,,8:51:20,8:51:20,31880.0,31880.0
22754964,200420015,8,0,0,,8:52:30,8:52:30,31950.0,31950.0
22754964,200420009,9,0,0,,8:54:00,8:54:00,32040.0,32040.0
22754964,200415009,10,0,0,,8:56:30,8:56:30,32190.0,32190.0
22754964,200415017,11,0,0,,8:57:30,8:57:30,32250.0,32250.0
22754964,200415006,12,0,0,,8:59:40,8:59:40,32380.0,32380.0
22754963,200101002,0,0,0,,8:57:00,8:57:00,32220.0,32220.0
22754963,200101007,1,0,0,,8:59:30,8:59:30,32370.0,32370.0
22754835,200101007,36,0,0,,7:00:20,7:00:20,25220.0,25220.0
22754835,200101002,37,0,0,,7:03:30,7:03:30,25410.0,25410.0
22754834,200415009,27,0,0,,7:00:20,7:00:20,25220.0,25220.0
22754834,200420009,28,0,0,,7:02:40,7:02:40,25360.0,25360.0
22754834,200420015,29,0,0,,7:04:00,7:04:00,25440.0,25440.0
22754834,200420013,30,0,0,,7:05:30,7:05:30,25530.0,25530.0
22754834,200420010,31,0,0,,7:06:20,7:06:20,25580.0,25580.0
22754834,200901002,32,0,0,,7:10:00,7:10:00,25800.0,25800.0
22754834,200901007,33,0,0,,7:11:30,7:11:30,25890.0,25890.0
22754834,200901033,34,0,0,,7:12:40,7:12:40,25960.0,25960.0
22754834,200102005,35,0,0,,7:14:10,7:14:10,26050.0,26050.0
22754834,200101007,36,0,0,,7:15:20,7:15:20,26120.0,26120.0
22754834,200101002,37,0,0,,7:18:30,7:18:30,26310.0,26310.0
22754833,200405013,20,0,0,,7:01:40,7:01:40,25300.0,25300.0
22754833,200405001,21,0,0,,7:04:20,7:04:20,25460.0,25460.0
22754833,200405036,22,0,0,,7:06:30,7:06:30,25590.0,25590.0
22754833,200415003,23,0,0,,7:09:10,7:09:10,25750.0,25750.0
22754833,200415006,24,0,0,,7:10:40,7:10:40,25840.0,25840.0
22754833,200415012,25,0,0,,7:12:20,7:12:20,25940.0,25940.0
22754833,200415017,26,0,0,,7:14:10,7:14:10,26050.0,26050.0
22754833,200415009,27,0,0,,7:15:20,7:15:20,26120.0,26120.0
22754833,200420009,28,0,0,,7:17:40,7:17:40,26260.0,26260.0
22754833,200420015,29,0,0,,7:19:00,7:19:00,26340.0,26340.0
22754833,200420013,30,0,0,,7:20:30,7:20:30,26430.0,26430.0
22754833,200420010,31,0,0,,7:21:20,7:21:20,26480.0,26480.0
22754833,200901002,32,0,0,,7:25:00,7:25:00,26700.0,26700.0
22754833,200901007,33,0,0,,7:26:30,7:26:30,26790.0,26790.0
22754833,200901033,34,0,0,,7:27:40,7:27:40,26860.0,26860.0
22754833,200102005,35,0,0,,7:29:10,7:29:10,26950.0,26950.0
22754833,200101007,36,0,0,,7:30:20,7:30:20,27020.0,27020.0
22754833,200101002,37,0,0,,7:33:30,7:33:30,27210.0,27210.0
22754832,200402002,11,0,0,,7:00:50,7:00:50,25250.0,25250.0
22754832,200402005,12,0,0,,7:01:40,7:01:40,25300.0,25300.0
22754832,200409007,13,0,0,,7:02:30,7:02:30,25350.0,25350.0
22754832,200410004,14,0,0,,7:04:00,7:04:00,25440.0,25440.0
22754832,200410003,15,0,0,,7:06:10,7:06:10,25570.0,25570.0
22754832,200410005,16,0,0,,7:07:20,7:07:20,25640.0,25640.0
22754832,200419013,17,0,0,,7:08:20,7:08:20,25700.0,25700.0
22754832,200405005,18,0,0,,7:10:40,7:10:40,25840.0,25840.0
22754832,200405020,19,0,0,,7:13:30,7:13:30,26010.0,26010.0
22754832,200405013,20,0,0,,7:16:40,7:16:40,26200.0,26200.0
22754832,200405001,21,0,0,,7:19:20,7:19:20,26360.0,26360.0
22754832,200405036,22,0,0,,7:21:30,7:21:30,26490.0,26490.0
22754832,200415003,23,0,0,,7:24:10,7:24:10,26650.0,26650.0
22754832,200415006,24,0,0,,7:25:40,7:25:40,26740.0,26740.0
22754832,200415012,25,0,0,,7:27:20,7:27:20,26840.0,26840.0
22754832,200415017,26,0,0,,7:29:10,7:29:10,26950.0,26950.0
22754832,200415009,27,0,0,,7:30:20,7:30:20,27020.0,27020.0
22754832,200420009,28,0,0,,7:32:40,7:32:40,27160.0,27160.0
22754832,200420015,29,0,0,,7:34:00,7:34:00,27240.0,27240.0
22754832,200420013,30,0,0,,7:35:30,7:35:30,27330.0,27330.0
22754832,200420010,31,0,0,,7:36:20,7:36:20,27380.0,27380.0
22754832,200901002,32,0,0,,7:40:00,7:40:00,27600.0,27600.0
22754832,200901007,33,0,0,,7:41:30,7:41:30,27690.0,27690.0
22754832,200901033,34,0,0,,7:42:40,7:42:40,27760.0,27760.0
22754832,200102005,35,0,0,,7:44:10,7:44:10,27850.0,27850.0
22754832,200101007,36,0,0,,7:45:20,7:45:20,27920.0,27920.0
22754832,200101002,37,0,0,,7:48:30,7:48:30,28110.0,28110.0
22754831,200801002,0,0,0,,7:01:10,7:01:10,25270.0,25270.0
22754831,200801005,1,0,0,,7:02:40,7:02:40,25360.0,25360.0
22754831,200801008,2,0,0,,7:03:40,7:03:40,25420.0,25420.0
22754831,200801003,3,0,0,,7:04:40,7:04:40,25480.0,25480.0
22754831,200801004,4,0,0,,7:05:20,7:05:20,25520.0,25520.0
22754831,201001001,5,0,0,,7:07:20,7:07:20,25640.0,25640.0
22754831,201001002,6,0,0,,7:09:30,7:09:30,25770.0,25770.0
22754831,201001003,7,0,0,,7:11:20,7:11:20,25880.0,25880.0
22754831,200402007,8,0,0,,7:12:20,7:12:20,25940.0,25940.0
22754831,200402001,9,0,0,,7:13:20,7:13:20,26000.0,26000.0
22754831,200402006,10,0,0,,7:14:40,7:14:40,26080.0,26080.0
22754831,200402002,11,0,0,,7:15:50,7:15:50,26150.0,26150.0
22754831,200402005,12,0,0,,7:16:40,7:16:40,26200.0,26200.0
22754831,200409007,13,0,0,,7:17:30,7:17:30,26250.0,26250.0
22754831,200410004,14,0,0,,7:19:00,7:19:00,26340.0,26340.0
22754831,200410003,15,0,0,,7:21:10,7:21:10,26470.0,26470.0
22754831,200410005,16,0,0,,7:22:20,7:22:20,26540.0,26540.0
22754831,200419013,17,0,0,,7:23:20,7:23:20,26600.0,26600.0
22754831,200405005,18,0,0,,7:25:40,7:25:40,26740.0,26740.0
22754831,200405020,19,0,0,,7:28:30,7:28:30,26910.0,26910.0
22754831,200405013,20,0,0,,7:31:40,7:31:40,27100.0,27100.0
22754831,200405001,21,0,0,,7:34:20,7:34:20,27260.0,27260.0
22754831,200405036,22,0,0,,7:36:30,7:36:30,27390.0,27390.0
22754831,200415003,23,0,0,,7:39:10,7:39:10,27550.0,27550.0
22754831,200415006,24,0,0,,7:40:40,7:40:40,27640.0,27640.0
22754831,200415012,25,0,0,,7:42:20,7:42:20,27740.0,27740.0
22754831,200415017,26,0,0,,7:44:10,7:44:10,27850.0,27850.0
22754831,200415009,27,0,0,,7:45:20,7:45:20,27920.0,27920.0
22754831,200420009,28,0,0,,7:47:40,7:47:40,28060.0,28060.0
22754831,200420015,29,0,0,,7:49:00,7:49:00,28140.0,28140.0
22754831,200420013,30,0,0,,7:50:30,7:50:30,28230.0,28230.0
22754831,200420010,31,0,0,,7:51:20,7:51:20,28280.0,28280.0
22754831,200901002,32,0,0,,7:55:00,7:55:00,28500.0,28500.0
22754831,200901007,33,0,0,,7:56:30,7:56:30,28590.0,28590.0
22754831,200901033,34,0,0,,7:57:40,7:57:40,28660.0,28660.0
22754831,200102005,35,0,0,,7:59:10,7:59:10,28750.0,28750.0
22754831,200101007,36,0,0,,8:00:20,8:00:20,28820.0,28820.0
22754831,200101002,37,0,0,,8:03:30,8:03:30,29010.0,29010.0
22754830,200801002,0,0,0,,7:16:10,7:16:10,26170.0,26170.0
22754830,200801005,1,0,0,,7:17:40,7:17:40,26260.0,26260.0
22754830,200801008,2,0,0,,7:18:40,7:18:40,26320.0,26320.0
22754830,200801003,3,0,0,,7:19:40,7:19:40,26380.0,26380.0
22754830,200801004,4,0,0,,7:20:20,7:20:20,26420.0,26420.0
22754830,201001001,5,0,0,,7:22:20,7:22:20,26540.0,26540.0
22754830,201001002,6,0,0,,7:24:30,7:24:30,26670.0,26670.0
22754830,201001003,7,0,0,,7:26:20,7:26:20,26780.0,26780.0
22754830,200402007,8,0,0,,7:27:20,7:27:20,26840.0,26840.0
22754830,200402001,9,0,0,,7:28:20,7:28:20,26900.0,26900.0
22754830,200402006,10,0,0,,7:29:40,7:29:40,26980.0,26980.0
22754830,200402002,11,0,0,,7:30:50,7:30:50,27050.0,27050.0
22754830,200402005,12,0,0,,7:31:40,7:31:40,27100.0,27100.0
22754830,200409007,13,0,0,,7:32:30,7:32:30,27150.0,27150.0
22754830,200410004,14,0,0,,7:34:00,7:34:00,27240.0,27240.0
22754830,200410003,15,0,0,,7:36:10,7:36:10,27370.0,27370.0
22754830,200410005,16,0,0,,7:37:20,7:37:20,27440.0,27440.0
22754830,200419013,17,0,0,,7:38:20,7:38:20,27500.0,27500.0
22754830,200405005,18,0,0,,7:40:40,7:40:40,27640.0,27640.0
22754830,200405020,19,0,0,,7:43:30,7:43:30,27810.0,27810.0
22754830,200405013,20,0,0,,7:46:40,7:46:40,28000.0,28000.0
22754830,200405001,21,0,0,,7:49:20,7:49:20,28160.0,28160.0
22754830,200405036,22,0,0,,7:51:30,7:51:30,28290.0,28290.0
22754830,200415003,23,0,0,,7:54:10,7:54:10,28450.0,28450.0
22754830,200415006,24,0,0,,7:55:40,7:55:40,28540.0,28540.0
22754830,200415012,25,0,0,,7:57:20,7:57:20,28640.0,28640.0
22754830,200415017,26,0,0,,7:59:10,7:59:10,28750.0,28750.0
22754830,200415009,27,0,0,,8:00:20,8:00:20,28820.0,28820.0
22754830,200420009,28,0,0,,8:02:40,8:02:40,28960.0,28960.0
22754830,200420015,29,0,0,,8:04:00,8:04:00,29040.0,29040.0
22754830,200420013,30,0,0,,8:05:30,8:05:30,29130.0,29130.0
22754830,200420010,31,0,0,,8:06:20,8:06:20,29180.0,29180.0
22754830,200901002,32,0,0,,8:10:00,8:10:00,29400.0,29400.0
22754830,200901007,33,0,0,,8:11:30,8:11:30,29490.0,29490.0
22754830,200901033,34,0,0,,8:12:40,8:12:40,29560.0,29560.0
22754830,200102005,35,0,0,,8:14:10,8:14:10,29650.0,29650.0
22754830,200101007,36,0,0,,8:15:20,8:15:20,29720.0,29720.0
22754830,200101002,37,0,0,,8:18:30,8:18:30,29910.0,29910.0
22754829,200801002,0,0,0,,7:30:10,7:30:10,27010.0,27010.0
22754829,200801005,1,0,0,,7:31:40,7:31:40,27100.0,27100.0
22754829,200801008,2,0,0,,7:32:40,7:32:40,27160.0,27160.0
22754829,200801003,3,0,0,,7:33:40,7:33:40,27220.0,27220.0
22754829,200801004,4,0,0,,7:34:20,7:34:20,27260.0,27260.0
22754829,201001001,5,0,0,,7:36:20,7:36:20,27380.0,27380.0
22754829,201001002,6,0,0,,7:38:30,7:38:30,27510.0,27510.0
22754829,201001003,7,0,0,,7:40:20,7:40:20,27620.0,27620.0
22754829,200402007,8,0,0,,7:41:20,7:41:20,27680.0,27680.0
22754829,200402001,9,0,0,,7:42:20,7:42:20,27740.0,27740.0
22754829,200402006,10,0,0,,7:43:40,7:43:40,27820.0,27820.0
22754829,200402002,11,0,0,,7:44:50,7:44:50,27890.0,27890.0
22754829,200402005,12,0,0,,7:45:40,7:45:40,27940.0,27940.0
22754829,200409007,13,0,0,,7:46:30,7:46:30,27990.0,27990.0
22754829,200410004,14,0,0,,7:48:00,7:48:00,28080.0,28080.0
22754829,200410003,15,0,0,,7:50:10,7:50:10,28210.0,28210.0
22754829,200410005,16,0,0,,7:51:20,7:51:20,28280.0,28280.0
22754829,200419013,17,0,0,,7:52:20,7:52:20,28340.0,28340.0
22754829,200405005,18,0,0,,7:54:40,7:54:40,28480.0,28480.0
22754829,200405020,19,0,0,,7:57:30,7:57:30,28650.0,28650.0
22754829,200405013,20,0,0,,8:00:40,8:00:40,28840.0,28840.0
22754829,200405001,21,0,0,,8:03:20,8:03:20,29000.0,29000.0
22754829,200405036,22,0,0,,8:05:30,8:05:30,29130.0,29130.0
22754829,200415003,23,0,0,,8:08:10,8:08:10,29290.0,29290.0
22754829,200415006,24,0,0,,8:09:40,8:09:40,29380.0,29380.0
22754829,200415012,25,0,0,,8:11:20,8:11:20,29480.0,29480.0
22754829,200415017,26,0,0,,8:13:10,8:13:10,29590.0,29590.0
22754829,200415009,27,0,0,,8:14:20,8:14:20,29660.0,29660.0
22754829,200420009,28,0,0,,8:16:40,8:16:40,29800.0,29800.0
22754829,200420015,29,0,0,,8:18:00,8:18:00,29880.0,29880.0
22754829,200420013,30,0,0,,8:19:30,8:19:30,29970.0,29970.0
22754829,200420010,31,0,0,,8:20:20,8:20:20,30020.0,30020.0
22754829,200901002,32,0,0,,8:24:00,8:24:00,30240.0,30240.0
22754829,200901007,33,0,0,,8:25:30,8:25:30,30330.0,30330.0
22754829,200901033,34,0,0,,8:26:40,8:26:40,30400.0,30400.0
22754829,200102005,35,0,0,,8:28:10,8:28:10,30490.0,30490.0
22754829,200101007,36,0,0,,8:29:20,8:29:20,30560.0,30560.0
22754829,200101002,37,0,0,,8:32:30,8:32:30,30750.0,30750.0
22754828,200801002,0,0,0,,7:40:10,7:40:10,27610.0,27610.0
22754828,200801005,1,0,0,,7:41:40,7:41:40,27700.0,27700.0
22754828,200801008,2,0,0,,7:42:40,7:42:40,27760.0,27760.0
22754828,200801003,3,0,0,,7:43:40,7:43:40,27820.0,27820.0
22754828,200801004,4,0,0,,7:44:20,7:44:20,27860.0,27860.0
22754828,201001001,5,0,0,,7:46:20,7:46:20,27980.0,27980.0
22754828,201001002,6,0,0,,7:48:30,7:48:30,28110.0,28110.0
22754828,201001003,7,0,0,,7:50:20,7:50:20,28220.0,28220.0
22754828,200402007,8,0,0,,7:51:20,7:51:20,28280.0,28280.0
22754828,200402001,9,0,0,,7:52:20,7:52:20,28340.0,28340.0
22754828,200402006,10,0,0,,7:53:40,7:53:40,28420.0,28420.0
22754828,200402002,11,0,0,,7:54:50,7:54:50,28490.0,28490.0
22754828,200402005,12,0,0,,7:55:40,7:55:40,28540.0,28540.0
22754828,200409007,13,0,0,,7:56:30,7:56:30,28590.0,28590.0
22754828,200410004,14,0,0,,7:58:00,7:58:00,28680.0,28680.0
22754828,200410003,15,0,0,,8:00:10,8:00:10,28810.0,28810.0
22754828,200410005,16,0,0,,8:01:20,8:01:20,28880.0,28880.0
22754828,200419013,17,0,0,,8:02:20,8:02:20,28940.0,28940.0
22754828,200405005,18,0,0,,8:04:40,8:04:40,29080.0,29080.0
22754828,200405020,19,0,0,,8:07:30,8:07:30,29250.0,29250.0
22754828,200405013,20,0,0,,8:10:40,8:10:40,29440.0,29440.0
22754828,200405001,21,0,0,,8:13:20,8:13:20,29600.0,29600.0
22754828,200405036,22,0,0,,8:15:30,8:15:30,29730.0,29730.0
22754828,200415003,23,0,0,,8:18:10,8:18:10,29890.0,29890.0
22754828,200415006,24,0,0,,8:19:40,8:19:40,29980.0,29980.0
22754828,200415012,25,0,0,,8:21:20,8:21:20,30080.0,30080.0
22754828,200415017,26,0,0,,8:23:10,8:23:10,30190.0,30190.0
22754828,200415009,27,0,0,,8:24:20,8:24:20,30260.0,30260.0
22754828,200420009,28,0,0,,8:26:40,8:26:40,30400.0,30400.0
22754828,200420015,29,0,0,,8:28:00,8:28:00,30480.0,30480.0
22754828,200420013,30,0,0,,8:29:30,8:29:30,30570.0,30570.0
22754828,200420010,31,0,0,,8:30:20,8:30:20,30620.0,30620.0
22754828,200901002,32,0,0,,8:34:00,8:34:00,30840.0,30840.0
22754828,200901007,33,0,0,,8:35:30,8:35:30,30930.0,30930.0
22754828,200901033,34,0,0,,8:36:40,8:36:40,31000.0,31000.0
22754828,200102005,35,0,0,,8:38:10,8:38:10,31090.0,31090.0
22754828,200101007,36,0,0,,8:39:20,8:39:20,31160.0,31160.0
22754828,200101002,37,0,0,,8:42:30,8:42:30,31350.0,31350.0
22754827,200801002,0,0,0,,7:50:10,7:50:10,28210.0,28210.0
22754827,200801005,1,0,0,,7:51:40,7:51:40,28300.0,28300.0
22754827,200801008,2,0,0,,7:52:40,7:52:40,28360.0,28360.0
22754827,200801003,3,0,0,,7:53:40,7:53:40,28420.0,28420.0
22754827,200801004,4,0,0,,7:54:20,7:54:20,28460.0,28460.0
22754827,201001001,5,0,0,,7:56:20,7:56:20,28580.0,28580.0
22754827,201001002,6,0,0,,7:58:30,7:58:30,28710.0,28710.0
22754827,201001003,7,0,0,,8:00:20,8:00:20,28820.0,28820.0
22754827,200402007,8,0,0,,8:01:20,8:01:20,28880.0,28880.0
22754827,200402001,9,0,0,,8:02:20,8:02:20,28940.0,28940.0
22754827,200402006,10,0,0,,8:03:40,8:03:40,29020.0,29020.0
22754827,200402002,11,0,0,,8:04:50,8:04:50,29090.0,29090.0
22754827,200402005,12,0,0,,8:05:40,8:05:40,29140.0,29140.0
22754827,200409007,13,0,0,,8:06:30,8:06:30,29190.0,29190.0
22754827,200410004,14,0,0,,8:08:00,8:08:00,29280.0,29280.0
22754827,200410003,15,0,0,,8:10:10,8:10:10,29410.0,29410.0
22754827,200410005,16,0,0,,8:11:20,8:11:20,29480.0,29480.0
22754827,200419013,17,0,0,,8:12:20,8:12:20,29540.0,29540.0
22754827,200405005,18,0,0,,8:14:40,8:14:40,29680.0,29680.0
22754827,200405020,19,0,0,,8:17:30,8:17:30,29850.0,29850.0
22754827,200405013,20,0,0,,8:20:40,8:20:40,30040.0,30040.0
22754827,200405001,21,0,0,,8:23:20,8:23:20,30200.0,30200.0
22754827,200405036,22,0,0,,8:25:30,8:25:30,30330.0,30330.0
22754827,200415003,23,0,0,,8:28:10,8:28:10,30490.0,30490.0
22754827,200415006,24,0,0,,8:29:40,8:29:40,30580.0,30580.0
22754827,200415012,25,0,0,,8:31:20,8:31:20,30680.0,30680.0
22754827,200415017,26,0,0,,8:33:10,8:33:10,30790.0,30790.0
22754827,200415009,27,0,0,,8:34:20,8:34:20,30860.0,30860.0
22754827,200420009,28,0,0,,8:36:40,8:36:40,31000.0,31000.0
22754827,200420015,29,0,0,,8:38:00,8:38:00,31080.0,31080.0
22754827,200420013,30,0,0,,8:39:30,8:39:30,31170.0,31170.0
22754827,200420010,31,0,0,,8:40:20,8:40:20,31220.0,31220.0
22754827,200901002,32,0,0,,8:44:00,8:44:00,31440.0,31440.0
22754827,200901007,33,0,0,,8:45:30,8:45:30,31530.0,31530.0
22754827,200901033,34,0,0,,8:46:40,8:46:40,31600.0,31600.0
22754827,200102005,35,0,0,,8:48:10,8:48:10,31690.0,31690.0
22754827,200101007,36,0,0,,8:49:20,8:49:20,31760.0,31760.0
22754827,200101002,37,0,0,,8:52:30,8:52:30,31950.0,31950.0
22754826,200801002,0,0,0,,8:00:10,8:00:10,28810.0,28810.0
22754826,200801005,1,0,0,,8:01:40,8:01:40,28900.0,28900.0
22754826,200801008,2,0,0,,8:02:40,8:02:40,28960.0,28960.0
22754826,200801003,3,0,0,,8:03:40,8:03:40,29020.0,29020.0
22754826,200801004,4,0,0,,8:04:20,8:04:20,29060.0,29060.0
22754826,201001001,5,0,0,,8:06:20,8:06:20,29180.0,29180.0
22754826,201001002,6,0,0,,8:08:30,8:08:30,29310.0,29310.0
22754826,201001003,7,0,0,,8:10:20,8:10:20,29420.0,29420.0
22754826,200402007,8,0,0,,8:11:20,8:11:20,29480.0,29480.0
22754826,200402001,9,0,0,,8:12:20,8:12:20,29540.0,29540.0
22754826,200402006,10,0,0,,8:13:40,8:13:40,29620.0,29620.0
22754826,200402002,11,0,0,,8:14:50,8:14:50,29690.0,29690.0
22754826,200402005,12,0,0,,8:15:40,8:15:40,29740.0,29740.0
22754826,200409007,13,0,0,,8:16:30,8:16:30,29790.0,29790.0
22754826,200410004,14,0,0,,8:18:00,8:18:00,29880.0,29880.0
22754826,200410003,15,0,0,,8:20:10,8:20:10,30010.0,30010.0
22754826,200410005,16,0,0,,8:21:20,8:21:20,30080.0,30080.0
22754826,200419013,17,0,0,,8:22:20,8:22:20,30140.0,30140.0
22754826,200405005,18,0,0,,8:24:40,8:24:40,30280.0,30280.0
22754826,200405020,19,0,0,,8:27:30,8:27:30,30450.0,30450.0
22754826,200405013,20,0,0,,8:30:40,8:30:40,30640.0,30640.0
22754826,200405001,21,0,0,,8:33:20,8:33:20,30800.0,30800.0
22754826,200405036,22,0,0,,8:35:30,8:35:30,30930.0,30930.0
22754826,200415003,23,0,0,,8:38:10,8:38:10,31090.0,31090.0
22754826,200415006,24,0,0,,8:39:40,8:39:40,31180.0,31180.0
22754826,200415012,25,0,0,,8:41:20,8:41:20,31280.0,31280.0
22754826,200415017,26,0,0,,8:43:10,8:43:10,31390.0,31390.0
22754826,200415009,27,0,0,,8:44:20,8:44:20,31460.0,31460.0
22754826,200420009,28,0,0,,8:46:40,8:46:40,31600.0,31600.0
22754826,200420015,29,0,0,,8:48:00,8:48:00,31680.0,31680.0
22754826,200420013,30,0,0,,8:49:30,8:49:30,31770.0,31770.0
22754826,200420010,31,0,0,,8:50:20,8:50:20,31820.0,31820.0
22754826,200901002,32,0,0,,8:54:00,8:54:00,32040.0,32040.0
22754826,200901007,33,0,0,,8:55:30,8:55:30,32130.0,32130.0
22754826,200901033,34,0,0,,8:56:40,8:56:40,32200.0,32200.0
22754826,200102005,35,0,0,,8:58:10,8:58:10,32290.0,32290.0
22754826,200101007,36,0,0,,8:59:20,8:59:20,32360.0,32360.0
22754825,200801002,0,0,0,,8:16:10,8:16:10,29770.0,29770.0
22754825,200801005,1,0,0,,8:17:40,8:17:40,29860.0,29860.0
22754825,200801008,2,0,0,,8:18:40,8:18:40,29920.0,29920.0
22754825,200801003,3,0,0,,8:19:40,8:19:40,29980.0,29980.0
22754825,200801004,4,0,0,,8:20:20,8:20:20,30020.0,30020.0
22754825,201001001,5,0,0,,8:22:20,8:22:20,30140.0,30140.0
22754825,201001002,6,0,0,,8:24:30,8:24:30,30270.0,30270.0
22754825,201001003,7,0,0,,8:26:20,8:26:20,30380.0,30380.0
22754825,200402007,8,0,0,,8:27:20,8:27:20,30440.0,30440.0
22754825,200402001,9,0,0,,8:28:20,8:28:20,30500.0,30500.0
22754825,200402006,10,0,0,,8:29:40,8:29:40,30580.0,30580.0
22754825,200402002,11,0,0,,8:30:50,8:30:50,30650.0,30650.0
22754825,200402005,12,0,0,,8:31:40,8:31:40,30700.0,30700.0
22754825,200409007,13,0,0,,8:32:30,8:32:30,30750.0,30750.0
22754825,200410004,14,0,0,,8:34:00,8:34:00,30840.0,30840.0
22754825,200410003,15,0,0,,8:36:10,8:36:10,30970.0,30970.0
22754825,200410005,16,0,0,,8:37:20,8:37:20,31040.0,31040.0
22754825,200419013,17,0,0,,8:38:20,8:38:20,31100.0,31100.0
22754825,200405005,18,0,0,,8:40:40,8:40:40,31240.0,31240.0
22754825,200405020,19,0,0,,8:43:30,8:43:30,31410.0,31410.0
22754825,200405013,20,0,0,,8:46:40,8:46:40,31600.0,31600.0
22754825,200405001,21,0,0,,8:49:20,8:49:20,31760.0,31760.0
22754825,200405036,22,0,0,,8:51:30,8:51:30,31890.0,31890.0
22754825,200415003,23,0,0,,8:54:10,8:54:10,32050.0,32050.0
22754825,200415006,24,0,0,,8:55:40,8:55:40,32140.0,32140.0
22754825,200415012,25,0,0,,8:57:20,8:57:20,32240.0,32240.0
22754825,200415017,26,0,0,,8:59:10,8:59:10,32350.0,32350.0
22754824,200801002,0,0,0,,8:31:10,8:31:10,30670.0,30670.0
22754824,200801005,1,0,0,,8:32:40,8:32:40,30760.0,30760.0
22754824,200801008,2,0,0,,8:33:40,8:33:40,30820.0,30820.0
22754824,200801003,3,0,0,,8:34:40,8:34:40,30880.0,30880.0
22754824,200801004,4,0,0,,8:35:20,8:35:20,30920.0,30920.0
22754824,201001001,5,0,0,,8:37:20,8:37:20,31040.0,31040.0
22754824,201001002,6,0,0,,8:39:30,8:39:30,31170.0,31170.0
22754824,201001003,7,0,0,,8:41:20,8:41:20,31280.0,31280.0
22754824,200402007,8,0,0,,8:42:20,8:42:20,31340.0,31340.0
22754824,200402001,9,0,0,,8:43:20,8:43:20,31400.0,31400.0
22754824,200402006,10,0,0,,8:44:40,8:44:40,31480.0,31480.0
22754824,200402002,11,0,0,,8:45:50,8:45:50,31550.0,31550.0
22754824,200402005,12,0,0,,8:46:40,8:46:40,31600.0,31600.0
22754824,200409007,13,0,0,,8:47:30,8:47:30,31650.0,31650.0
22754824,200410004,14,0,0,,8:49:00,8:49:00,31740.0,31740.0
22754824,200410003,15,0,0,,8:51:10,8:51:10,31870.0,31870.0
22754824,200410005,16,0,0,,8:52:20,8:52:20,31940.0,31940.0
22754824,200419013,17,0,0,,8:53:20,8:53:20,32000.0,32000.0
22754824,200405005,18,0,0,,8:55:40,8:55:40,32140.0,32140.0
22754824,200405020,19,0,0,,8:58:30,8:58:30,32310.0,32310.0
22754823,200801002,0,0,0,,8:49:40,8:49:40,31780.0,31780.0
22754823,200801005,1,0,0,,8:51:10,8:51:10,31870.0,31870.0
22754823,200801008,2,0,0,,8:52:10,8:52:10,31930.0,31930.0
22754823,200801003,3,0,0,,8:53:10,8:53:10,31990.0,31990.0
22754823,200801004,4,0,0,,8:53:50,8:53:50,32030.0,32030.0
22754823,201001001,5,0,0,,8:55:50,8:55:50,32150.0,32150.0
22754823,201001002,6,0,0,,8:58:00,8:58:00,32280.0,32280.0
22754823,201001003,7,0,0,,8:59:50,8:59:50,32390.0,32390.0
22844047,200404009,15,0,0,,7:01:20,7:01:20,25280.0,25280.0
22844047,200404031,16,0,0,,7:02:40,7:02:40,25360.0,25360.0
22844046,200405057,11,0,0,,7:00:10,7:00:10,25210.0,25210.0
22844046,200405051,12,0,0,,7:02:30,7:02:30,25350.0,25350.0
22844046,200405058,13,0,0,,7:03:50,7:03:50,25430.0,25430.0
22844046,200405059,14,0,0,,7:05:40,7:05:40,25540.0,25540.0
22844046,200404009,15,0,0,,7:08:20,7:08:20,25700.0,25700.0
22844046,200404031,16,0,0,,7:09:40,7:09:40,25780.0,25780.0
22844045,200419041,8,0,0,,7:00:40,7:00:40,25240.0,25240.0
22844045,200419039,9,0,0,,7:02:40,7:02:40,25360.0,25360.0
22844045,200405061,10,0,0,,7:04:20,7:04:20,25460.0,25460.0
22844045,200405057,11,0,0,,7:07:10,7:07:10,25630.0,25630.0
22844045,200405051,12,0,0,,7:09:30,7:09:30,25770.0,25770.0
22844045,200405058,13,0,0,,7:10:50,7:10:50,25850.0,25850.0
22844045,200405059,14,0,0,,7:12:40,7:12:40,25960.0,25960.0
22844045,200404009,15,0,0,,7:15:20,7:15:20,26120.0,26120.0
22844045,200404031,16,0,0,,7:16:40,7:16:40,26200.0,26200.0
22844044,200417014,4,0,0,,7:01:00,7:01:00,25260.0,25260.0
22844044,200417029,5,0,0,,7:02:20,7:02:20,25340.0,25340.0
22844044,200417031,6,0,0,,7:03:40,7:03:40,25420.0,25420.0
22844044,200417058,7,0,0,,7:05:00,7:05:00,25500.0,25500.0
22844044,200419041,8,0,0,,7:07:20,7:07:20,25640.0,25640.0
22844044,200419039,9,0,0,,7:09:20,7:09:20,25760.0,25760.0
22844044,200405061,10,0,0,,7:11:00,7:11:00,25860.0,25860.0
22844044,200405057,11,0,0,,7:13:50,7:13:50,26030.0,26030.0
22844044,200405051,12,0,0,,7:16:10,7:16:10,26170.0,26170.0
22844044,200405058,13,0,0,,7:17:30,7:17:30,26250.0,26250.0
22844044,200405059,14,0,0,,7:19:20,7:19:20,26360.0,26360.0
22844044,200404009,15,0,0,,7:22:00,7:22:00,26520.0,26520.0
22844044,200404031,16,0,0,,7:23:20,7:23:20,26600.0,26600.0
22844043,200417052,0,0,0,,7:02:10,7:02:10,25330.0,25330.0
22844043,200417066,1,0,0,,7:03:50,7:03:50,25430.0,25430.0
22844043,200417045,2,0,0,,7:05:10,7:05:10,25510.0,25510.0
22844043,200417046,3,0,0,,7:06:40,7:06:40,25600.0,25600.0
22844043,200417014,4,0,0,,7:08:00,7:08:00,25680.0,25680.0
22844043,200417029,5,0,0,,7:09:20,7:09:20,25760.0,25760.0
22844043,200417031,6,0,0,,7:10:40,7:10:40,25840.0,25840.0
22844043,200417058,7,0,0,,7:12:00,7:12:00,25920.0,25920.0
22844043,200419041,8,0,0,,7:14:20,7:14:20,26060.0,26060.0
22844043,200419039,9,0,0,,7:16:20,7:16:20,26180.0,26180.0
22844043,200405061,10,0,0,,7:18:00,7:18:00,26280.0,26280.0
22844043,200405057,11,0,0,,7:20:50,7:20:50,26450.0,26450.0
22844043,200405051,12,0,0,,7:23:10,7:23:10,26590.0,26590.0
22844043,200405058,13,0,0,,7:24:30,7:24:30,26670.0,26670.0
22844043,200405059,14,0,0,,7:26:20,7:26:20,26780.0,26780.0
22844043,200404009,15,0,0,,7:29:00,7:29:00,26940.0,26940.0
22844043,200404031,16,0,0,,7:30:20,7:30:20,27020.0,27020.0
22844042,200417052,0,0,0,,7:09:10,7:09:10,25750.0,25750.0
22844042,200417066,1,0,0,,7:10:50,7:10:50,25850.0,25850.0
22844042,200417045,2,0,0,,7:12:10,7:12:10,25930.0,25930.0
22844042,200417046,3,0,0,,7:13:40,7:13:40,26020.0,26020.0
22844042,200417014,4,0,0,,7:15:00,7:15:00,26100.0,26100.0
22844042,200417029,5,0,0,,7:16:20,7:16:20,26180.0,26180.0
22844042,200417031,6,0,0,,7:17:40,7:17:40,26260.0,26260.0
22844042,200417058,7,0,0,,7:19:00,7:19:00,26340.0,26340.0
22844042,200419041,8,0,0,,7:21:20,7:21:20,26480.0,26480.0
22844042,200419039,9,0,0,,7:23:20,7:23:20,26600.0,26600.0
22844042,200405061,10,0,0,,7:25:00,7:25:00,26700.0,26700.0
22844042,200405057,11,0,0,,7:27:50,7:27:50,26870.0,26870.0
22844042,200405051,12,0,0,,7:30:10,7:30:10,27010.0,27010.0
22844042,200405058,13,0,0,,7:31:30,7:31:30,27090.0,27090.0
22844042,200405059,14,0,0,,7:33:20,7:33:20,27200.0,27200.0
22844042,200404009,15,0,0,,7:36:00,7:36:00,27360.0,27360.0
22844042,200404031,16,0,0,,7:37:20,7:37:20,27440.0,27440.0
22844041,200417052,0,0,0,,7:16:10,7:16:10,26170.0,26170.0
22844041,200417066,1,0,0,,7:17:50,7:17:50,26270.0,26270.0
22844041,200417045,2,0,0,,7:19:10,7:19:10,26350.0,26350.0
22844041,200417046,3,0,0,,7:20:40,7:20:40,26440.0,26440.0
22844041,200417014,4,0,0,,7:22:00,7:22:00,26520.0,26520.0
22844041,200417029,5,0,0,,7:23:20,7:23:20,26600.0,26600.0
22844041,200417031,6,0,0,,7:24:40,7:24:40,26680.0,26680.0
22844041,200417058,7,0,0,,7:26:00,7:26:00,26760.0,26760.0
22844041,200419041,8,0,0,,7:28:20,7:28:20,26900.0,26900.0
22844041,200419039,9,0,0,,7:30:20,7:30:20,27020.0,27020.0
22844041,200405061,10,0,0,,7:32:00,7:32:00,27120.0,27120.0
22844041,200405057,11,0,0,,7:34:50,7:34:50,27290.0,27290.0
22844041,200405051,12,0,0,,7:37:10,7:37:10,27430.0,27430.0
22844041,200405058,13,0,0,,7:38:30,7:38:30,27510.0,27510.0
22844041,200405059,14,0,0,,7:40:20,7:40:20,27620.0,27620.0
22844041,200404009,15,0,0,,7:43:00,7:43:00,27780.0,27780.0
22844041,200404031,16,0,0,,7:44:20,7:44:20,27860.0,27860.0
22844040,200417052,0,0,0,,7:23:10,7:23:10,26590.0,26590.0
22844040,200417066,1,0,0,,7:24:50,7:24:50,26690.0,26690.0
22844040,200417045,2,0,0,,7:26:10,7:26:10,26770.0,26770.0
22844040,200417046,3,0,0,,7:27:40,7:27:40,26860.0,26860.0
22844040,200417014,4,0,0,,7:29:00,7:29:00,26940.0,26940.0
22844040,200417029,5,0,0,,7:30:20,7:30:20,27020.0,27020.0
22844040,200417031,6,0,0,,7:31:40,7:31:40,27100.0,27100.0
22844040,200417058,7,0,0,,7:33:00,7:33:00,27180.0,27180.0
22844040,200419041,8,0,0,,7:35:20,7:35:20,27320.0,27320.0
22844040,200419039,9,0,0,,7:37:20,7:37:20,27440.0,27440.0
22844040,200405061,10,0,0,,7:39:00,7:39:00,27540.0,27540.0
22844040,200405057,11,0,0,,7:41:50,7:41:50,27710.0,27710.0
22844040,200405051,12,0,0,,7:44:10,7:44:10,27850.0,27850.0
22844040,200405058,13,0,0,,7:45:30,7:45:30,27930.0,27930.0
22844040,200405059,14,0,0,,7:47:20,7:47:20,28040.0,28040.0
22844040,200404009,15,0,0,,7:50:00,7:50:00,28200.0,28200.0
22844040,200404031,16,0,0,,7:51:20,7:51:20,28280.0,28280.0
22844039,200417052,0,0,0,,7:30:10,7:30:10,27010.0,27010.0
22844039,200417066,1,0,0,,7:31:50,7:31:50,27110.0,27110.0
22844039,200417045,2,0,0,,7:33:10,7:33:10,27190.0,27190.0
22844039,200417046,3,0,0,,7:34:40,7:34:40,27280.0,27280.0
22844039,200417014,4,0,0,,7:36:00,7:36:00,27360.0,27360.0
22844039,200417029,5,0,0,,7:37:20,7:37:20,27440.0,27440.0
22844039,200417031,6,0,0,,7:38:40,7:38:40,27520.0,27520.0
22844039,200417058,7,0,0,,7:40:00,7:40:00,27600.0,27600.0
22844039,200419041,8,0,0,,7:42:20,7:42:20,27740.0,27740.0
22844039,200419039,9,0,0,,7:44:20,7:44:20,27860.0,27860.0
22844039,200405061,10,0,0,,7:46:00,7:46:00,27960.0,27960.0
22844039,200405057,11,0,0,,7:48:50,7:48:50,28130.0,28130.0
22844039,200405051,12,0,0,,7:51:10,7:51:10,28270.0,28270.0
22844039,200405058,13,0,0,,7:52:30,7:52:30,28350.0,28350.0
22844039,200405059,14,0,0,,7:54:20,7:54:20,28460.0,28460.0
22844039,200404009,15,0,0,,7:57:00,7:57:00,28620.0,28620.0
22844039,200404031,16,0,0,,7:58:20,7:58:20,28700.0,28700.0
22844038,200417052,0,0,0,,7:37:10,7:37:10,27430.0,27430.0
22844038,200417066,1,0,0,,7:38:50,7:38:50,27530.0,27530.0
22844038,200417045,2,0,0,,7:40:10,7:40:10,27610.0,27610.0
22844038,200417046,3,0,0,,7:41:40,7:41:40,27700.0,27700.0
22844038,200417014,4,0,0,,7:43:00,7:43:00,27780.0,27780.0
22844038,200417029,5,0,0,,7:44:20,7:44:20,27860.0,27860.0
22844038,200417031,6,0,0,,7:45:40,7:45:40,27940.0,27940.0
22844038,200417058,7,0,0,,7:47:00,7:47:00,28020.0,28020.0
22844038,200419041,8,0,0,,7:49:20,7:49:20,28160.0,28160.0
22844038,200419039,9,0,0,,7:51:20,7:51:20,28280.0,28280.0
22844038,200405061,10,0,0,,7:53:00,7:53:00,28380.0,28380.0
22844038,200405057,11,0,0,,7:55:50,7:55:50,28550.0,28550.0
22844038,200405051,12,0,0,,7:58:10,7:58:10,28690.0,28690.0
22844038,200405058,13,0,0,,7:59:30,7:59:30,28770.0,28770.0
22844038,200405059,14,0,0,,8:01:20,8:01:20,28880.0,28880.0
22844038,200404009,15,0,0,,8:04:00,8:04:00,29040.0,29040.0
22844038,200404031,16,0,0,,8:05:20,8:05:20,29120.0,29120.0
22844037,200417052,0,0,0,,7:44:10,7:44:10,27850.0,27850.0
22844037,200417066,1,0,0,,7:45:50,7:45:50,27950.0,27950.0
22844037,200417045,2,0,0,,7:47:10,7:47:10,28030.0,28030.0
22844037,200417046,3,0,0,,7:48:40,7:48:40,28120.0,28120.0
22844037,200417014,4,0,0,,7:50:00,7:50:00,28200.0,28200.0
22844037,200417029,5,0,0,,7:51:20,7:51:20,28280.0,28280.0
22844037,200417031,6,0,0,,7:52:40,7:52:40,28360.0,28360.0
22844037,200417058,7,0,0,,7:54:00,7:54:00,28440.0,28440.0
22844037,200419041,8,0,0,,7:56:20,7:56:20,28580.0,28580.0
22844037,200419039,9,0,0,,7:58:20,7:58:20,28700.0,28700.0
22844037,200405061,10,0,0,,8:00:00,8:00:00,28800.0,28800.0
22844037,200405057,11,0,0,,8:02:50,8:02:50,28970.0,28970.0
22844037,200405051,12,0,0,,8:05:10,8:05:10,29110.0,29110.0
22844037,200405058,13,0,0,,8:06:30,8:06:30,29190.0,29190.0
22844037,200405059,14,0,0,,8:08:20,8:08:20,29300.0,29300.0
22844037,200404009,15,0,0,,8:11:00,8:11:00,29460.0,29460.0
22844037,200404031,16,0,0,,8:12:20,8:12:20,29540.0,29540.0
22844036,200417052,0,0,0,,7:51:10,7:51:10,28270.0,28270.0
22844036,200417066,1,0,0,,7:52:50,7:52:50,28370.0,28370.0
22844036,200417045,2,0,0,,7:54:10,7:54:10,28450.0,28450.0
22844036,200417046,3,0,0,,7:55:40,7:55:40,28540.0,28540.0
22844036,200417014,4,0,0,,7:57:00,7:57:00,28620.0,28620.0
22844036,200417029,5,0,0,,7:58:20,7:58:20,28700.0,28700.0
22844036,200417031,6,0,0,,7:59:40,7:59:40,28780.0,28780.0
22844036,200417058,7,0,0,,8:01:00,8:01:00,28860.0,28860.0
22844036,200419041,8,0,0,,8:03:20,8:03:20,29000.0,29000.0
22844036,200419039,9,0,0,,8:05:20,8:05:20,29120.0,29120.0
22844036,200405061,10,0,0,,8:07:00,8:07:00,29220.0,29220.0
22844036,200405057,11,0,0,,8:09:50,8:09:50,29390.0,29390.0
22844036,200405051,12,0,0,,8:12:10,8:12:10,29530.0,29530.0
22844036,200405058,13,0,0,,8:13:30,8:13:30,29610.0,29610.0
22844036,200405059,14,0,0,,8:15:20,8:15:20,29720.0,29720.0
22844036,200404009,15,0,0,,8:18:00,8:18:00,29880.0,29880.0
22844036,200404031,16,0,0,,8:19:20,8:19:20,29960.0,29960.0
22844035,200417052,0,0,0,,7:58:10,7:58:10,28690.0,28690.0
22844035,200417066,1,0,0,,7:59:50,7:59:50,28790.0,28790.0
22844035,200417045,2,0,0,,8:01:10,8:01:10,28870.0,28870.0
22844035,200417046,3,0,0,,8:02:40,8:02:40,28960.0,28960.0
22844035,200417014,4,0,0,,8:04:00,8:04:00,29040.0,29040.0
22844035,200417029,5,0,0,,8:05:20,8:05:20,29120.0,29120.0
22844035,200417031,6,0,0,,8:06:40,8:06:40,29200.0,29200.0
22844035,200417058,7,0,0,,8:08:00,8:08:00,29280.0,29280.0
22844035,200419041,8,0,0,,8:10:20,8:10:20,29420.0,29420.0
22844035,200419039,9,0,0,,8:12:20,8:12:20,29540.0,29540.0
22844035,200405061,10,0,0,,8:14:00,8:14:00,29640.0,29640.0
22844035,200405057,11,0,0,,8:16:50,8:16:50,29810.0,29810.0
22844035,200405051,12,0,0,,8:19:10,8:19:10,29950.0,29950.0
22844035,200405058,13,0,0,,8:20:30,8:20:30,30030.0,30030.0
22844035,200405059,14,0,0,,8:22:20,8:22:20,30140.0,30140.0
22844035,200404009,15,0,0,,8:25:00,8:25:00,30300.0,30300.0
22844035,200404031,16,0,0,,8:26:20,8:26:20,30380.0,30380.0
22844034,200417052,0,0,0,,8:05:10,8:05:10,29110.0,29110.0
22844034,200417066,1,0,0,,8:06:50,8:06:50,29210.0,29210.0
22844034,200417045,2,0,0,,8:08:10,8:08:10,29290.0,29290.0
22844034,200417046,3,0,0,,8:09:40,8:09:40,29380.0,29380.0
22844034,200417014,4,0,0,,8:11:00,8:11:00,29460.0,29460.0
22844034,200417029,5,0,0,,8:12:20,8:12:20,29540.0,29540.0
22844034,200417031,6,0,0,,8:13:40,8:13:40,29620.0,29620.0
22844034,200417058,7,0,0,,8:15:00,8:15:00,29700.0,29700.0
22844034,200419041,8,0,0,,8:17:20,8:17:20,29840.0,29840.0
22844034,200419039,9,0,0,,8:19:20,8:19:20,29960.0,29960.0
22844034,200405061,10,0,0,,8:21:00,8:21:00,30060.0,30060.0
22844034,200405057,11,0,0,,8:23:50,8:23:50,30230.0,30230.0
22844034,200405051,12,0,0,,8:26:10,8:26:10,30370.0,30370.0
22844034,200405058,13,0,0,,8:27:30,8:27:30,30450.0,30450.0
22844034,200405059,14,0,0,,8:29:20,8:29:20,30560.0,30560.0
22844034,200404009,15,0,0,,8:32:00,8:32:00,30720.0,30720.0
22844034,200404031,16,0,0,,8:33:20,8:33:20,30800.0,30800.0
22844033,200417052,0,0,0,,8:12:10,8:12:10,29530.0,29530.0
22844033,200417066,1,0,0,,8:13:50,8:13:50,29630.0,29630.0
22844033,200417045,2,0,0,,8:15:10,8:15:10,29710.0,29710.0
22844033,200417046,3,0,0,,8:16:40,8:16:40,29800.0,29800.0
22844033,200417014,4,0,0,,8:18:00,8:18:00,29880.0,29880.0
22844033,200417029,5,0,0,,8:19:20,8:19:20,29960.0,29960.0
22844033,200417031,6,0,0,,8:20:40,8:20:40,30040.0,30040.0
22844033,200417058,7,0,0,,8:22:00,8:22:00,30120.0,30120.0
22844033,200419041,8,0,0,,8:24:20,8:24:20,30260.0,30260.0
22844033,200419039,9,0,0,,8:26:20,8:26:20,30380.0,30380.0
22844033,200405061,10,0,0,,8:28:00,8:28:00,30480.0,30480.0
22844033,200405057,11,0,0,,8:30:50,8:30:50,30650.0,30650.0
22844033,200405051,12,0,0,,8:33:10,8:33:10,30790.0,30790.0
22844033,200405058,13,0,0,,8:34:30,8:34:30,30870.0,30870.0
22844033,200405059,14,0,0,,8:36:20,8:36:20,30980.0,30980.0
22844033,200404009,15,0,0,,8:39:00,8:39:00,31140.0,31140.0
22844033,200404031,16,0,0,,8:40:20,8:40:20,31220.0,31220.0
22844032,200417052,0,0,0,,8:19:10,8:19:10,29950.0,29950.0
22844032,200417066,1,0,0,,8:20:50,8:20:50,30050.0,30050.0
22844032,200417045,2,0,0,,8:22:10,8:22:10,30130.0,30130.0
22844032,200417046,3,0,0,,8:23:40,8:23:40,30220.0,30220.0
22844032,200417014,4,0,0,,8:25:00,8:25:00,30300.0,30300.0
22844032,200417029,5,0,0,,8:26:20,8:26:20,30380.0,30380.0
22844032,200417031,6,0,0,,8:27:40,8:27:40,30460.0,30460.0
22844032,200417058,7,0,0,,8:29:00,8:29:00,30540.0,30540.0
22844032,200419041,8,0,0,,8:31:20,8:31:20,30680.0,30680.0
22844032,200419039,9,0,0,,8:33:20,8:33:20,30800.0,30800.0
22844032,200405061,10,0,0,,8:35:00,8:35:00,30900.0,30900.0
22844032,200405057,11,0,0,,8:37:50,8:37:50,31070.0,31070.0
22844032,200405051,12,0,0,,8:40:10,8:40:10,31210.0,31210.0
22844032,200405058,13,0,0,,8:41:30,8:41:30,31290.0,31290.0
22844032,200405059,14,0,0,,8:43:20,8:43:20,31400.0,31400.0
22844032,200404009,15,0,0,,8:46:00,8:46:00,31560.0,31560.0
22844032,200404031,16,0,0,,8:47:20,8:47:20,31640.0,31640.0
22844031,200417052,0,0,0,,8:26:10,8:26:10,30370.0,30370.0
22844031,200417066,1,0,0,,8:27:50,8:27:50,30470.0,30470.0
22844031,200417045,2,0,0,,8:29:10,8:29:10,30550.0,30550.0
22844031,200417046,3,0,0,,8:30:40,8:30:40,30640.0,30640.0
22844031,200417014,4,0,0,,8:32:00,8:32:00,30720.0,30720.0
22844031,200417029,5,0,0,,8:33:20,8:33:20,30800.0,30800.0
22844031,200417031,6,0,0,,8:34:40,8:34:40,30880.0,30880.0
22844031,200417058,7,0,0,,8:36:00,8:36:00,30960.0,30960.0
22844031,200419041,8,0,0,,8:38:20,8:38:20,31100.0,31100.0
22844031,200419039,9,0,0,,8:40:20,8:40:20,31220.0,31220.0
22844031,200405061,10,0,0,,8:42:00,8:42:00,31320.0,31320.0
22844031,200405057,11,0,0,,8:44:50,8:44:50,31490.0,31490.0
22844031,200405051,12,0,0,,8:47:10,8:47:10,31630.0,31630.0
22844031,200405058,13,0,0,,8:48:30,8:48:30,31710.0,31710.0
22844031,200405059,14,0,0,,8:50:20,8:50:20,31820.0,31820.0
22844031,200404009,15,0,0,,8:53:00,8:53:00,31980.0,31980.0
22844031,200404031,16,0,0,,8:54:20,8:54:20,32060.0,32060.0
22844030,200417052,0,0,0,,8:33:10,8:33:10,30790.0,30790.0
22844030,200417066,1,0,0,,8:34:50,8:34:50,30890.0,30890.0
22844030,200417045,2,0,0,,8:36:10,8:36:10,30970.0,30970.0
22844030,200417046,3,0,0,,8:37:40,8:37:40,31060.0,31060.0
22844030,200417014,4,0,0,,8:39:00,8:39:00,31140.0,31140.0
22844030,200417029,5,0,0,,8:40:20,8:40:20,31220.0,31220.0
22844030,200417031,6,0,0,,8:41:40,8:41:40,31300.0,31300.0
22844030,200417058,7,0,0,,8:43:00,8:43:00,31380.0,31380.0
22844030,200419041,8,0,0,,8:45:20,8:45:20,31520.0,31520.0
22844030,200419039,9,0,0,,8:47:20,8:47:20,31640.0,31640.0
22844030,200405061,10,0,0,,8:49:00,8:49:00,31740.0,31740.0
22844030,200405057,11,0,0,,8:51:50,8:51:50,31910.0,31910.0
22844030,200405051,12,0,0,,8:54:10,8:54:10,32050.0,32050.0
22844030,200405058,13,0,0,,8:55:30,8:55:30,32130.0,32130.0
22844030,200405059,14,0,0,,8:57:20,8:57:20,32240.0,32240.0
22844030,200404009,15,0,0,,9:00:00,9:00:00,32400.0,32400.0
22844029,200417052,0,0,0,,8:41:10,8:41:10,31270.0,31270.0
22844029,200417066,1,0,0,,8:42:50,8:42:50,31370.0,31370.0
22844029,200417045,2,0,0,,8:44:10,8:44:10,31450.0,31450.0
22844029,200417046,3,0,0,,8:45:40,8:45:40,31540.0,31540.0
22844029,200417014,4,0,0,,8:47:00,8:47:00,31620.0,31620.0
22844029,200417029,5,0,0,,8:48:20,8:48:20,31700.0,31700.0
22844029,200417031,6,0,0,,8:49:40,8:49:40,31780.0,31780.0
22844029,200417058,7,0,0,,8:51:00,8:51:00,31860.0,31860.0
22844029,200419041,8,0,0,,8:53:20,8:53:20,32000.0,32000.0
22844029,200419039,9,0,0,,8:55:20,8:55:20,32120.0,32120.0
22844029,200405061,10,0,0,,8:57:00,8:57:00,32220.0,32220.0
22844029,200405057,11,0,0,,8:59:50,8:59:50,32390.0,32390.0
22844028,200417052,0,0,0,,8:49:30,8:49:30,31770.0,31770.0
22844028,200417066,1,0,0,,8:51:10,8:51:10,31870.0,31870.0
22844028,200417045,2,0,0,,8:52:30,8:52:30,31950.0,31950.0
22844028,200417046,3,0,0,,8:54:00,8:54:00,32040.0,32040.0
22844028,200417014,4,0,0,,8:55:20,8:55:20,32120.0,32120.0
22844028,200417029,5,0,0,,8:56:40,8:56:40,32200.0,32200.0
22844028,200417031,6,0,0,,8:58:00,8:58:00,32280.0,32280.0
22844028,200417058,7,0,0,,8:59:20,8:59:20,32360.0,32360.0
22844027,200417052,0,0,0,,8:57:10,8:57:10,32230.0,32230.0
22844027,200417066,1,0,0,,8:58:50,8:58:50,32330.0,32330.0
22844203,200423009,23,0,0,,7:00:50,7:00:50,25250.0,25250.0
22844202,200304021,19,0,0,,7:01:10,7:01:10,25270.0,25270.0
22844202,200304019,20,0,0,,7:03:10,7:03:10,25390.0,25390.0
22844202,200423006,21,0,0,,7:04:30,7:04:30,25470.0,25470.0
22844202,200423008,22,0,0,,7:06:40,7:06:40,25600.0,25600.0
22844202,200423009,23,0,0,,7:08:50,7:08:50,25730.0,25730.0
22844201,200405059,16,0,0,,7:01:40,7:01:40,25300.0,25300.0
22844201,200404009,17,0,0,,7:04:20,7:04:20,25460.0,25460.0
22844201,200404031,18,0,0,,7:05:40,7:05:40,25540.0,25540.0
22844201,200304021,19,0,0,,7:08:10,7:08:10,25690.0,25690.0
22844201,200304019,20,0,0,,7:10:10,7:10:10,25810.0,25810.0
22844201,200423006,21,0,0,,7:11:30,7:11:30,25890.0,25890.0
22844201,200423008,22,0,0,,7:13:40,7:13:40,26020.0,26020.0
22844201,200423009,23,0,0,,7:15:50,7:15:50,26150.0,26150.0
22844200,200405061,12,0,0,,7:00:20,7:00:20,25220.0,25220.0
22844200,200405057,13,0,0,,7:03:10,7:03:10,25390.0,25390.0
22844200,200405051,14,0,0,,7:05:30,7:05:30,25530.0,25530.0
22844200,200405058,15,0,0,,7:06:50,7:06:50,25610.0,25610.0
22844200,200405059,16,0,0,,7:08:40,7:08:40,25720.0,25720.0
22844200,200404009,17,0,0,,7:11:20,7:11:20,25880.0,25880.0
22844200,200404031,18,0,0,,7:12:40,7:12:40,25960.0,25960.0
22844200,200304021,19,0,0,,7:15:10,7:15:10,26110.0,26110.0
22844200,200304019,20,0,0,,7:17:10,7:17:10,26230.0,26230.0
22844200,200423006,21,0,0,,7:18:30,7:18:30,26310.0,26310.0
22844200,200423008,22,0,0,,7:20:40,7:20:40,26440.0,26440.0
22844200,200423009,23,0,0,,7:22:50,7:22:50,26570.0,26570.0
22844199,200417058,9,0,0,,7:01:00,7:01:00,25260.0,25260.0
22844199,200419041,10,0,0,,7:03:20,7:03:20,25400.0,25400.0
22844199,200419039,11,0,0,,7:05:20,7:05:20,25520.0,25520.0
22844199,200405061,12,0,0,,7:07:00,7:07:00,25620.0,25620.0
22844199,200405057,13,0,0,,7:09:50,7:09:50,25790.0,25790.0
22844199,200405051,14,0,0,,7:12:10,7:12:10,25930.0,25930.0
22844199,200405058,15,0,0,,7:13:30,7:13:30,26010.0,26010.0
22844199,200405059,16,0,0,,7:15:20,7:15:20,26120.0,26120.0
22844199,200404009,17,0,0,,7:18:00,7:18:00,26280.0,26280.0
22844199,200404031,18,0,0,,7:19:20,7:19:20,26360.0,26360.0
22844199,200304021,19,0,0,,7:21:50,7:21:50,26510.0,26510.0
22844199,200304019,20,0,0,,7:23:50,7:23:50,26630.0,26630.0
22844199,200423006,21,0,0,,7:25:10,7:25:10,26710.0,26710.0
22844199,200423008,22,0,0,,7:27:20,7:27:20,26840.0,26840.0
22844199,200423009,23,0,0,,7:29:30,7:29:30,26970.0,26970.0
22844198,200417045,4,0,0,,7:01:10,7:01:10,25270.0,25270.0
22844198,200417046,5,0,0,,7:02:40,7:02:40,25360.0,25360.0
22844198,200417014,6,0,0,,7:04:00,7:04:00,25440.0,25440.0
22844198,200417029,7,0,0,,7:05:20,7:05:20,25520.0,25520.0
22844198,200417031,8,0,0,,7:06:40,7:06:40,25600.0,25600.0
22844198,200417058,9,0,0,,7:08:00,7:08:00,25680.0,25680.0
22844198,200419041,10,0,0,,7:10:20,7:10:20,25820.0,25820.0
22844198,200419039,11,0,0,,7:12:20,7:12:20,25940.0,25940.0
22844198,200405061,12,0,0,,7:14:00,7:14:00,26040.0,26040.0
22844198,200405057,13,0,0,,7:16:50,7:16:50,26210.0,26210.0
22844198,200405051,14,0,0,,7:19:10,7:19:10,26350.0,26350.0
22844198,200405058,15,0,0,,7:20:30,7:20:30,26430.0,26430.0
22844198,200405059,16,0,0,,7:22:20,7:22:20,26540.0,26540.0
22844198,200404009,17,0,0,,7:25:00,7:25:00,26700.0,26700.0
22844198,200404031,18,0,0,,7:26:20,7:26:20,26780.0,26780.0
22844198,200304021,19,0,0,,7:28:50,7:28:50,26930.0,26930.0
22844198,200304019,20,0,0,,7:30:50,7:30:50,27050.0,27050.0
22844198,200423006,21,0,0,,7:32:10,7:32:10,27130.0,27130.0
22844198,200423008,22,0,0,,7:34:20,7:34:20,27260.0,27260.0
22844198,200423009,23,0,0,,7:36:30,7:36:30,27390.0,27390.0
22844197,200417052,2,0,0,,7:05:10,7:05:10,25510.0,25510.0
22844197,200417066,3,0,0,,7:06:50,7:06:50,25610.0,25610.0
22844197,200417045,4,0,0,,7:08:10,7:08:10,25690.0,25690.0
22844197,200417046,5,0,0,,7:09:40,7:09:40,25780.0,25780.0
22844197,200417014,6,0,0,,7:11:00,7:11:00,25860.0,25860.0
22844197,200417029,7,0,0,,7:12:20,7:12:20,25940.0,25940.0
22844197,200417031,8,0,0,,7:13:40,7:13:40,26020.0,26020.0
22844197,200417058,9,0,0,,7:15:00,7:15:00,26100.0,26100.0
22844197,200419041,10,0,0,,7:17:20,7:17:20,26240.0,26240.0
22844197,200419039,11,0,0,,7:19:20,7:19:20,26360.0,26360.0
22844197,200405061,12,0,0,,7:21:00,7:21:00,26460.0,26460.0
22844197,200405057,13,0,0,,7:23:50,7:23:50,26630.0,26630.0
22844197,200405051,14,0,0,,7:26:10,7:26:10,26770.0,26770.0
22844197,200405058,15,0,0,,7:27:30,7:27:30,26850.0,26850.0
22844197,200405059,16,0,0,,7:29:20,7:29:20,26960.0,26960.0
22844197,200404009,17,0,0,,7:32:00,7:32:00,27120.0,27120.0
22844197,200404031,18,0,0,,7:33:20,7:33:20,27200.0,27200.0
22844197,200304021,19,0,0,,7:35:50,7:35:50,27350.0,27350.0
22844197,200304019,20,0,0,,7:37:50,7:37:50,27470.0,27470.0
22844197,200423006,21,0,0,,7:39:10,7:39:10,27550.0,27550.0
22844197,200423008,22,0,0,,7:41:20,7:41:20,27680.0,27680.0
22844197,200423009,23,0,0,,7:43:30,7:43:30,27810.0,27810.0
22844195,200501006,0,0,0,,7:04:50,7:04:50,25490.0,25490.0
22844195,200508005,1,0,0,,7:06:50,7:06:50,25610.0,25610.0
22844195,200417052,2,0,0,,7:12:10,7:12:10,25930.0,25930.0
22844195,200417066,3,0,0,,7:13:50,7:13:50,26030.0,26030.0
22844195,200417045,4,0,0,,7:15:10,7:15:10,26110.0,26110.0
22844195,200417046,5,0,0,,7:16:40,7:16:40,26200.0,26200.0
22844195,200417014,6,0,0,,7:18:00,7:18:00,26280.0,26280.0
22844195,200417029,7,0,0,,7:19:20,7:19:20,26360.0,26360.0
22844195,200417031,8,0,0,,7:20:40,7:20:40,26440.0,26440.0
22844195,200417058,9,0,0,,7:22:00,7:22:00,26520.0,26520.0
22844195,200419041,10,0,0,,7:24:20,7:24:20,26660.0,26660.0
22844195,200419039,11,0,0,,7:26:20,7:26:20,26780.0,26780.0
22844195,200405061,12,0,0,,7:28:00,7:28:00,26880.0,26880.0
22844195,200405057,13,0,0,,7:30:50,7:30:50,27050.0,27050.0
22844195,200405051,14,0,0,,7:33:10,7:33:10,27190.0,27190.0
22844195,200405058,15,0,0,,7:34:30,7:34:30,27270.0,27270.0
22844195,200405059,16,0,0,,7:36:20,7:36:20,27380.0,27380.0
22844195,200404009,17,0,0,,7:39:00,7:39:00,27540.0,27540.0
22844195,200404031,18,0,0,,7:40:20,7:40:20,27620.0,27620.0
22844195,200304021,19,0,0,,7:42:50,7:42:50,27770.0,27770.0
22844195,200304019,20,0,0,,7:44:50,7:44:50,27890.0,27890.0
22844195,200423006,21,0,0,,7:46:10,7:46:10,27970.0,27970.0
22844195,200423008,22,0,0,,7:48:20,7:48:20,28100.0,28100.0
22844195,200423009,23,0,0,,7:50:30,7:50:30,28230.0,28230.0
22844194,200501006,0,0,0,,7:11:50,7:11:50,25910.0,25910.0
22844194,200508005,1,0,0,,7:13:50,7:13:50,26030.0,26030.0
22844194,200417052,2,0,0,,7:19:10,7:19:10,26350.0,26350.0
22844194,200417066,3,0,0,,7:20:50,7:20:50,26450.0,26450.0
22844194,200417045,4,0,0,,7:22:10,7:22:10,26530.0,26530.0
22844194,200417046,5,0,0,,7:23:40,7:23:40,26620.0,26620.0
22844194,200417014,6,0,0,,7:25:00,7:25:00,26700.0,26700.0
22844194,200417029,7,0,0,,7:26:20,7:26:20,26780.0,26780.0
22844194,200417031,8,0,0,,7:27:40,7:27:40,26860.0,26860.0
22844194,200417058,9,0,0,,7:29:00,7:29:00,26940.0,26940.0
22844194,200419041,10,0,0,,7:31:20,7:31:20,27080.0,27080.0
22844194,200419039,11,0,0,,7:33:20,7:33:20,27200.0,27200.0
22844194,200405061,12,0,0,,7:35:00,7:35:00,27300.0,27300.0
22844194,200405057,13,0,0,,7:37:50,7:37:50,27470.0,27470.0
22844194,200405051,14,0,0,,7:40:10,7:40:10,27610.0,27610.0
22844194,200405058,15,0,0,,7:41:30,7:41:30,27690.0,27690.0
22844194,200405059,16,0,0,,7:43:20,7:43:20,27800.0,27800.0
22844194,200404009,17,0,0,,7:46:00,7:46:00,27960.0,27960.0
22844194,200404031,18,0,0,,7:47:20,7:47:20,28040.0,28040.0
22844194,200304021,19,0,0,,7:49:50,7:49:50,28190.0,28190.0
22844194,200304019,20,0,0,,7:51:50,7:51:50,28310.0,28310.0
22844194,200423006,21,0,0,,7:53:10,7:53:10,28390.0,28390.0
22844194,200423008,22,0,0,,7:55:20,7:55:20,28520.0,28520.0
22844194,200423009,23,0,0,,7:57:30,7:57:30,28650.0,28650.0
22844193,200501006,0,0,0,,7:18:50,7:18:50,26330.0,26330.0
22844193,200508005,1,0,0,,7:20:50,7:20:50,26450.0,26450.0
22844193,200417052,2,0,0,,7:26:10,7:26:10,26770.0,26770.0
22844193,200417066,3,0,0,,7:27:50,7:27:50,26870.0,26870.0
22844193,200417045,4,0,0,,7:29:10,7:29:10,26950.0,26950.0
22844193,200417046,5,0,0,,7:30:40,7:30:40,27040.0,27040.0
22844193,200417014,6,0,0,,7:32:00,7:32:00,27120.0,27120.0
22844193,200417029,7,0,0,,7:33:20,7:33:20,27200.0,27200.0
22844193,200417031,8,0,0,,7:34:40,7:34:40,27280.0,27280.0
22844193,200417058,9,0,0,,7:36:00,7:36:00,27360.0,27360.0
22844193,200419041,10,0,0,,7:38:20,7:38:20,27500.0,27500.0
22844193,200419039,11,0,0,,7:40:20,7:40:20,27620.0,27620.0
22844193,200405061,12,0,0,,7:42:00,7:42:00,27720.0,27720.0
22844193,200405057,13,0,0,,7:44:50,7:44:50,27890.0,27890.0
22844193,200405051,14,0,0,,7:47:10,7:47:10,28030.0,28030.0
22844193,200405058,15,0,0,,7:48:30,7:48:30,28110.0,28110.0
22844193,200405059,16,0,0,,7:50:20,7:50:20,28220.0,28220.0
22844193,200404009,17,0,0,,7:53:00,7:53:00,28380.0,28380.0
22844193,200404031,18,0,0,,7:54:20,7:54:20,28460.0,28460.0
22844193,200304021,19,0,0,,7:56:50,7:56:50,28610.0,28610.0
22844193,200304019,20,0,0,,7:58:50,7:58:50,28730.0,28730.0
22844193,200423006,21,0,0,,8:00:10,8:00:10,28810.0,28810.0
22844193,200423008,22,0,0,,8:02:20,8:02:20,28940.0,28940.0
22844193,200423009,23,0,0,,8:04:30,8:04:30,29070.0,29070.0
22844192,200501006,0,0,0,,7:25:50,7:25:50,26750.0,26750.0
22844192,200508005,1,0,0,,7:27:50,7:27:50,26870.0,26870.0
22844192,200417052,2,0,0,,7:33:10,7:33:10,27190.0,27190.0
22844192,200417066,3,0,0,,7:34:50,7:34:50,27290.0,27290.0
22844192,200417045,4,0,0,,7:36:10,7:36:10,27370.0,27370.0
22844192,200417046,5,0,0,,7:37:40,7:37:40,27460.0,27460.0
22844192,200417014,6,0,0,,7:39:00,7:39:00,27540.0,27540.0
22844192,200417029,7,0,0,,7:40:20,7:40:20,27620.0,27620.0
22844192,200417031,8,0,0,,7:41:40,7:41:40,27700.0,27700.0
22844192,200417058,9,0,0,,7:43:00,7:43:00,27780.0,27780.0
22844192,200419041,10,0,0,,7:45:20,7:45:20,27920.0,27920.0
22844192,200419039,11,0,0,,7:47:20,7:47:20,28040.0,28040.0
22844192,200405061,12,0,0,,7:49:00,7:49:00,28140.0,28140.0
22844192,200405057,13,0,0,,7:51:50,7:51:50,28310.0,28310.0
22844192,200405051,14,0,0,,7:54:10,7:54:10,28450.0,28450.0
22844192,200405058,15,0,0,,7:55:30,7:55:30,28530.0,28530.0
22844192,200405059,16,0,0,,7:57:20,7:57:20,28640.0,28640.0
22844192,200404009,17,0,0,,8:00:00,8:00:00,28800.0,28800.0
22844192,200404031,18,0,0,,8:01:20,8:01:20,28880.0,28880.0
22844192,200304021,19,0,0,,8:03:50,8:03:50,29030.0,29030.0
22844192,200304019,20,0,0,,8:05:50,8:05:50,29150.0,29150.0
22844192,200423006,21,0,0,,8:07:10,8:07:10,29230.0,29230.0
22844192,200423008,22,0,0,,8:09:20,8:09:20,29360.0,29360.0
22844192,200423009,23,0,0,,8:11:30,8:11:30,29490.0,29490.0
22844191,200501006,0,0,0,,7:32:50,7:32:50,27170.0,27170.0
22844191,200508005,1,0,0,,7:34:50,7:34:50,27290.0,27290.0
22844191,200417052,2,0,0,,7:40:10,7:40:10,27610.0,27610.0
22844191,200417066,3,0,0,,7:41:50,7:41:50,27710.0,27710.0
22844191,200417045,4,0,0,,7:43:10,7:43:10,27790.0,27790.0
22844191,200417046,5,0,0,,7:44:40,7:44:40,27880.0,27880.0
22844191,200417014,6,0,0,,7:46:00,7:46:00,27960.0,27960.0
22844191,200417029,7,0,0,,7:47:20,7:47:20,28040.0,28040.0
22844191,200417031,8,0,0,,7:48:40,7:48:40,28120.0,28120.0
22844191,200417058,9,0,0,,7:50:00,7:50:00,28200.0,28200.0
22844191,200419041,10,0,0,,7:52:20,7:52:20,28340.0,28340.0
22844191,200419039,11,0,0,,7:54:20,7:54:20,28460.0,28460.0
22844191,200405061,12,0,0,,7:56:00,7:56:00,28560.0,28560.0
22844191,200405057,13,0,0,,7:58:50,7:58:50,28730.0,28730.0
22844191,200405051,14,0,0,,8:01:10,8:01:10,28870.0,28870.0
22844191,200405058,15,0,0,,8:02:30,8:02:30,28950.0,28950.0
22844191,200405059,16,0,0,,8:04:20,8:04:20,29060.0,29060.0
22844191,200404009,17,0,0,,8:07:00,8:07:00,29220.0,29220.0
22844191,200404031,18,0,0,,8:08:20,8:08:20,29300.0,29300.0
22844191,200304021,19,0,0,,8:10:50,8:10:50,29450.0,29450.0
22844191,200304019,20,0,0,,8:12:50,8:12:50,29570.0,29570.0
22844191,200423006,21,0,0,,8:14:10,8:14:10,29650.0,29650.0
22844191,200423008,22,0,0,,8:16:20,8:16:20,29780.0,29780.0
22844191,200423009,23,0,0,,8:18:30,8:18:30,29910.0,29910.0
22844189,200501006,0,0,0,,7:39:50,7:39:50,27590.0,27590.0
22844189,200508005,1,0,0,,7:41:50,7:41:50,27710.0,27710.0
22844189,200417052,2,0,0,,7:47:10,7:47:10,28030.0,28030.0
22844189,200417066,3,0,0,,7:48:50,7:48:50,28130.0,28130.0
22844189,200417045,4,0,0,,7:50:10,7:50:10,28210.0,28210.0
22844189,200417046,5,0,0,,7:51:40,7:51:40,28300.0,28300.0
22844189,200417014,6,0,0,,7:53:00,7:53:00,28380.0,28380.0
22844189,200417029,7,0,0,,7:54:20,7:54:20,28460.0,28460.0
22844189,200417031,8,0,0,,7:55:40,7:55:40,28540.0,28540.0
22844189,200417058,9,0,0,,7:57:00,7:57:00,28620.0,28620.0
22844189,200419041,10,0,0,,7:59:20,7:59:20,28760.0,28760.0
22844189,200419039,11,0,0,,8:01:20,8:01:20,28880.0,28880.0
22844189,200405061,12,0,0,,8:03:00,8:03:00,28980.0,28980.0
22844189,200405057,13,0,0,,8:05:50,8:05:50,29150.0,29150.0
22844189,200405051,14,0,0,,8:08:10,8:08:10,29290.0,29290.0
22844189,200405058,15,0,0,,8:09:30,8:09:30,29370.0,29370.0
22844189,200405059,16,0,0,,8:11:20,8:11:20,29480.0,29480.0
22844189,200404009,17,0,0,,8:14:00,8:14:00,29640.0,29640.0
22844189,200404031,18,0,0,,8:15:20,8:15:20,29720.0,29720.0
22844189,200304021,19,0,0,,8:17:50,8:17:50,29870.0,29870.0
22844189,200304019,20,0,0,,8:19:50,8:19:50,29990.0,29990.0
22844189,200423006,21,0,0,,8:21:10,8:21:10,30070.0,30070.0
22844189,200423008,22,0,0,,8:23:20,8:23:20,30200.0,30200.0
22844189,200423009,23,0,0,,8:25:30,8:25:30,30330.0,30330.0
22844188,200501006,0,0,0,,7:46:50,7:46:50,28010.0,28010.0
22844188,200508005,1,0,0,,7:48:50,7:48:50,28130.0,28130.0
22844188,200417052,2,0,0,,7:54:10,7:54:10,28450.0,28450.0
22844188,200417066,3,0,0,,7:55:50,7:55:50,28550.0,28550.0
22844188,200417045,4,0,0,,7:57:10,7:57:10,28630.0,28630.0
22844188,200417046,5,0,0,,7:58:40,7:58:40,28720.0,28720.0
22844188,200417014,6,0,0,,8:00:00,8:00:00,28800.0,28800.0
22844188,200417029,7,0,0,,8:01:20,8:01:20,28880.0,28880.0
22844188,200417031,8,0,0,,8:02:40,8:02:40,28960.0,28960.0
22844188,200417058,9,0,0,,8:04:00,8:04:00,29040.0,29040.0
22844188,200419041,10,0,0,,8:06:20,8:06:20,29180.0,29180.0
22844188,200419039,11,0,0,,8:08:20,8:08:20,29300.0,29300.0
22844188,200405061,12,0,0,,8:10:00,8:10:00,29400.0,29400.0
22844188,200405057,13,0,0,,8:12:50,8:12:50,29570.0,29570.0
22844188,200405051,14,0,0,,8:15:10,8:15:10,29710.0,29710.0
22844188,200405058,15,0,0,,8:16:30,8:16:30,29790.0,29790.0
22844188,200405059,16,0,0,,8:18:20,8:18:20,29900.0,29900.0
22844188,200404009,17,0,0,,8:21:00,8:21:00,30060.0,30060.0
22844188,200404031,18,0,0,,8:22:20,8:22:20,30140.0,30140.0
22844188,200304021,19,0,0,,8:24:50,8:24:50,30290.0,30290.0
22844188,200304019,20,0,0,,8:26:50,8:26:50,30410.0,30410.0
22844188,200423006,21,0,0,,8:28:10,8:28:10,30490.0,30490.0
22844188,200423008,22,0,0,,8:30:20,8:30:20,30620.0,30620.0
22844188,200423009,23,0,0,,8:32:30,8:32:30,30750.0,30750.0
22844187,200501006,0,0,0,,7:53:50,7:53:50,28430.0,28430.0
22844187,200508005,1,0,0,,7:55:50,7:55:50,28550.0,28550.0
22844187,200417052,2,0,0,,8:01:10,8:01:10,28870.0,28870.0
22844187,200417066,3,0,0,,8:02:50,8:02:50,28970.0,28970.0
22844187,200417045,4,0,0,,8:04:10,8:04:10,29050.0,29050.0
22844187,200417046,5,0,0,,8:05:40,8:05:40,29140.0,29140.0
22844187,200417014,6,0,0,,8:07:00,8:07:00,29220.0,29220.0
22844187,200417029,7,0,0,,8:08:20,8:08:20,29300.0,29300.0
22844187,200417031,8,0,0,,8:09:40,8:09:40,29380.0,29380.0
22844187,200417058,9,0,0,,8:11:00,8:11:00,29460.0,29460.0
22844187,200419041,10,0,0,,8:13:20,8:13:20,29600.0,29600.0
22844187,200419039,11,0,0,,8:15:20,8:15:20,29720.0,29720.0
22844187,200405061,12,0,0,,8:17:00,8:17:00,29820.0,29820.0
22844187,200405057,13,0,0,,8:19:50,8:19:50,29990.0,29990.0
22844187,200405051,14,0,0,,8:22:10,8:22:10,30130.0,30130.0
22844187,200405058,15,0,0,,8:23:30,8:23:30,30210.0,30210.0
22844187,200405059,16,0,0,,8:25:20,8:25:20,30320.0,30320.0
22844187,200404009,17,0,0,,8:28:00,8:28:00,30480.0,30480.0
22844187,200404031,18,0,0,,8:29:20,8:29:20,30560.0,30560.0
22844187,200304021,19,0,0,,8:31:50,8:31:50,30710.0,30710.0
22844187,200304019,20,0,0,,8:33:50,8:33:50,30830.0,30830.0
22844187,200423006,21,0,0,,8:35:10,8:35:10,30910.0,30910.0
22844187,200423008,22,0,0,,8:37:20,8:37:20,31040.0,31040.0
22844187,200423009,23,0,0,,8:39:30,8:39:30,31170.0,31170.0
22844186,200501006,0,0,0,,8:00:50,8:00:50,28850.0,28850.0
22844186,200508005,1,0,0,,8:02:50,8:02:50,28970.0,28970.0
22844186,200417052,2,0,0,,8:08:10,8:08:10,29290.0,29290.0
22844186,200417066,3,0,0,,8:09:50,8:09:50,29390.0,29390.0
22844186,200417045,4,0,0,,8:11:10,8:11:10,29470.0,29470.0
22844186,200417046,5,0,0,,8:12:40,8:12:40,29560.0,29560.0
22844186,200417014,6,0,0,,8:14:00,8:14:00,29640.0,29640.0
22844186,200417029,7,0,0,,8:15:20,8:15:20,29720.0,29720.0
22844186,200417031,8,0,0,,8:16:40,8:16:40,29800.0,29800.0
22844186,200417058,9,0,0,,8:18:00,8:18:00,29880.0,29880.0
22844186,200419041,10,0,0,,8:20:20,8:20:20,30020.0,30020.0
22844186,200419039,11,0,0,,8:22:20,8:22:20,30140.0,30140.0
22844186,200405061,12,0,0,,8:24:00,8:24:00,30240.0,30240.0
22844186,200405057,13,0,0,,8:26:50,8:26:50,30410.0,30410.0
22844186,200405051,14,0,0,,8:29:10,8:29:10,30550.0,30550.0
22844186,200405058,15,0,0,,8:30:30,8:30:30,30630.0,30630.0
22844186,200405059,16,0,0,,8:32:20,8:32:20,30740.0,30740.0
22844186,200404009,17,0,0,,8:35:00,8:35:00,30900.0,30900.0
22844186,200404031,18,0,0,,8:36:20,8:36:20,30980.0,30980.0
22844186,200304021,19,0,0,,8:38:50,8:38:50,31130.0,31130.0
22844186,200304019,20,0,0,,8:40:50,8:40:50,31250.0,31250.0
22844186,200423006,21,0,0,,8:42:10,8:42:10,31330.0,31330.0
22844186,200423008,22,0,0,,8:44:20,8:44:20,31460.0,31460.0
22844186,200423009,23,0,0,,8:46:30,8:46:30,31590.0,31590.0
22844185,200501006,0,0,0,,8:07:50,8:07:50,29270.0,29270.0
22844185,200508005,1,0,0,,8:09:50,8:09:50,29390.0,29390.0
22844185,200417052,2,0,0,,8:15:10,8:15:10,29710.0,29710.0
22844185,200417066,3,0,0,,8:16:50,8:16:50,29810.0,29810.0
22844185,200417045,4,0,0,,8:18:10,8:18:10,29890.0,29890.0
22844185,200417046,5,0,0,,8:19:40,8:19:40,29980.0,29980.0
22844185,200417014,6,0,0,,8:21:00,8:21:00,30060.0,30060.0
22844185,200417029,7,0,0,,8:22:20,8:22:20,30140.0,30140.0
22844185,200417031,8,0,0,,8:23:40,8:23:40,30220.0,30220.0
22844185,200417058,9,0,0,,8:25:00,8:25:00,30300.0,30300.0
22844185,200419041,10,0,0,,8:27:20,8:27:20,30440.0,30440.0
22844185,200419039,11,0,0,,8:29:20,8:29:20,30560.0,30560.0
22844185,200405061,12,0,0,,8:31:00,8:31:00,30660.0,30660.0
22844185,200405057,13,0,0,,8:33:50,8:33:50,30830.0,30830.0
22844185,200405051,14,0,0,,8:36:10,8:36:10,30970.0,30970.0
22844185,200405058,15,0,0,,8:37:30,8:37:30,31050.0,31050.0
22844185,200405059,16,0,0,,8:39:20,8:39:20,31160.0,31160.0
22844185,200404009,17,0,0,,8:42:00,8:42:00,31320.0,31320.0
22844185,200404031,18,0,0,,8:43:20,8:43:20,31400.0,31400.0
22844185,200304021,19,0,0,,8:45:50,8:45:50,31550.0,31550.0
22844185,200304019,20,0,0,,8:47:50,8:47:50,31670.0,31670.0
22844185,200423006,21,0,0,,8:49:10,8:49:10,31750.0,31750.0
22844185,200423008,22,0,0,,8:51:20,8:51:20,31880.0,31880.0
22844185,200423009,23,0,0,,8:53:30,8:53:30,32010.0,32010.0
22844184,200501006,0,0,0,,8:14:50,8:14:50,29690.0,29690.0
22844184,200508005,1,0,0,,8:16:50,8:16:50,29810.0,29810.0
22844184,200417052,2,0,0,,8:22:10,8:22:10,30130.0,30130.0
22844184,200417066,3,0,0,,8:23:50,8:23:50,30230.0,30230.0
22844184,200417045,4,0,0,,8:25:10,8:25:10,30310.0,30310.0
22844184,200417046,5,0,0,,8:26:40,8:26:40,30400.0,30400.0
22844184,200417014,6,0,0,,8:28:00,8:28:00,30480.0,30480.0
22844184,200417029,7,0,0,,8:29:20,8:29:20,30560.0,30560.0
22844184,200417031,8,0,0,,8:30:40,8:30:40,30640.0,30640.0
22844184,200417058,9,0,0,,8:32:00,8:32:00,30720.0,30720.0
22844184,200419041,10,0,0,,8:34:20,8:34:20,30860.0,30860.0
22844184,200419039,11,0,0,,8:36:20,8:36:20,30980.0,30980.0
22844184,200405061,12,0,0,,8:38:00,8:38:00,31080.0,31080.0
22844184,200405057,13,0,0,,8:40:50,8:40:50,31250.0,31250.0
22844184,200405051,14,0,0,,8:43:10,8:43:10,31390.0,31390.0
22844184,200405058,15,0,0,,8:44:30,8:44:30,31470.0,31470.0
22844184,200405059,16,0,0,,8:46:20,8:46:20,31580.0,31580.0
22844184,200404009,17,0,0,,8:49:00,8:49:00,31740.0,31740.0
22844184,200404031,18,0,0,,8:50:20,8:50:20,31820.0,31820.0
22844184,200304021,19,0,0,,8:52:50,8:52:50,31970.0,31970.0
22844184,200304019,20,0,0,,8:54:50,8:54:50,32090.0,32090.0
22844184,200423006,21,0,0,,8:56:10,8:56:10,32170.0,32170.0
22844184,200423008,22,0,0,,8:58:20,8:58:20,32300.0,32300.0
22844183,200501006,0,0,0,,8:21:50,8:21:50,30110.0,30110.0
22844183,200508005,1,0,0,,8:23:50,8:23:50,30230.0,30230.0
22844183,200417052,2,0,0,,8:29:10,8:29:10,30550.0,30550.0
22844183,200417066,3,0,0,,8:30:50,8:30:50,30650.0,30650.0
22844183,200417045,4,0,0,,8:32:10,8:32:10,30730.0,30730.0
22844183,200417046,5,0,0,,8:33:40,8:33:40,30820.0,30820.0
22844183,200417014,6,0,0,,8:35:00,8:35:00,30900.0,30900.0
22844183,200417029,7,0,0,,8:36:20,8:36:20,30980.0,30980.0
22844183,200417031,8,0,0,,8:37:40,8:37:40,31060.0,31060.0
22844183,200417058,9,0,0,,8:39:00,8:39:00,31140.0,31140.0
22844183,200419041,10,0,0,,8:41:20,8:41:20,31280.0,31280.0
22844183,200419039,11,0,0,,8:43:20,8:43:20,31400.0,31400.0
22844183,200405061,12,0,0,,8:45:00,8:45:00,31500.0,31500.0
22844183,200405057,13,0,0,,8:47:50,8:47:50,31670.0,31670.0
22844183,200405051,14,0,0,,8:50:10,8:50:10,31810.0,31810.0
22844183,200405058,15,0,0,,8:51:30,8:51:30,31890.0,31890.0
22844183,200405059,16,0,0,,8:53:20,8:53:20,32000.0,32000.0
22844183,200404009,17,0,0,,8:56:00,8:56:00,32160.0,32160.0
22844183,200404031,18,0,0,,8:57:20,8:57:20,32240.0,32240.0
22844183,200304021,19,0,0,,8:59:50,8:59:50,32390.0,32390.0
22844181,200501006,0,0,0,,8:29:50,8:29:50,30590.0,30590.0
22844181,200508005,1,0,0,,8:31:50,8:31:50,30710.0,30710.0
22844181,200417052,2,0,0,,8:37:10,8:37:10,31030.0,31030.0
22844181,200417066,3,0,0,,8:38:50,8:38:50,31130.0,31130.0
22844181,200417045,4,0,0,,8:40:10,8:40:10,31210.0,31210.0
22844181,200417046,5,0,0,,8:41:40,8:41:40,31300.0,31300.0
22844181,200417014,6,0,0,,8:43:00,8:43:00,31380.0,31380.0
22844181,200417029,7,0,0,,8:44:20,8:44:20,31460.0,31460.0
22844181,200417031,8,0,0,,8:45:40,8:45:40,31540.0,31540.0
22844181,200417058,9,0,0,,8:47:00,8:47:00,31620.0,31620.0
22844181,200419041,10,0,0,,8:49:20,8:49:20,31760.0,31760.0
22844181,200419039,11,0,0,,8:51:20,8:51:20,31880.0,31880.0
22844181,200405061,12,0,0,,8:53:00,8:53:00,31980.0,31980.0
22844181,200405057,13,0,0,,8:55:50,8:55:50,32150.0,32150.0
22844181,200405051,14,0,0,,8:58:10,8:58:10,32290.0,32290.0
22844181,200405058,15,0,0,,8:59:30,8:59:30,32370.0,32370.0
22844180,200501006,0,0,0,,8:37:50,8:37:50,31070.0,31070.0
22844180,200508005,1,0,0,,8:39:50,8:39:50,31190.0,31190.0
22844180,200417052,2,0,0,,8:45:10,8:45:10,31510.0,31510.0
22844180,200417066,3,0,0,,8:46:50,8:46:50,31610.0,31610.0
22844180,200417045,4,0,0,,8:48:10,8:48:10,31690.0,31690.0
22844180,200417046,5,0,0,,8:49:40,8:49:40,31780.0,31780.0
22844180,200417014,6,0,0,,8:51:00,8:51:00,31860.0,31860.0
22844180,200417029,7,0,0,,8:52:20,8:52:20,31940.0,31940.0
22844180,200417031,8,0,0,,8:53:40,8:53:40,32020.0,32020.0
22844180,200417058,9,0,0,,8:55:00,8:55:00,32100.0,32100.0
22844180,200419041,10,0,0,,8:57:20,8:57:20,32240.0,32240.0
22844180,200419039,11,0,0,,8:59:20,8:59:20,32360.0,32360.0
22844179,200501006,0,0,0,,8:45:50,8:45:50,31550.0,31550.0
22844179,200508005,1,0,0,,8:47:50,8:47:50,31670.0,31670.0
22844179,200417052,2,0,0,,8:53:10,8:53:10,31990.0,31990.0
22844179,200417066,3,0,0,,8:54:50,8:54:50,32090.0,32090.0
22844179,200417045,4,0,0,,8:56:10,8:56:10,32170.0,32170.0
22844179,200417046,5,0,0,,8:57:40,8:57:40,32260.0,32260.0
22844179,200417014,6,0,0,,8:59:00,8:59:00,32340.0,32340.0
22844178,200501006,0,0,0,,8:53:50,8:53:50,32030.0,32030.0
22844178,200508005,1,0,0,,8:55:50,8:55:50,32150.0,32150.0
22843730,200501006,23,0,0,,7:01:10,7:01:10,25270.0,25270.0
22843729,200417066,20,0,0,,7:00:00,7:00:00,25200.0,25200.0
22843729,200417052,21,0,0,,7:01:30,7:01:30,25290.0,25290.0
22843729,200508005,22,0,0,,7:06:50,7:06:50,25610.0,25610.0
22843729,200501006,23,0,0,,7:09:10,7:09:10,25750.0,25750.0
22843727,200417031,15,0,0,,7:01:10,7:01:10,25270.0,25270.0
22843727,200417029,16,0,0,,7:02:30,7:02:30,25350.0,25350.0
22843727,200417014,17,0,0,,7:03:50,7:03:50,25430.0,25430.0
22843727,200417046,18,0,0,,7:05:10,7:05:10,25510.0,25510.0
22843727,200417045,19,0,0,,7:06:40,7:06:40,25600.0,25600.0
22843727,200417066,20,0,0,,7:08:00,7:08:00,25680.0,25680.0
22843727,200417052,21,0,0,,7:09:30,7:09:30,25770.0,25770.0
22843727,200508005,22,0,0,,7:14:50,7:14:50,26090.0,26090.0
22843727,200501006,23,0,0,,7:17:10,7:17:10,26230.0,26230.0
22843725,200405061,11,0,0,,7:02:20,7:02:20,25340.0,25340.0
22843725,200419039,12,0,0,,7:04:00,7:04:00,25440.0,25440.0
22843725,200419041,13,0,0,,7:05:50,7:05:50,25550.0,25550.0
22843725,200417058,14,0,0,,7:08:20,7:08:20,25700.0,25700.0
22843725,200417031,15,0,0,,7:09:40,7:09:40,25780.0,25780.0
22843725,200417029,16,0,0,,7:11:00,7:11:00,25860.0,25860.0
22843725,200417014,17,0,0,,7:12:20,7:12:20,25940.0,25940.0
22843725,200417046,18,0,0,,7:13:40,7:13:40,26020.0,26020.0
22843725,200417045,19,0,0,,7:15:10,7:15:10,26110.0,26110.0
22843725,200417066,20,0,0,,7:16:30,7:16:30,26190.0,26190.0
22843725,200417052,21,0,0,,7:18:00,7:18:00,26280.0,26280.0
22843725,200508005,22,0,0,,7:23:20,7:23:20,26600.0,26600.0
22843725,200501006,23,0,0,,7:25:40,7:25:40,26740.0,26740.0
22843724,200405059,7,0,0,,7:01:30,7:01:30,25290.0,25290.0
22843724,200405058,8,0,0,,7:03:30,7:03:30,25410.0,25410.0
22843724,200405051,9,0,0,,7:05:00,7:05:00,25500.0,25500.0
22843724,200405057,10,0,0,,7:07:00,7:07:00,25620.0,25620.0
22843724,200405061,11,0,0,,7:09:50,7:09:50,25790.0,25790.0
22843724,200419039,12,0,0,,7:11:30,7:11:30,25890.0,25890.0
22843724,200419041,13,0,0,,7:13:20,7:13:20,26000.0,26000.0
22843724,200417058,14,0,0,,7:15:50,7:15:50,26150.0,26150.0
22843724,200417031,15,0,0,,7:17:10,7:17:10,26230.0,26230.0
22843724,200417029,16,0,0,,7:18:30,7:18:30,26310.0,26310.0
22843724,200417014,17,0,0,,7:19:50,7:19:50,26390.0,26390.0
22843724,200417046,18,0,0,,7:21:10,7:21:10,26470.0,26470.0
22843724,200417045,19,0,0,,7:22:40,7:22:40,26560.0,26560.0
22843724,200417066,20,0,0,,7:24:00,7:24:00,26640.0,26640.0
22843724,200417052,21,0,0,,7:25:30,7:25:30,26730.0,26730.0
22843724,200508005,22,0,0,,7:30:50,7:30:50,27050.0,27050.0
22843724,200501006,23,0,0,,7:33:10,7:33:10,27190.0,27190.0
22843723,200304021,4,0,0,,7:01:40,7:01:40,25300.0,25300.0
22843723,200404031,5,0,0,,7:04:10,7:04:10,25450.0,25450.0
22843723,200404009,6,0,0,,7:05:50,7:05:50,25550.0,25550.0
22843723,200405059,7,0,0,,7:08:30,7:08:30,25710.0,25710.0
22843723,200405058,8,0,0,,7:10:30,7:10:30,25830.0,25830.0
22843723,200405051,9,0,0,,7:12:00,7:12:00,25920.0,25920.0
22843723,200405057,10,0,0,,7:14:00,7:14:00,26040.0,26040.0
22843723,200405061,11,0,0,,7:16:50,7:16:50,26210.0,26210.0
22843723,200419039,12,0,0,,7:18:30,7:18:30,26310.0,26310.0
22843723,200419041,13,0,0,,7:20:20,7:20:20,26420.0,26420.0
22843723,200417058,14,0,0,,7:22:50,7:22:50,26570.0,26570.0
22843723,200417031,15,0,0,,7:24:10,7:24:10,26650.0,26650.0
22843723,200417029,16,0,0,,7:25:30,7:25:30,26730.0,26730.0
22843723,200417014,17,0,0,,7:26:50,7:26:50,26810.0,26810.0
22843723,200417046,18,0,0,,7:28:10,7:28:10,26890.0,26890.0
22843723,200417045,19,0,0,,7:29:40,7:29:40,26980.0,26980.0
22843723,200417066,20,0,0,,7:31:00,7:31:00,27060.0,27060.0
22843723,200417052,21,0,0,,7:32:30,7:32:30,27150.0,27150.0
22843723,200508005,22,0,0,,7:37:50,7:37:50,27470.0,27470.0
22843723,200501006,23,0,0,,7:40:10,7:40:10,27610.0,27610.0
22843722,200423009,0,0,0,,7:01:00,7:01:00,25260.0,25260.0
22843722,200423008,1,0,0,,7:03:00,7:03:00,25380.0,25380.0
22843722,200423006,2,0,0,,7:05:00,7:05:00,25500.0,25500.0
22843722,200304019,3,0,0,,7:06:20,7:06:20,25580.0,25580.0
22843722,200304021,4,0,0,,7:08:40,7:08:40,25720.0,25720.0
22843722,200404031,5,0,0,,7:11:10,7:11:10,25870.0,25870.0
22843722,200404009,6,0,0,,7:12:50,7:12:50,25970.0,25970.0
22843722,200405059,7,0,0,,7:15:30,7:15:30,26130.0,26130.0
22843722,200405058,8,0,0,,7:17:30,7:17:30,26250.0,26250.0
22843722,200405051,9,0,0,,7:19:00,7:19:00,26340.0,26340.0
22843722,200405057,10,0,0,,7:21:00,7:21:00,26460.0,26460.0
22843722,200405061,11,0,0,,7:23:50,7:23:50,26630.0,26630.0
22843722,200419039,12,0,0,,7:25:30,7:25:30,26730.0,26730.0
22843722,200419041,13,0,0,,7:27:20,7:27:20,26840.0,26840.0
22843722,200417058,14,0,0,,7:29:50,7:29:50,26990.0,26990.0
22843722,200417031,15,0,0,,7:31:10,7:31:10,27070.0,27070.0
22843722,200417029,16,0,0,,7:32:30,7:32:30,27150.0,27150.0
22843722,200417014,17,0,0,,7:33:50,7:33:50,27230.0,27230.0
22843722,200417046,18,0,0,,7:35:10,7:35:10,27310.0,27310.0
22843722,200417045,19,0,0,,7:36:40,7:36:40,27400.0,27400.0
22843722,200417066,20,0,0,,7:38:00,7:38:00,27480.0,27480.0
22843722,200417052,21,0,0,,7:39:30,7:39:30,27570.0,27570.0
22843722,200508005,22,0,0,,7:44:50,7:44:50,27890.0,27890.0
22843722,200501006,23,0,0,,7:47:10,7:47:10,28030.0,28030.0
22843721,200423009,0,0,0,,7:08:00,7:08:00,25680.0,25680.0
22843721,200423008,1,0,0,,7:10:00,7:10:00,25800.0,25800.0
22843721,200423006,2,0,0,,7:12:00,7:12:00,25920.0,25920.0
22843721,200304019,3,0,0,,7:13:20,7:13:20,26000.0,26000.0
22843721,200304021,4,0,0,,7:15:40,7:15:40,26140.0,26140.0
22843721,200404031,5,0,0,,7:18:10,7:18:10,26290.0,26290.0
22843721,200404009,6,0,0,,7:19:50,7:19:50,26390.0,26390.0
22843721,200405059,7,0,0,,7:22:30,7:22:30,26550.0,26550.0
22843721,200405058,8,0,0,,7:24:30,7:24:30,26670.0,26670.0
22843721,200405051,9,0,0,,7:26:00,7:26:00,26760.0,26760.0
22843721,200405057,10,0,0,,7:28:00,7:28:00,26880.0,26880.0
22843721,200405061,11,0,0,,7:30:50,7:30:50,27050.0,27050.0
22843721,200419039,12,0,0,,7:32:30,7:32:30,27150.0,27150.0
22843721,200419041,13,0,0,,7:34:20,7:34:20,27260.0,27260.0
22843721,200417058,14,0,0,,7:36:50,7:36:50,27410.0,27410.0
22843721,200417031,15,0,0,,7:38:10,7:38:10,27490.0,27490.0
22843721,200417029,16,0,0,,7:39:30,7:39:30,27570.0,27570.0
22843721,200417014,17,0,0,,7:40:50,7:40:50,27650.0,27650.0
22843721,200417046,18,0,0,,7:42:10,7:42:10,27730.0,27730.0
22843721,200417045,19,0,0,,7:43:40,7:43:40,27820.0,27820.0
22843721,200417066,20,0,0,,7:45:00,7:45:00,27900.0,27900.0
22843721,200417052,21,0,0,,7:46:30,7:46:30,27990.0,27990.0
22843721,200508005,22,0,0,,7:51:50,7:51:50,28310.0,28310.0
22843721,200501006,23,0,0,,7:54:10,7:54:10,28450.0,28450.0
22843720,200423009,0,0,0,,7:14:40,7:14:40,26080.0,26080.0
22843720,200423008,1,0,0,,7:16:40,7:16:40,26200.0,26200.0
22843720,200423006,2,0,0,,7:18:40,7:18:40,26320.0,26320.0
22843720,200304019,3,0,0,,7:20:00,7:20:00,26400.0,26400.0
22843720,200304021,4,0,0,,7:22:20,7:22:20,26540.0,26540.0
22843720,200404031,5,0,0,,7:24:50,7:24:50,26690.0,26690.0
22843720,200404009,6,0,0,,7:26:30,7:26:30,26790.0,26790.0
22843720,200405059,7,0,0,,7:29:10,7:29:10,26950.0,26950.0
22843720,200405058,8,0,0,,7:31:10,7:31:10,27070.0,27070.0
22843720,200405051,9,0,0,,7:32:40,7:32:40,27160.0,27160.0
22843720,200405057,10,0,0,,7:34:40,7:34:40,27280.0,27280.0
22843720,200405061,11,0,0,,7:37:30,7:37:30,27450.0,27450.0
22843720,200419039,12,0,0,,7:39:10,7:39:10,27550.0,27550.0
22843720,200419041,13,0,0,,7:41:00,7:41:00,27660.0,27660.0
22843720,200417058,14,0,0,,7:43:30,7:43:30,27810.0,27810.0
22843720,200417031,15,0,0,,7:44:50,7:44:50,27890.0,27890.0
22843720,200417029,16,0,0,,7:46:10,7:46:10,27970.0,27970.0
22843720,200417014,17,0,0,,7:47:30,7:47:30,28050.0,28050.0
22843720,200417046,18,0,0,,7:48:50,7:48:50,28130.0,28130.0
22843720,200417045,19,0,0,,7:50:20,7:50:20,28220.0,28220.0
22843720,200417066,20,0,0,,7:51:40,7:51:40,28300.0,28300.0
22843720,200417052,21,0,0,,7:53:10,7:53:10,28390.0,28390.0
22843720,200508005,22,0,0,,7:58:30,7:58:30,28710.0,28710.0
22843720,200501006,23,0,0,,8:00:50,8:00:50,28850.0,28850.0
22843719,200423009,0,0,0,,7:21:40,7:21:40,26500.0,26500.0
22843719,200423008,1,0,0,,7:23:40,7:23:40,26620.0,26620.0
22843719,200423006,2,0,0,,7:25:40,7:25:40,26740.0,26740.0
22843719,200304019,3,0,0,,7:27:00,7:27:00,26820.0,26820.0
22843719,200304021,4,0,0,,7:29:20,7:29:20,26960.0,26960.0
22843719,200404031,5,0,0,,7:31:50,7:31:50,27110.0,27110.0
22843719,200404009,6,0,0,,7:33:30,7:33:30,27210.0,27210.0
22843719,200405059,7,0,0,,7:36:10,7:36:10,27370.0,27370.0
22843719,200405058,8,0,0,,7:38:10,7:38:10,27490.0,27490.0
22843719,200405051,9,0,0,,7:39:40,7:39:40,27580.0,27580.0
22843719,200405057,10,0,0,,7:41:40,7:41:40,27700.0,27700.0
22843719,200405061,11,0,0,,7:44:30,7:44:30,27870.0,27870.0
22843719,200419039,12,0,0,,7:46:10,7:46:10,27970.0,27970.0
22843719,200419041,13,0,0,,7:48:00,7:48:00,28080.0,28080.0
22843719,200417058,14,0,0,,7:50:30,7:50:30,28230.0,28230.0
22843719,200417031,15,0,0,,7:51:50,7:51:50,28310.0,28310.0
22843719,200417029,16,0,0,,7:53:10,7:53:10,28390.0,28390.0
22843719,200417014,17,0,0,,7:54:30,7:54:30,28470.0,28470.0
22843719,200417046,18,0,0,,7:55:50,7:55:50,28550.0,28550.0
22843719,200417045,19,0,0,,7:57:20,7:57:20,28640.0,28640.0
22843719,200417066,20,0,0,,7:58:40,7:58:40,28720.0,28720.0
22843719,200417052,21,0,0,,8:00:10,8:00:10,28810.0,28810.0
22843719,200508005,22,0,0,,8:05:30,8:05:30,29130.0,29130.0
22843719,200501006,23,0,0,,8:07:50,8:07:50,29270.0,29270.0
22843718,200423009,0,0,0,,7:28:40,7:28:40,26920.0,26920.0
22843718,200423008,1,0,0,,7:30:40,7:30:40,27040.0,27040.0
22843718,200423006,2,0,0,,7:32:40,7:32:40,27160.0,27160.0
22843718,200304019,3,0,0,,7:34:00,7:34:00,27240.0,27240.0
22843718,200304021,4,0,0,,7:36:20,7:36:20,27380.0,27380.0
22843718,200404031,5,0,0,,7:38:50,7:38:50,27530.0,27530.0
22843718,200404009,6,0,0,,7:40:30,7:40:30,27630.0,27630.0
22843718,200405059,7,0,0,,7:43:10,7:43:10,27790.0,27790.0
22843718,200405058,8,0,0,,7:45:10,7:45:10,27910.0,27910.0
22843718,200405051,9,0,0,,7:46:40,7:46:40,28000.0,28000.0
22843718,200405057,10,0,0,,7:48:40,7:48:40,28120.0,28120.0
22843718,200405061,11,0,0,,7:51:30,7:51:30,28290.0,28290.0
22843718,200419039,12,0,0,,7:53:10,7:53:10,28390.0,28390.0
22843718,200419041,13,0,0,,7:55:00,7:55:00,28500.0,28500.0
22843718,200417058,14,0,0,,7:57:30,7:57:30,28650.0,28650.0
22843718,200417031,15,0,0,,7:58:50,7:58:50,28730.0,28730.0
22843718,200417029,16,0,0,,8:00:10,8:00:10,28810.0,28810.0
22843718,200417014,17,0,0,,8:01:30,8:01:30,28890.0,28890.0
22843718,200417046,18,0,0,,8:02:50,8:02:50,28970.0,28970.0
22843718,200417045,19,0,0,,8:04:20,8:04:20,29060.0,29060.0
22843718,200417066,20,0,0,,8:05:40,8:05:40,29140.0,29140.0
22843718,200417052,21,0,0,,8:07:10,8:07:10,29230.0,29230.0
22843718,200508005,22,0,0,,8:12:30,8:12:30,29550.0,29550.0
22843718,200501006,23,0,0,,8:14:50,8:14:50,29690.0,29690.0
22843717,200423009,0,0,0,,7:35:40,7:35:40,27340.0,27340.0
22843717,200423008,1,0,0,,7:37:40,7:37:40,27460.0,27460.0
22843717,200423006,2,0,0,,7:39:40,7:39:40,27580.0,27580.0
22843717,200304019,3,0,0,,7:41:00,7:41:00,27660.0,27660.0
22843717,200304021,4,0,0,,7:43:20,7:43:20,27800.0,27800.0
22843717,200404031,5,0,0,,7:45:50,7:45:50,27950.0,27950.0
22843717,200404009,6,0,0,,7:47:30,7:47:30,28050.0,28050.0
22843717,200405059,7,0,0,,7:50:10,7:50:10,28210.0,28210.0
22843717,200405058,8,0,0,,7:52:10,7:52:10,28330.0,28330.0
22843717,200405051,9,0,0,,7:53:40,7:53:40,28420.0,28420.0
22843717,200405057,10,0,0,,7:55:40,7:55:40,28540.0,28540.0
22843717,200405061,11,0,0,,7:58:30,7:58:30,28710.0,28710.0
22843717,200419039,12,0,0,,8:00:10,8:00:10,28810.0,28810.0
22843717,200419041,13,0,0,,8:02:00,8:02:00,28920.0,28920.0
22843717,200417058,14,0,0,,8:04:30,8:04:30,29070.0,29070.0
22843717,200417031,15,0,0,,8:05:50,8:05:50,29150.0,29150.0
22843717,200417029,16,0,0,,8:07:10,8:07:10,29230.0,29230.0
22843717,200417014,17,0,0,,8:08:30,8:08:30,29310.0,29310.0
22843717,200417046,18,0,0,,8:09:50,8:09:50,29390.0,29390.0
22843717,200417045,19,0,0,,8:11:20,8:11:20,29480.0,29480.0
22843717,200417066,20,0,0,,8:12:40,8:12:40,29560.0,29560.0
22843717,200417052,21,0,0,,8:14:10,8:14:10,29650.0,29650.0
22843717,200508005,22,0,0,,8:19:30,8:19:30,29970.0,29970.0
22843717,200501006,23,0,0,,8:21:50,8:21:50,30110.0,30110.0
22843716,200423009,0,0,0,,7:43:10,7:43:10,27790.0,27790.0
22843716,200423008,1,0,0,,7:45:10,7:45:10,27910.0,27910.0
22843716,200423006,2,0,0,,7:47:10,7:47:10,28030.0,28030.0
22843716,200304019,3,0,0,,7:48:30,7:48:30,28110.0,28110.0
22843716,200304021,4,0,0,,7:50:50,7:50:50,28250.0,28250.0
22843716,200404031,5,0,0,,7:53:20,7:53:20,28400.0,28400.0
22843716,200404009,6,0,0,,7:55:00,7:55:00,28500.0,28500.0
22843716,200405059,7,0,0,,7:57:40,7:57:40,28660.0,28660.0
22843716,200405058,8,0,0,,7:59:40,7:59:40,28780.0,28780.0
22843716,200405051,9,0,0,,8:01:10,8:01:10,28870.0,28870.0
22843716,200405057,10,0,0,,8:03:10,8:03:10,28990.0,28990.0
22843716,200405061,11,0,0,,8:06:00,8:06:00,29160.0,29160.0
22843716,200419039,12,0,0,,8:07:40,8:07:40,29260.0,29260.0
22843716,200419041,13,0,0,,8:09:30,8:09:30,29370.0,29370.0
22843716,200417058,14,0,0,,8:12:00,8:12:00,29520.0,29520.0
22843716,200417031,15,0,0,,8:13:20,8:13:20,29600.0,29600.0
22843716,200417029,16,0,0,,8:14:40,8:14:40,29680.0,29680.0
22843716,200417014,17,0,0,,8:16:00,8:16:00,29760.0,29760.0
22843716,200417046,18,0,0,,8:17:20,8:17:20,29840.0,29840.0
22843716,200417045,19,0,0,,8:18:50,8:18:50,29930.0,29930.0
22843716,200417066,20,0,0,,8:20:10,8:20:10,30010.0,30010.0
22843716,200417052,21,0,0,,8:21:40,8:21:40,30100.0,30100.0
22843716,200508005,22,0,0,,8:27:00,8:27:00,30420.0,30420.0
22843716,200501006,23,0,0,,8:29:20,8:29:20,30560.0,30560.0
22843715,200423009,0,0,0,,7:49:40,7:49:40,28180.0,28180.0
22843715,200423008,1,0,0,,7:51:40,7:51:40,28300.0,28300.0
22843715,200423006,2,0,0,,7:53:40,7:53:40,28420.0,28420.0
22843715,200304019,3,0,0,,7:55:00,7:55:00,28500.0,28500.0
22843715,200304021,4,0,0,,7:57:20,7:57:20,28640.0,28640.0
22843715,200404031,5,0,0,,7:59:50,7:59:50,28790.0,28790.0
22843715,200404009,6,0,0,,8:01:30,8:01:30,28890.0,28890.0
22843715,200405059,7,0,0,,8:04:10,8:04:10,29050.0,29050.0
22843715,200405058,8,0,0,,8:06:10,8:06:10,29170.0,29170.0
22843715,200405051,9,0,0,,8:07:40,8:07:40,29260.0,29260.0
22843715,200405057,10,0,0,,8:09:40,8:09:40,29380.0,29380.0
22843715,200405061,11,0,0,,8:12:30,8:12:30,29550.0,29550.0
22843715,200419039,12,0,0,,8:14:10,8:14:10,29650.0,29650.0
22843715,200419041,13,0,0,,8:16:00,8:16:00,29760.0,29760.0
22843715,200417058,14,0,0,,8:18:30,8:18:30,29910.0,29910.0
22843715,200417031,15,0,0,,8:19:50,8:19:50,29990.0,29990.0
22843715,200417029,16,0,0,,8:21:10,8:21:10,30070.0,30070.0
22843715,200417014,17,0,0,,8:22:30,8:22:30,30150.0,30150.0
22843715,200417046,18,0,0,,8:23:50,8:23:50,30230.0,30230.0
22843715,200417045,19,0,0,,8:25:20,8:25:20,30320.0,30320.0
22843715,200417066,20,0,0,,8:26:40,8:26:40,30400.0,30400.0
22843715,200417052,21,0,0,,8:28:10,8:28:10,30490.0,30490.0
22843715,200508005,22,0,0,,8:33:30,8:33:30,30810.0,30810.0
22843715,200501006,23,0,0,,8:35:50,8:35:50,30950.0,30950.0
22843714,200423009,0,0,0,,7:56:40,7:56:40,28600.0,28600.0
22843714,200423008,1,0,0,,7:58:40,7:58:40,28720.0,28720.0
22843714,200423006,2,0,0,,8:00:40,8:00:40,28840.0,28840.0
22843714,200304019,3,0,0,,8:02:00,8:02:00,28920.0,28920.0
22843714,200304021,4,0,0,,8:04:20,8:04:20,29060.0,29060.0
22843714,200404031,5,0,0,,8:06:50,8:06:50,29210.0,29210.0
22843714,200404009,6,0,0,,8:08:30,8:08:30,29310.0,29310.0
22843714,200405059,7,0,0,,8:11:10,8:11:10,29470.0,29470.0
22843714,200405058,8,0,0,,8:13:10,8:13:10,29590.0,29590.0
22843714,200405051,9,0,0,,8:14:40,8:14:40,29680.0,29680.0
22843714,200405057,10,0,0,,8:16:40,8:16:40,29800.0,29800.0
22843714,200405061,11,0,0,,8:19:30,8:19:30,29970.0,29970.0
22843714,200419039,12,0,0,,8:21:10,8:21:10,30070.0,30070.0
22843714,200419041,13,0,0,,8:23:00,8:23:00,30180.0,30180.0
22843714,200417058,14,0,0,,8:25:30,8:25:30,30330.0,30330.0
22843714,200417031,15,0,0,,8:26:50,8:26:50,30410.0,30410.0
22843714,200417029,16,0,0,,8:28:10,8:28:10,30490.0,30490.0
22843714,200417014,17,0,0,,8:29:30,8:29:30,30570.0,30570.0
22843714,200417046,18,0,0,,8:30:50,8:30:50,30650.0,30650.0
22843714,200417045,19,0,0,,8:32:20,8:32:20,30740.0,30740.0
22843714,200417066,20,0,0,,8:33:40,8:33:40,30820.0,30820.0
22843714,200417052,21,0,0,,8:35:10,8:35:10,30910.0,30910.0
22843714,200508005,22,0,0,,8:40:30,8:40:30,31230.0,31230.0
22843714,200501006,23,0,0,,8:42:50,8:42:50,31370.0,31370.0
22843713,200423009,0,0,0,,8:03:40,8:03:40,29020.0,29020.0
22843713,200423008,1,0,0,,8:05:40,8:05:40,29140.0,29140.0
22843713,200423006,2,0,0,,8:07:40,8:07:40,29260.0,29260.0
22843713,200304019,3,0,0,,8:09:00,8:09:00,29340.0,29340.0
22843713,200304021,4,0,0,,8:11:20,8:11:20,29480.0,29480.0
22843713,200404031,5,0,0,,8:13:50,8:13:50,29630.0,29630.0
22843713,200404009,6,0,0,,8:15:30,8:15:30,29730.0,29730.0
22843713,200405059,7,0,0,,8:18:10,8:18:10,29890.0,29890.0
22843713,200405058,8,0,0,,8:20:10,8:20:10,30010.0,30010.0
22843713,200405051,9,0,0,,8:21:40,8:21:40,30100.0,30100.0
22843713,200405057,10,0,0,,8:23:40,8:23:40,30220.0,30220.0
22843713,200405061,11,0,0,,8:26:30,8:26:30,30390.0,30390.0
22843713,200419039,12,0,0,,8:28:10,8:28:10,30490.0,30490.0
22843713,200419041,13,0,0,,8:30:00,8:30:00,30600.0,30600.0
22843713,200417058,14,0,0,,8:32:30,8:32:30,30750.0,30750.0
22843713,200417031,15,0,0,,8:33:50,8:33:50,30830.0,30830.0
22843713,200417029,16,0,0,,8:35:10,8:35:10,30910.0,30910.0
22843713,200417014,17,0,0,,8:36:30,8:36:30,30990.0,30990.0
22843713,200417046,18,0,0,,8:37:50,8:37:50,31070.0,31070.0
22843713,200417045,19,0,0,,8:39:20,8:39:20,31160.0,31160.0
22843713,200417066,20,0,0,,8:40:40,8:40:40,31240.0,31240.0
22843713,200417052,21,0,0,,8:42:10,8:42:10,31330.0,31330.0
22843713,200508005,22,0,0,,8:47:30,8:47:30,31650.0,31650.0
22843713,200501006,23,0,0,,8:49:50,8:49:50,31790.0,31790.0
22843712,200423009,0,0,0,,8:10:40,8:10:40,29440.0,29440.0
22843712,200423008,1,0,0,,8:12:40,8:12:40,29560.0,29560.0
22843712,200423006,2,0,0,,8:14:40,8:14:40,29680.0,29680.0
22843712,200304019,3,0,0,,8:16:00,8:16:00,29760.0,29760.0
22843712,200304021,4,0,0,,8:18:20,8:18:20,29900.0,29900.0
22843712,200404031,5,0,0,,8:20:50,8:20:50,30050.0,30050.0
22843712,200404009,6,0,0,,8:22:30,8:22:30,30150.0,30150.0
22843712,200405059,7,0,0,,8:25:10,8:25:10,30310.0,30310.0
22843712,200405058,8,0,0,,8:27:10,8:27:10,30430.0,30430.0
22843712,200405051,9,0,0,,8:28:40,8:28:40,30520.0,30520.0
22843712,200405057,10,0,0,,8:30:40,8:30:40,30640.0,30640.0
22843712,200405061,11,0,0,,8:33:30,8:33:30,30810.0,30810.0
22843712,200419039,12,0,0,,8:35:10,8:35:10,30910.0,30910.0
22843712,200419041,13,0,0,,8:37:00,8:37:00,31020.0,31020.0
22843712,200417058,14,0,0,,8:39:30,8:39:30,31170.0,31170.0
22843712,200417031,15,0,0,,8:40:50,8:40:50,31250.0,31250.0
22843712,200417029,16,0,0,,8:42:10,8:42:10,31330.0,31330.0
22843712,200417014,17,0,0,,8:43:30,8:43:30,31410.0,31410.0
22843712,200417046,18,0,0,,8:44:50,8:44:50,31490.0,31490.0
22843712,200417045,19,0,0,,8:46:20,8:46:20,31580.0,31580.0
22843712,200417066,20,0,0,,8:47:40,8:47:40,31660.0,31660.0
22843712,200417052,21,0,0,,8:49:10,8:49:10,31750.0,31750.0
22843712,200508005,22,0,0,,8:54:30,8:54:30,32070.0,32070.0
22843712,200501006,23,0,0,,8:56:50,8:56:50,32210.0,32210.0
22843711,200423009,0,0,0,,8:17:40,8:17:40,29860.0,29860.0
22843711,200423008,1,0,0,,8:19:40,8:19:40,29980.0,29980.0
22843711,200423006,2,0,0,,8:21:40,8:21:40,30100.0,30100.0
22843711,200304019,3,0,0,,8:23:00,8:23:00,30180.0,30180.0
22843711,200304021,4,0,0,,8:25:20,8:25:20,30320.0,30320.0
22843711,200404031,5,0,0,,8:27:50,8:27:50,30470.0,30470.0
22843711,200404009,6,0,0,,8:29:30,8:29:30,30570.0,30570.0
22843711,200405059,7,0,0,,8:32:10,8:32:10,30730.0,30730.0
22843711,200405058,8,0,0,,8:34:10,8:34:10,30850.0,30850.0
22843711,200405051,9,0,0,,8:35:40,8:35:40,30940.0,30940.0
22843711,200405057,10,0,0,,8:37:40,8:37:40,31060.0,31060.0
22843711,200405061,11,0,0,,8:40:30,8:40:30,31230.0,31230.0
22843711,200419039,12,0,0,,8:42:10,8:42:10,31330.0,31330.0
22843711,200419041,13,0,0,,8:44:00,8:44:00,31440.0,31440.0
22843711,200417058,14,0,0,,8:46:30,8:46:30,31590.0,31590.0
22843711,200417031,15,0,0,,8:47:50,8:47:50,31670.0,31670.0
22843711,200417029,16,0,0,,8:49:10,8:49:10,31750.0,31750.0
22843711,200417014,17,0,0,,8:50:30,8:50:30,31830.0,31830.0
22843711,200417046,18,0,0,,8:51:50,8:51:50,31910.0,31910.0
22843711,200417045,19,0,0,,8:53:20,8:53:20,32000.0,32000.0
22843711,200417066,20,0,0,,8:54:40,8:54:40,32080.0,32080.0
22843711,200417052,21,0,0,,8:56:10,8:56:10,32170.0,32170.0
22843710,200423009,0,0,0,,8:24:40,8:24:40,30280.0,30280.0
22843710,200423008,1,0,0,,8:26:40,8:26:40,30400.0,30400.0
22843710,200423006,2,0,0,,8:28:40,8:28:40,30520.0,30520.0
22843710,200304019,3,0,0,,8:30:00,8:30:00,30600.0,30600.0
22843710,200304021,4,0,0,,8:32:20,8:32:20,30740.0,30740.0
22843710,200404031,5,0,0,,8:34:50,8:34:50,30890.0,30890.0
22843710,200404009,6,0,0,,8:36:30,8:36:30,30990.0,30990.0
22843710,200405059,7,0,0,,8:39:10,8:39:10,31150.0,31150.0
22843710,200405058,8,0,0,,8:41:10,8:41:10,31270.0,31270.0
22843710,200405051,9,0,0,,8:42:40,8:42:40,31360.0,31360.0
22843710,200405057,10,0,0,,8:44:40,8:44:40,31480.0,31480.0
22843710,200405061,11,0,0,,8:47:30,8:47:30,31650.0,31650.0
22843710,200419039,12,0,0,,8:49:10,8:49:10,31750.0,31750.0
22843710,200419041,13,0,0,,8:51:00,8:51:00,31860.0,31860.0
22843710,200417058,14,0,0,,8:53:30,8:53:30,32010.0,32010.0
22843710,200417031,15,0,0,,8:54:50,8:54:50,32090.0,32090.0
22843710,200417029,16,0,0,,8:56:10,8:56:10,32170.0,32170.0
22843710,200417014,17,0,0,,8:57:30,8:57:30,32250.0,32250.0
22843710,200417046,18,0,0,,8:58:50,8:58:50,32330.0,32330.0
22843709,200423009,0,0,0,,8:31:40,8:31:40,30700.0,30700.0
22843709,200423008,1,0,0,,8:33:40,8:33:40,30820.0,30820.0
22843709,200423006,2,0,0,,8:35:40,8:35:40,30940.0,30940.0
22843709,200304019,3,0,0,,8:37:00,8:37:00,31020.0,31020.0
22843709,200304021,4,0,0,,8:39:20,8:39:20,31160.0,31160.0
22843709,200404031,5,0,0,,8:41:50,8:41:50,31310.0,31310.0
22843709,200404009,6,0,0,,8:43:30,8:43:30,31410.0,31410.0
22843709,200405059,7,0,0,,8:46:10,8:46:10,31570.0,31570.0
22843709,200405058,8,0,0,,8:48:10,8:48:10,31690.0,31690.0
22843709,200405051,9,0,0,,8:49:40,8:49:40,31780.0,31780.0
22843709,200405057,10,0,0,,8:51:40,8:51:40,31900.0,31900.0
22843709,200405061,11,0,0,,8:54:30,8:54:30,32070.0,32070.0
22843709,200419039,12,0,0,,8:56:10,8:56:10,32170.0,32170.0
22843709,200419041,13,0,0,,8:58:00,8:58:00,32280.0,32280.0
22843708,200423009,0,0,0,,8:38:40,8:38:40,31120.0,31120.0
22843708,200423008,1,0,0,,8:40:40,8:40:40,31240.0,31240.0
22843708,200423006,2,0,0,,8:42:40,8:42:40,31360.0,31360.0
22843708,200304019,3,0,0,,8:44:00,8:44:00,31440.0,31440.0
22843708,200304021,4,0,0,,8:46:20,8:46:20,31580.0,31580.0
22843708,200404031,5,0,0,,8:48:50,8:48:50,31730.0,31730.0
22843708,200404009,6,0,0,,8:50:30,8:50:30,31830.0,31830.0
22843708,200405059,7,0,0,,8:53:10,8:53:10,31990.0,31990.0
22843708,200405058,8,0,0,,8:55:10,8:55:10,32110.0,32110.0
22843708,200405051,9,0,0,,8:56:40,8:56:40,32200.0,32200.0
22843708,200405057,10,0,0,,8:58:40,8:58:40,32320.0,32320.0
22843707,200423009,0,0,0,,8:45:40,8:45:40,31540.0,31540.0
22843707,200423008,1,0,0,,8:47:40,8:47:40,31660.0,31660.0
22843707,200423006,2,0,0,,8:49:40,8:49:40,31780.0,31780.0
22843707,200304019,3,0,0,,8:51:00,8:51:00,31860.0,31860.0
22843707,200304021,4,0,0,,8:53:20,8:53:20,32000.0,32000.0
22843707,200404031,5,0,0,,8:55:50,8:55:50,32150.0,32150.0
22843707,200404009,6,0,0,,8:57:30,8:57:30,32250.0,32250.0
22843706,200423009,0,0,0,,8:52:40,8:52:40,31960.0,31960.0
22843706,200423008,1,0,0,,8:54:40,8:54:40,32080.0,32080.0
22843706,200423006,2,0,0,,8:56:40,8:56:40,32200.0,32200.0
22843706,200304019,3,0,0,,8:58:00,8:58:00,32280.0,32280.0
22843705,200423009,0,0,0,,8:59:40,8:59:40,32380.0,32380.0
22843563,200417046,13,0,0,,7:01:10,7:01:10,25270.0,25270.0
22843563,200417045,14,0,0,,7:02:40,7:02:40,25360.0,25360.0
22843563,200417066,15,0,0,,7:04:00,7:04:00,25440.0,25440.0
22843563,200417052,16,0,0,,7:05:30,7:05:30,25530.0,25530.0
22843562,200419041,8,0,0,,7:01:20,7:01:20,25280.0,25280.0
22843562,200417058,9,0,0,,7:03:50,7:03:50,25430.0,25430.0
22843562,200417031,10,0,0,,7:05:10,7:05:10,25510.0,25510.0
22843562,200417029,11,0,0,,7:06:30,7:06:30,25590.0,25590.0
22843562,200417014,12,0,0,,7:07:50,7:07:50,25670.0,25670.0
22843562,200417046,13,0,0,,7:09:10,7:09:10,25750.0,25750.0
22843562,200417045,14,0,0,,7:10:40,7:10:40,25840.0,25840.0
22843562,200417066,15,0,0,,7:12:00,7:12:00,25920.0,25920.0
22843562,200417052,16,0,0,,7:13:30,7:13:30,26010.0,26010.0
22843561,200405051,4,0,0,,7:01:00,7:01:00,25260.0,25260.0
22843561,200405057,5,0,0,,7:03:00,7:03:00,25380.0,25380.0
22843561,200405061,6,0,0,,7:05:50,7:05:50,25550.0,25550.0
22843561,200419039,7,0,0,,7:07:30,7:07:30,25650.0,25650.0
22843561,200419041,8,0,0,,7:09:20,7:09:20,25760.0,25760.0
22843561,200417058,9,0,0,,7:11:50,7:11:50,25910.0,25910.0
22843561,200417031,10,0,0,,7:13:10,7:13:10,25990.0,25990.0
22843561,200417029,11,0,0,,7:14:30,7:14:30,26070.0,26070.0
22843561,200417014,12,0,0,,7:15:50,7:15:50,26150.0,26150.0
22843561,200417046,13,0,0,,7:17:10,7:17:10,26230.0,26230.0
22843561,200417045,14,0,0,,7:18:40,7:18:40,26320.0,26320.0
22843561,200417066,15,0,0,,7:20:00,7:20:00,26400.0,26400.0
22843561,200417052,16,0,0,,7:21:30,7:21:30,26490.0,26490.0
22843560,200404031,0,0,0,,7:01:10,7:01:10,25270.0,25270.0
22843560,200404009,1,0,0,,7:02:50,7:02:50,25370.0,25370.0
22843560,200405059,2,0,0,,7:05:30,7:05:30,25530.0,25530.0
22843560,200405058,3,0,0,,7:07:30,7:07:30,25650.0,25650.0
22843560,200405051,4,0,0,,7:09:00,7:09:00,25740.0,25740.0
22843560,200405057,5,0,0,,7:11:00,7:11:00,25860.0,25860.0
22843560,200405061,6,0,0,,7:13:50,7:13:50,26030.0,26030.0
22843560,200419039,7,0,0,,7:15:30,7:15:30,26130.0,26130.0
22843560,200419041,8,0,0,,7:17:20,7:17:20,26240.0,26240.0
22843560,200417058,9,0,0,,7:19:50,7:19:50,26390.0,26390.0
22843560,200417031,10,0,0,,7:21:10,7:21:10,26470.0,26470.0
22843560,200417029,11,0,0,,7:22:30,7:22:30,26550.0,26550.0
22843560,200417014,12,0,0,,7:23:50,7:23:50,26630.0,26630.0
22843560,200417046,13,0,0,,7:25:10,7:25:10,26710.0,26710.0
22843560,200417045,14,0,0,,7:26:40,7:26:40,26800.0,26800.0
22843560,200417066,15,0,0,,7:28:00,7:28:00,26880.0,26880.0
22843560,200417052,16,0,0,,7:29:30,7:29:30,26970.0,26970.0
22843559,200404031,0,0,0,,7:08:10,7:08:10,25690.0,25690.0
22843559,200404009,1,0,0,,7:09:50,7:09:50,25790.0,25790.0
22843559,200405059,2,0,0,,7:12:30,7:12:30,25950.0,25950.0
22843559,200405058,3,0,0,,7:14:30,7:14:30,26070.0,26070.0
22843559,200405051,4,0,0,,7:16:00,7:16:00,26160.0,26160.0
22843559,200405057,5,0,0,,7:18:00,7:18:00,26280.0,26280.0
22843559,200405061,6,0,0,,7:20:50,7:20:50,26450.0,26450.0
22843559,200419039,7,0,0,,7:22:30,7:22:30,26550.0,26550.0
22843559,200419041,8,0,0,,7:24:20,7:24:20,26660.0,26660.0
22843559,200417058,9,0,0,,7:26:50,7:26:50,26810.0,26810.0
22843559,200417031,10,0,0,,7:28:10,7:28:10,26890.0,26890.0
22843559,200417029,11,0,0,,7:29:30,7:29:30,26970.0,26970.0
22843559,200417014,12,0,0,,7:30:50,7:30:50,27050.0,27050.0
22843559,200417046,13,0,0,,7:32:10,7:32:10,27130.0,27130.0
22843559,200417045,14,0,0,,7:33:40,7:33:40,27220.0,27220.0
22843559,200417066,15,0,0,,7:35:00,7:35:00,27300.0,27300.0
22843559,200417052,16,0,0,,7:36:30,7:36:30,27390.0,27390.0
22843558,200404031,0,0,0,,7:15:10,7:15:10,26110.0,26110.0
22843558,200404009,1,0,0,,7:16:50,7:16:50,26210.0,26210.0
22843558,200405059,2,0,0,,7:19:30,7:19:30,26370.0,26370.0
22843558,200405058,3,0,0,,7:21:30,7:21:30,26490.0,26490.0
22843558,200405051,4,0,0,,7:23:00,7:23:00,26580.0,26580.0
22843558,200405057,5,0,0,,7:25:00,7:25:00,26700.0,26700.0
22843558,200405061,6,0,0,,7:27:50,7:27:50,26870.0,26870.0
22843558,200419039,7,0,0,,7:29:30,7:29:30,26970.0,26970.0
22843558,200419041,8,0,0,,7:31:20,7:31:20,27080.0,27080.0
22843558,200417058,9,0,0,,7:33:50,7:33:50,27230.0,27230.0
22843558,200417031,10,0,0,,7:35:10,7:35:10,27310.0,27310.0
22843558,200417029,11,0,0,,7:36:30,7:36:30,27390.0,27390.0
22843558,200417014,12,0,0,,7:37:50,7:37:50,27470.0,27470.0
22843558,200417046,13,0,0,,7:39:10,7:39:10,27550.0,27550.0
22843558,200417045,14,0,0,,7:40:40,7:40:40,27640.0,27640.0
22843558,200417066,15,0,0,,7:42:00,7:42:00,27720.0,27720.0
22843558,200417052,16,0,0,,7:43:30,7:43:30,27810.0,27810.0
22843557,200404031,0,0,0,,7:21:50,7:21:50,26510.0,26510.0
22843557,200404009,1,0,0,,7:23:30,7:23:30,26610.0,26610.0
22843557,200405059,2,0,0,,7:26:10,7:26:10,26770.0,26770.0
22843557,200405058,3,0,0,,7:28:10,7:28:10,26890.0,26890.0
22843557,200405051,4,0,0,,7:29:40,7:29:40,26980.0,26980.0
22843557,200405057,5,0,0,,7:31:40,7:31:40,27100.0,27100.0
22843557,200405061,6,0,0,,7:34:30,7:34:30,27270.0,27270.0
22843557,200419039,7,0,0,,7:36:10,7:36:10,27370.0,27370.0
22843557,200419041,8,0,0,,7:38:00,7:38:00,27480.0,27480.0
22843557,200417058,9,0,0,,7:40:30,7:40:30,27630.0,27630.0
22843557,200417031,10,0,0,,7:41:50,7:41:50,27710.0,27710.0
22843557,200417029,11,0,0,,7:43:10,7:43:10,27790.0,27790.0
22843557,200417014,12,0,0,,7:44:30,7:44:30,27870.0,27870.0
22843557,200417046,13,0,0,,7:45:50,7:45:50,27950.0,27950.0
22843557,200417045,14,0,0,,7:47:20,7:47:20,28040.0,28040.0
22843557,200417066,15,0,0,,7:48:40,7:48:40,28120.0,28120.0
22843557,200417052,16,0,0,,7:50:10,7:50:10,28210.0,28210.0
22843556,200404031,0,0,0,,7:28:50,7:28:50,26930.0,26930.0
22843556,200404009,1,0,0,,7:30:30,7:30:30,27030.0,27030.0
22843556,200405059,2,0,0,,7:33:10,7:33:10,27190.0,27190.0
22843556,200405058,3,0,0,,7:35:10,7:35:10,27310.0,27310.0
22843556,200405051,4,0,0,,7:36:40,7:36:40,27400.0,27400.0
22843556,200405057,5,0,0,,7:38:40,7:38:40,27520.0,27520.0
22843556,200405061,6,0,0,,7:41:30,7:41:30,27690.0,27690.0
22843556,200419039,7,0,0,,7:43:10,7:43:10,27790.0,27790.0
22843556,200419041,8,0,0,,7:45:00,7:45:00,27900.0,27900.0
22843556,200417058,9,0,0,,7:47:30,7:47:30,28050.0,28050.0
22843556,200417031,10,0,0,,7:48:50,7:48:50,28130.0,28130.0
22843556,200417029,11,0,0,,7:50:10,7:50:10,28210.0,28210.0
22843556,200417014,12,0,0,,7:51:30,7:51:30,28290.0,28290.0
22843556,200417046,13,0,0,,7:52:50,7:52:50,28370.0,28370.0
22843556,200417045,14,0,0,,7:54:20,7:54:20,28460.0,28460.0
22843556,200417066,15,0,0,,7:55:40,7:55:40,28540.0,28540.0
22843556,200417052,16,0,0,,7:57:10,7:57:10,28630.0,28630.0
22843555,200404031,0,0,0,,7:35:50,7:35:50,27350.0,27350.0
22843555,200404009,1,0,0,,7:37:30,7:37:30,27450.0,27450.0
22843555,200405059,2,0,0,,7:40:10,7:40:10,27610.0,27610.0
22843555,200405058,3,0,0,,7:42:10,7:42:10,27730.0,27730.0
22843555,200405051,4,0,0,,7:43:40,7:43:40,27820.0,27820.0
22843555,200405057,5,0,0,,7:45:40,7:45:40,27940.0,27940.0
22843555,200405061,6,0,0,,7:48:30,7:48:30,28110.0,28110.0
22843555,200419039,7,0,0,,7:50:10,7:50:10,28210.0,28210.0
22843555,200419041,8,0,0,,7:52:00,7:52:00,28320.0,28320.0
22843555,200417058,9,0,0,,7:54:30,7:54:30,28470.0,28470.0
22843555,200417031,10,0,0,,7:55:50,7:55:50,28550.0,28550.0
22843555,200417029,11,0,0,,7:57:10,7:57:10,28630.0,28630.0
22843555,200417014,12,0,0,,7:58:30,7:58:30,28710.0,28710.0
22843555,200417046,13,0,0,,7:59:50,7:59:50,28790.0,28790.0
22843555,200417045,14,0,0,,8:01:20,8:01:20,28880.0,28880.0
22843555,200417066,15,0,0,,8:02:40,8:02:40,28960.0,28960.0
22843555,200417052,16,0,0,,8:04:10,8:04:10,29050.0,29050.0
22843554,200404031,0,0,0,,7:42:50,7:42:50,27770.0,27770.0
22843554,200404009,1,0,0,,7:44:30,7:44:30,27870.0,27870.0
22843554,200405059,2,0,0,,7:47:10,7:47:10,28030.0,28030.0
22843554,200405058,3,0,0,,7:49:10,7:49:10,28150.0,28150.0
22843554,200405051,4,0,0,,7:50:40,7:50:40,28240.0,28240.0
22843554,200405057,5,0,0,,7:52:40,7:52:40,28360.0,28360.0
22843554,200405061,6,0,0,,7:55:30,7:55:30,28530.0,28530.0
22843554,200419039,7,0,0,,7:57:10,7:57:10,28630.0,28630.0
22843554,200419041,8,0,0,,7:59:00,7:59:00,28740.0,28740.0
22843554,200417058,9,0,0,,8:01:30,8:01:30,28890.0,28890.0
22843554,200417031,10,0,0,,8:02:50,8:02:50,28970.0,28970.0
22843554,200417029,11,0,0,,8:04:10,8:04:10,29050.0,29050.0
22843554,200417014,12,0,0,,8:05:30,8:05:30,29130.0,29130.0
22843554,200417046,13,0,0,,8:06:50,8:06:50,29210.0,29210.0
22843554,200417045,14,0,0,,8:08:20,8:08:20,29300.0,29300.0
22843554,200417066,15,0,0,,8:09:40,8:09:40,29380.0,29380.0
22843554,200417052,16,0,0,,8:11:10,8:11:10,29470.0,29470.0
22843553,200404031,0,0,0,,7:49:50,7:49:50,28190.0,28190.0
22843553,200404009,1,0,0,,7:51:30,7:51:30,28290.0,28290.0
22843553,200405059,2,0,0,,7:54:10,7:54:10,28450.0,28450.0
22843553,200405058,3,0,0,,7:56:10,7:56:10,28570.0,28570.0
22843553,200405051,4,0,0,,7:57:40,7:57:40,28660.0,28660.0
22843553,200405057,5,0,0,,7:59:40,7:59:40,28780.0,28780.0
22843553,200405061,6,0,0,,8:02:30,8:02:30,28950.0,28950.0
22843553,200419039,7,0,0,,8:04:10,8:04:10,29050.0,29050.0
22843553,200419041,8,0,0,,8:06:00,8:06:00,29160.0,29160.0
22843553,200417058,9,0,0,,8:08:30,8:08:30,29310.0,29310.0
22843553,200417031,10,0,0,,8:09:50,8:09:50,29390.0,29390.0
22843553,200417029,11,0,0,,8:11:10,8:11:10,29470.0,29470.0
22843553,200417014,12,0,0,,8:12:30,8:12:30,29550.0,29550.0
22843553,200417046,13,0,0,,8:13:50,8:13:50,29630.0,29630.0
22843553,200417045,14,0,0,,8:15:20,8:15:20,29720.0,29720.0
22843553,200417066,15,0,0,,8:16:40,8:16:40,29800.0,29800.0
22843553,200417052,16,0,0,,8:18:10,8:18:10,29890.0,29890.0
22843552,200404031,0,0,0,,7:56:50,7:56:50,28610.0,28610.0
22843552,200404009,1,0,0,,7:58:30,7:58:30,28710.0,28710.0
22843552,200405059,2,0,0,,8:01:10,8:01:10,28870.0,28870.0
22843552,200405058,3,0,0,,8:03:10,8:03:10,28990.0,28990.0
22843552,200405051,4,0,0,,8:04:40,8:04:40,29080.0,29080.0
22843552,200405057,5,0,0,,8:06:40,8:06:40,29200.0,29200.0
22843552,200405061,6,0,0,,8:09:30,8:09:30,29370.0,29370.0
22843552,200419039,7,0,0,,8:11:10,8:11:10,29470.0,29470.0
22843552,200419041,8,0,0,,8:13:00,8:13:00,29580.0,29580.0
22843552,200417058,9,0,0,,8:15:30,8:15:30,29730.0,29730.0
22843552,200417031,10,0,0,,8:16:50,8:16:50,29810.0,29810.0
22843552,200417029,11,0,0,,8:18:10,8:18:10,29890.0,29890.0
22843552,200417014,12,0,0,,8:19:30,8:19:30,29970.0,29970.0
22843552,200417046,13,0,0,,8:20:50,8:20:50,30050.0,30050.0
22843552,200417045,14,0,0,,8:22:20,8:22:20,30140.0,30140.0
22843552,200417066,15,0,0,,8:23:40,8:23:40,30220.0,30220.0
22843552,200417052,16,0,0,,8:25:10,8:25:10,30310.0,30310.0
22843551,200404031,0,0,0,,8:03:50,8:03:50,29030.0,29030.0
22843551,200404009,1,0,0,,8:05:30,8:05:30,29130.0,29130.0
22843551,200405059,2,0,0,,8:08:10,8:08:10,29290.0,29290.0
22843551,200405058,3,0,0,,8:10:10,8:10:10,29410.0,29410.0
22843551,200405051,4,0,0,,8:11:40,8:11:40,29500.0,29500.0
22843551,200405057,5,0,0,,8:13:40,8:13:40,29620.0,29620.0
22843551,200405061,6,0,0,,8:16:30,8:16:30,29790.0,29790.0
22843551,200419039,7,0,0,,8:18:10,8:18:10,29890.0,29890.0
22843551,200419041,8,0,0,,8:20:00,8:20:00,30000.0,30000.0
22843551,200417058,9,0,0,,8:22:30,8:22:30,30150.0,30150.0
22843551,200417031,10,0,0,,8:23:50,8:23:50,30230.0,30230.0
22843551,200417029,11,0,0,,8:25:10,8:25:10,30310.0,30310.0
22843551,200417014,12,0,0,,8:26:30,8:26:30,30390.0,30390.0
22843551,200417046,13,0,0,,8:27:50,8:27:50,30470.0,30470.0
22843551,200417045,14,0,0,,8:29:20,8:29:20,30560.0,30560.0
22843551,200417066,15,0,0,,8:30:40,8:30:40,30640.0,30640.0
22843551,200417052,16,0,0,,8:32:10,8:32:10,30730.0,30730.0
22843550,200404031,0,0,0,,8:10:50,8:10:50,29450.0,29450.0
22843550,200404009,1,0,0,,8:12:30,8:12:30,29550.0,29550.0
22843550,200405059,2,0,0,,8:15:10,8:15:10,29710.0,29710.0
22843550,200405058,3,0,0,,8:17:10,8:17:10,29830.0,29830.0
22843550,200405051,4,0,0,,8:18:40,8:18:40,29920.0,29920.0
22843550,200405057,5,0,0,,8:20:40,8:20:40,30040.0,30040.0
22843550,200405061,6,0,0,,8:23:30,8:23:30,30210.0,30210.0
22843550,200419039,7,0,0,,8:25:10,8:25:10,30310.0,30310.0
22843550,200419041,8,0,0,,8:27:00,8:27:00,30420.0,30420.0
22843550,200417058,9,0,0,,8:29:30,8:29:30,30570.0,30570.0
22843550,200417031,10,0,0,,8:30:50,8:30:50,30650.0,30650.0
22843550,200417029,11,0,0,,8:32:10,8:32:10,30730.0,30730.0
22843550,200417014,12,0,0,,8:33:30,8:33:30,30810.0,30810.0
22843550,200417046,13,0,0,,8:34:50,8:34:50,30890.0,30890.0
22843550,200417045,14,0,0,,8:36:20,8:36:20,30980.0,30980.0
22843550,200417066,15,0,0,,8:37:40,8:37:40,31060.0,31060.0
22843550,200417052,16,0,0,,8:39:10,8:39:10,31150.0,31150.0
22843549,200404031,0,0,0,,8:17:50,8:17:50,29870.0,29870.0
22843549,200404009,1,0,0,,8:19:30,8:19:30,29970.0,29970.0
22843549,200405059,2,0,0,,8:22:10,8:22:10,30130.0,30130.0
22843549,200405058,3,0,0,,8:24:10,8:24:10,30250.0,30250.0
22843549,200405051,4,0,0,,8:25:40,8:25:40,30340.0,30340.0
22843549,200405057,5,0,0,,8:27:40,8:27:40,30460.0,30460.0
22843549,200405061,6,0,0,,8:30:30,8:30:30,30630.0,30630.0
22843549,200419039,7,0,0,,8:32:10,8:32:10,30730.0,30730.0
22843549,200419041,8,0,0,,8:34:00,8:34:00,30840.0,30840.0
22843549,200417058,9,0,0,,8:36:30,8:36:30,30990.0,30990.0
22843549,200417031,10,0,0,,8:37:50,8:37:50,31070.0,31070.0
22843549,200417029,11,0,0,,8:39:10,8:39:10,31150.0,31150.0
22843549,200417014,12,0,0,,8:40:30,8:40:30,31230.0,31230.0
22843549,200417046,13,0,0,,8:41:50,8:41:50,31310.0,31310.0
22843549,200417045,14,0,0,,8:43:20,8:43:20,31400.0,31400.0
22843549,200417066,15,0,0,,8:44:40,8:44:40,31480.0,31480.0
22843549,200417052,16,0,0,,8:46:10,8:46:10,31570.0,31570.0
22843548,200404031,0,0,0,,8:24:50,8:24:50,30290.0,30290.0
22843548,200404009,1,0,0,,8:26:30,8:26:30,30390.0,30390.0
22843548,200405059,2,0,0,,8:29:10,8:29:10,30550.0,30550.0
22843548,200405058,3,0,0,,8:31:10,8:31:10,30670.0,30670.0
22843548,200405051,4,0,0,,8:32:40,8:32:40,30760.0,30760.0
22843548,200405057,5,0,0,,8:34:40,8:34:40,30880.0,30880.0
22843548,200405061,6,0,0,,8:37:30,8:37:30,31050.0,31050.0
22843548,200419039,7,0,0,,8:39:10,8:39:10,31150.0,31150.0
22843548,200419041,8,0,0,,8:41:00,8:41:00,31260.0,31260.0
22843548,200417058,9,0,0,,8:43:30,8:43:30,31410.0,31410.0
22843548,200417031,10,0,0,,8:44:50,8:44:50,31490.0,31490.0
22843548,200417029,11,0,0,,8:46:10,8:46:10,31570.0,31570.0
22843548,200417014,12,0,0,,8:47:30,8:47:30,31650.0,31650.0
22843548,200417046,13,0,0,,8:48:50,8:48:50,31730.0,31730.0
22843548,200417045,14,0,0,,8:50:20,8:50:20,31820.0,31820.0
22843548,200417066,15,0,0,,8:51:40,8:51:40,31900.0,31900.0
22843548,200417052,16,0,0,,8:53:10,8:53:10,31990.0,31990.0
22843547,200404031,0,0,0,,8:31:50,8:31:50,30710.0,30710.0
22843547,200404009,1,0,0,,8:33:30,8:33:30,30810.0,30810.0
22843547,200405059,2,0,0,,8:36:10,8:36:10,30970.0,30970.0
22843547,200405058,3,0,0,,8:38:10,8:38:10,31090.0,31090.0
22843547,200405051,4,0,0,,8:39:40,8:39:40,31180.0,31180.0
22843547,200405057,5,0,0,,8:41:40,8:41:40,31300.0,31300.0
22843547,200405061,6,0,0,,8:44:30,8:44:30,31470.0,31470.0
22843547,200419039,7,0,0,,8:46:10,8:46:10,31570.0,31570.0
22843547,200419041,8,0,0,,8:48:00,8:48:00,31680.0,31680.0
22843547,200417058,9,0,0,,8:50:30,8:50:30,31830.0,31830.0
22843547,200417031,10,0,0,,8:51:50,8:51:50,31910.0,31910.0
22843547,200417029,11,0,0,,8:53:10,8:53:10,31990.0,31990.0
22843547,200417014,12,0,0,,8:54:30,8:54:30,32070.0,32070.0
22843547,200417046,13,0,0,,8:55:50,8:55:50,32150.0,32150.0
22843547,200417045,14,0,0,,8:57:20,8:57:20,32240.0,32240.0
22843547,200417066,15,0,0,,8:58:40,8:58:40,32320.0,32320.0
22843546,200404031,0,0,0,,8:38:50,8:38:50,31130.0,31130.0
22843546,200404009,1,0,0,,8:40:30,8:40:30,31230.0,31230.0
22843546,200405059,2,0,0,,8:43:10,8:43:10,31390.0,31390.0
22843546,200405058,3,0,0,,8:45:10,8:45:10,31510.0,31510.0
22843546,200405051,4,0,0,,8:46:40,8:46:40,31600.0,31600.0
22843546,200405057,5,0,0,,8:48:40,8:48:40,31720.0,31720.0
22843546,200405061,6,0,0,,8:51:30,8:51:30,31890.0,31890.0
22843546,200419039,7,0,0,,8:53:10,8:53:10,31990.0,31990.0
22843546,200419041,8,0,0,,8:55:00,8:55:00,32100.0,32100.0
22843546,200417058,9,0,0,,8:57:30,8:57:30,32250.0,32250.0
22843546,200417031,10,0,0,,8:58:50,8:58:50,32330.0,32330.0
22843545,200404031,0,0,0,,8:45:50,8:45:50,31550.0,31550.0
22843545,200404009,1,0,0,,8:47:30,8:47:30,31650.0,31650.0
22843545,200405059,2,0,0,,8:50:10,8:50:10,31810.0,31810.0
22843545,200405058,3,0,0,,8:52:10,8:52:10,31930.0,31930.0
22843545,200405051,4,0,0,,8:53:40,8:53:40,32020.0,32020.0
22843545,200405057,5,0,0,,8:55:40,8:55:40,32140.0,32140.0
22843545,200405061,6,0,0,,8:58:30,8:58:30,32310.0,32310.0
22843544,200404031,0,0,0,,8:52:50,8:52:50,31970.0,31970.0
22843544,200404009,1,0,0,,8:54:30,8:54:30,32070.0,32070.0
22843544,200405059,2,0,0,,8:57:10,8:57:10,32230.0,32230.0
22843544,200405058,3,0,0,,8:59:10,8:59:10,32350.0,32350.0
22843543,200404031,0,0,0,,8:59:50,8:59:50,32390.0,32390.0
